{
    "niter": 7620,
    "logz": -97.54032642192888,
    "logzerr": 0.3300351940499714,
    "logz_bs": -97.54946408390133,
    "logz_single": -97.54032642192888,
    "logzerr_tail": 0.009951242130000537,
    "logzerr_bs": 0.32988513469338443,
    "ess": 1600.0106515057112,
    "H": 17.796098035703764,
    "Herr": 0.18340551897409688,
    "posterior": {
        "mean": [
            -4.514710869728433,
            -4.411745146743217,
            -4.518457773642388,
            0.6887181088994718,
            19.853484452137373
        ],
        "stdev": [
            0.02731520700371878,
            0.024968005126753824,
            0.025748774158963088,
            0.055500780881145725,
            0.4785381670360211
        ],
        "median": [
            -4.513720915352574,
            -4.412176956650125,
            -4.518697379291787,
            0.6865769543865411,
            19.869950694898538
        ],
        "errlo": [
            -4.5423508828665815,
            -4.435499102723419,
            -4.542856029702751,
            0.6337642812523248,
            19.286155970289116
        ],
        "errup": [
            -4.487465547701978,
            -4.386635517385331,
            -4.492536909033168,
            0.7429616622211188,
            20.399984287844717
        ],
        "information_gain_bits": [
            4.079094341978334,
            3.8153579830476487,
            4.140321660505565,
            2.5294041404580963,
            1.3404753902720579
        ]
    },
    "maximum_likelihood": {
        "logl": -77.58441573140631,
        "point": [
            -4.517336885982695,
            -4.41391277647091,
            -4.518723788555873,
            0.6833937919212416,
            20.12540632155275
        ],
        "point_untransformed": [
            0.34826631140173053,
            0.358608722352909,
            0.34812762114441276,
            0.6795766613014478,
            0.16077233165039245
        ]
    },
    "ncall": 56605,
    "paramnames": [
        "src1.lognorm",
        "src2.lognorm",
        "src3.lognorm",
        "src1.logkT",
        "src1.lognH"
    ],
    "logzerr_single": 0.21092710847413476,
    "insertion_order_MWW_test": {
        "independent_iterations": Infinity,
        "converged": true
    }
}