{
    "niter": 2566,
    "logz": -20.527364199405334,
    "logzerr": 0.1640033116343606,
    "logz_bs": -20.570328910213927,
    "logz_single": -20.527364199405334,
    "logzerr_tail": 0.04001120194289953,
    "logzerr_bs": 0.15904775995317166,
    "ess": 777.1071782095563,
    "H": 8.394538624827344,
    "Herr": 0.1159135233894083,
    "posterior": {
        "mean": [
            -1.6259109173742003,
            -0.2732191919952628,
            19.933439186713606
        ],
        "stdev": [
            0.13407168520579052,
            0.036613249209511506,
            0.589335512573404
        ],
        "median": [
            -1.6273203854972715,
            -0.2728812655281714,
            19.872215694902046
        ],
        "errlo": [
            -1.7585472075574966,
            -0.31133967004153734,
            19.274711774556007
        ],
        "errup": [
            -1.4866657921451019,
            -0.2366915365160338,
            20.59976078924206
        ],
        "information_gain_bits": [
            3.2102985808804574,
            3.531186906433219,
            0.5546755434733508
        ]
    },
    "maximum_likelihood": {
        "logl": -10.857867523089553,
        "point": [
            -1.634143909631959,
            -0.27206253905195954,
            19.014940475525865
        ],
        "point_untransformed": [
            0.6365856090368041,
            0.6819843652370101,
            0.0021343536465520396
        ]
    },
    "ncall": 6094,
    "paramnames": [
        "src1.lognorm",
        "src1.logkT",
        "src1.lognH"
    ],
    "logzerr_single": 0.144866650965874,
    "insertion_order_MWW_test": {
        "independent_iterations": Infinity,
        "converged": true
    }
}