{
    "niter": 3612,
    "logz": -29.019852178176066,
    "logzerr": 0.4915776430490872,
    "logz_bs": -29.01559174148088,
    "logz_single": -29.019852178176066,
    "logzerr_tail": 0.009927953833670955,
    "logzerr_bs": 0.4914773798237029,
    "ess": 972.8732965488939,
    "H": 11.44104810316163,
    "Herr": 0.1674328140106109,
    "posterior": {
        "mean": [
            -3.1240764819688382,
            -3.066949463422476,
            0.5237142408702472,
            23.022852967733122
        ],
        "stdev": [
            0.5132521442757828,
            0.5085259604062727,
            0.22185756467877354,
            0.1997612279422202
        ],
        "median": [
            -3.1545419750785917,
            -3.0890777461822028,
            0.49743530525372925,
            23.027390859547243
        ],
        "errlo": [
            -3.6944813326258776,
            -3.620490631042575,
            0.28771600041755846,
            22.837398357275365
        ],
        "errup": [
            -2.57958152170926,
            -2.5358224517422614,
            0.7875617291371064,
            23.22038626597243
        ],
        "information_gain_bits": [
            1.273991067537081,
            1.3330622592221537,
            1.6325308777563896,
            2.108713336751651
        ]
    },
    "maximum_likelihood": {
        "logl": -15.506088365521522,
        "point": [
            -2.8548382946629145,
            -2.798131965552404,
            0.38242582880478526,
            23.118507294975373
        ],
        "point_untransformed": [
            0.5145161705337086,
            0.5201868034447596,
            0.8456064572011963,
            0.5883581849964817
        ]
    },
    "ncall": 41319,
    "paramnames": [
        "src1.lognorm",
        "src2.lognorm",
        "src1.logkT",
        "src1.lognH"
    ],
    "logzerr_single": 0.16912309203034362,
    "insertion_order_MWW_test": {
        "independent_iterations": Infinity,
        "converged": true
    }
}