{
    "niter": 5792,
    "logz": -33.47838463272948,
    "logzerr": 0.2754399781431245,
    "logz_bs": -33.465396953983365,
    "logz_single": -33.47838463272948,
    "logzerr_tail": 0.022429830904592052,
    "logzerr_bs": 0.2745251978326877,
    "ess": 1653.5160351204797,
    "H": 10.421408526235272,
    "Herr": 0.11321829290974945,
    "posterior": {
        "mean": [
            -4.474098282018453,
            1.9218478692888115,
            22.595944902033274
        ],
        "stdev": [
            0.22191897464145532,
            0.3377554223832766,
            0.09126692241495776
        ],
        "median": [
            -4.478209847143667,
            1.9174013365117721,
            22.60037869865558
        ],
        "errlo": [
            -4.694129786247041,
            1.5861447431429534,
            22.502651552777063
        ],
        "errup": [
            -4.258276968003022,
            2.2515789929183736,
            22.6857909466771
        ],
        "information_gain_bits": [
            2.6534987821839997,
            2.37240518579038,
            3.2172888133829263
        ]
    },
    "maximum_likelihood": {
        "logl": -21.50538833759375,
        "point": [
            -4.460298114412906,
            1.9418581397859915,
            22.607455698383028
        ],
        "point_untransformed": [
            0.35397018855870943,
            0.38014293382969166,
            0.5153508140547182
        ]
    },
    "ncall": 16594,
    "paramnames": [
        "src1.lognorm",
        "pl1.PhoIndex",
        "src1.lognH"
    ],
    "logzerr_single": 0.16141103219912875,
    "insertion_order_MWW_test": {
        "independent_iterations": Infinity,
        "converged": true
    }
}