{
    "niter": 6151,
    "logz": -28.995796766653157,
    "logzerr": 0.30388077330583335,
    "logz_bs": -28.990992684997778,
    "logz_single": -28.995796766653157,
    "logzerr_tail": 0.009947443096258723,
    "logzerr_bs": 0.30371791643035806,
    "ess": 1765.5207543085955,
    "H": 11.36665792295981,
    "Herr": 0.13239196954852597,
    "posterior": {
        "mean": [
            -4.72278675017034,
            -4.664195519711302,
            0.751874407308215,
            23.176254197593682
        ],
        "stdev": [
            0.8416760909283515,
            0.8376086535544668,
            1.035797509677469,
            0.35680572362914253
        ],
        "median": [
            -4.778652608045849,
            -4.722342191383651,
            0.6642950969066348,
            23.22569848320785
        ],
        "errlo": [
            -5.525611232402419,
            -5.461789803354634,
            -0.2305241673811924,
            22.958328981387005
        ],
        "errup": [
            -3.9365441405928703,
            -3.8808143769670265,
            1.7087788071604049,
            23.437984146399607
        ],
        "information_gain_bits": [
            -1.0483454587696235,
            -1.0205270501058104,
            -0.8220171831289653,
            -0.044609825237220124
        ]
    },
    "maximum_likelihood": {
        "logl": -15.525498589257246,
        "point": [
            -4.7130692154061595,
            -4.660544824700095,
            0.7531017755315328,
            23.254385031136156
        ],
        "point_untransformed": [
            0.328693078459384,
            0.3339455175299906,
            0.2887001365793487,
            0.607769290162308
        ]
    },
    "ncall": 54795,
    "paramnames": [
        "src1.lognorm",
        "src2.lognorm",
        "pl1.PhoIndex",
        "src1.lognH"
    ],
    "logzerr_single": 0.16857237261010335,
    "insertion_order_MWW_test": {
        "independent_iterations": Infinity,
        "converged": true
    }
}