{
    "niter": 2709,
    "logz": -24.397762975759367,
    "logzerr": 0.2600390617572496,
    "logz_bs": -24.397172190289208,
    "logz_single": -24.397762975759367,
    "logzerr_tail": 0.0446476104925182,
    "logzerr_bs": 0.2561774863583821,
    "ess": 826.1489905612547,
    "H": 8.296402792792893,
    "Herr": 0.11232813602538527,
    "posterior": {
        "mean": [
            -1.692635839104849,
            -0.2901238811761236,
            20.00253303782481
        ],
        "stdev": [
            0.16440057665375496,
            0.044589271249767824,
            0.6288480179996787
        ],
        "median": [
            -1.6975939807463654,
            -0.28947195721653873,
            19.942006942344847
        ],
        "errlo": [
            -1.858166970345243,
            -0.3361114931402023,
            19.300200868875464
        ],
        "errup": [
            -1.5356410147910968,
            -0.24560970782888347,
            20.70433345467002
        ],
        "information_gain_bits": [
            2.9444368393229436,
            3.3763159525996014,
            0.36652101771229223
        ]
    },
    "maximum_likelihood": {
        "logl": -14.844955489951207,
        "point": [
            -1.7338521680651606,
            -0.28134883744797534,
            19.048704058388278
        ],
        "point_untransformed": [
            0.626614783193484,
            0.6796627906380062,
            0.006957722626897034
        ]
    },
    "ncall": 7052,
    "paramnames": [
        "src1.lognorm",
        "src1.logkT",
        "src1.lognH"
    ],
    "logzerr_single": 0.14401738430475064,
    "insertion_order_MWW_test": {
        "independent_iterations": Infinity,
        "converged": true
    }
}