{
    "niter": 2672,
    "logz": -11.535571856767671,
    "logzerr": 0.2523526410649795,
    "logz_bs": -11.507181494082886,
    "logz_single": -11.535571856767671,
    "logzerr_tail": 0.01383234780241338,
    "logzerr_bs": 0.25197325573707907,
    "ess": 1043.4086301820262,
    "H": 7.340493437054179,
    "Herr": 0.11973258170059857,
    "posterior": {
        "mean": [
            -2.9248736813471523,
            0.1073798225054264,
            22.35963537811092
        ],
        "stdev": [
            0.5904103412405448,
            0.15962471164635553,
            0.6968973253851556
        ],
        "median": [
            -2.9373067623567106,
            0.08381175460834323,
            22.55834500475182
        ],
        "errlo": [
            -3.5281776935040696,
            -0.03329621391936044,
            22.052306735995835
        ],
        "errup": [
            -2.374537660639838,
            0.2629343815219456,
            22.794585571515324
        ],
        "information_gain_bits": [
            0.12852528359676854,
            1.2840022465174605,
            -1.2040568724221408
        ]
    },
    "maximum_likelihood": {
        "logl": -2.1297997269349587,
        "point": [
            -2.6579373582237498,
            0.02467143723342824,
            22.67542523820046
        ],
        "point_untransformed": [
            0.5342062641776251,
            0.7561678593083571,
            0.5250607483143513
        ]
    },
    "ncall": 10272,
    "paramnames": [
        "src1.lognorm",
        "src1.logkT",
        "src1.lognH"
    ],
    "logzerr_single": 0.13546672503842208,
    "insertion_order_MWW_test": {
        "independent_iterations": Infinity,
        "converged": true
    }
}