{
    "niter": 4550,
    "logz": -16.360194952264013,
    "logzerr": 0.2932749238820866,
    "logz_bs": -16.363381691053863,
    "logz_single": -16.360194952264013,
    "logzerr_tail": 0.03922766135672617,
    "logzerr_bs": 0.2906395904940098,
    "ess": 1421.8584803853787,
    "H": 8.014599048475903,
    "Herr": 0.12581930606099165,
    "posterior": {
        "mean": [
            -5.244292132637155,
            2.2825147476134395,
            19.93274524579795
        ],
        "stdev": [
            0.06025554890840495,
            0.2235440394699474,
            0.5886738380588218
        ],
        "median": [
            -5.246790781809846,
            2.276242691145357,
            19.883415132577966
        ],
        "errlo": [
            -5.3029956812461085,
            2.0512358470481313,
            19.271965051704612
        ],
        "errup": [
            -5.188496413921678,
            2.514770050722402,
            20.60863188781242
        ],
        "information_gain_bits": [
            3.668116830582837,
            2.851513040540636,
            0.6249238468552484
        ]
    },
    "maximum_likelihood": {
        "logl": -7.102635045202931,
        "point": [
            -5.256025489655172,
            2.216455466297914,
            19.068815030992738
        ],
        "point_untransformed": [
            0.2743974510344828,
            0.40126580509983956,
            0.009830718713248157
        ]
    },
    "ncall": 10356,
    "paramnames": [
        "src1.lognorm",
        "pl1.PhoIndex",
        "src1.lognH"
    ],
    "logzerr_single": 0.14155033599815212,
    "insertion_order_MWW_test": {
        "independent_iterations": Infinity,
        "converged": true
    }
}