{
    "niter": 5119,
    "logz": -24.828854335845797,
    "logzerr": 0.18388980523640033,
    "logz_bs": -24.82622433613568,
    "logz_single": -24.828854335845797,
    "logzerr_tail": 0.01607767860958731,
    "logzerr_bs": 0.18318561275495426,
    "ess": 1656.8505272752718,
    "H": 8.339626874723265,
    "Herr": 0.09973021195955013,
    "posterior": {
        "mean": [
            -4.170867093062038,
            0.7553048367543808,
            21.996913003610885
        ],
        "stdev": [
            0.08960166527004337,
            0.2448524036679177,
            0.14010658033764148
        ],
        "median": [
            -4.181243570076424,
            0.7161680368195693,
            22.007283800561012
        ],
        "errlo": [
            -4.256016777629225,
            0.5139290678941097,
            21.853999660999907
        ],
        "errup": [
            -4.07828985099269,
            1.013726304548511,
            22.135412072999447
        ],
        "information_gain_bits": [
            3.5491451527578355,
            -0.6576316872714422,
            2.7771375766732653
        ]
    },
    "maximum_likelihood": {
        "logl": -14.825018543089096,
        "point": [
            -4.1321670590466955,
            0.6013903931749958,
            22.07361323048396
        ],
        "point_untransformed": [
            0.38678329409533047,
            0.6464723477398874,
            0.4390876043548516
        ]
    },
    "ncall": 15448,
    "paramnames": [
        "src1.lognorm",
        "src1.logkT",
        "src1.lognH"
    ],
    "logzerr_single": 0.14439206067789243,
    "insertion_order_MWW_test": {
        "independent_iterations": Infinity,
        "converged": true
    }
}