{
    "niter": 4129,
    "logz": -11.604782846839177,
    "logzerr": 0.19737104097630429,
    "logz_bs": -11.61962165898192,
    "logz_single": -11.604782846839177,
    "logzerr_tail": 0.04955438892465658,
    "logzerr_bs": 0.19104892136406804,
    "ess": 1434.1035054990612,
    "H": 7.047433365501272,
    "Herr": 0.0989427706876165,
    "posterior": {
        "mean": [
            -3.9306705147438366,
            0.9069628103258521,
            22.955524327533542
        ],
        "stdev": [
            0.2805197789393084,
            0.36160717409914317,
            0.14880194189551219
        ],
        "median": [
            -4.015218196826369,
            0.9424884187063602,
            22.943617081073004
        ],
        "errlo": [
            -4.134654746955483,
            0.5105019569040624,
            22.81472891723263
        ],
        "errup": [
            -3.727881683463238,
            1.3169513759612588,
            23.09506270503911
        ],
        "information_gain_bits": [
            1.9643476548939036,
            -1.954297556060387,
            2.6089614853009246
        ]
    },
    "maximum_likelihood": {
        "logl": -3.3718720555430908,
        "point": [
            -4.084430460918498,
            1.2074686972145963,
            22.88802157848837
        ],
        "point_untransformed": [
            0.39155695390815015,
            0.8911427702655665,
            0.5554316540697669
        ]
    },
    "ncall": 17536,
    "paramnames": [
        "src1.lognorm",
        "src1.logkT",
        "src1.lognH"
    ],
    "logzerr_single": 0.1327350120117265,
    "insertion_order_MWW_test": {
        "independent_iterations": Infinity,
        "converged": true
    }
}