{
    "niter": 3660,
    "logz": -104.38710499266244,
    "logzerr": 0.4959214171738273,
    "logz_bs": -104.39996056672115,
    "logz_single": -104.38710499266244,
    "logzerr_tail": 0.009918306366373031,
    "logzerr_bs": 0.4958222254099951,
    "ess": 816.8771037401375,
    "H": 14.465018515300699,
    "Herr": 0.24948047243555257,
    "posterior": {
        "mean": [
            -2.0053411472664324,
            -1.3871524373185475,
            -0.20045380848012018,
            19.51873414528444
        ],
        "stdev": [
            0.08274824569478212,
            0.06676495489385702,
            0.019794389640740036,
            0.36771613508801193
        ],
        "median": [
            -2.007708165350566,
            -1.3890853536220393,
            -0.2007090560761018,
            19.447491665254205
        ],
        "errlo": [
            -2.0856350258434677,
            -1.4522199689915496,
            -0.22012422334603698,
            19.134651315631608
        ],
        "errup": [
            -1.9204440158649625,
            -1.3187269802024568,
            -0.18013918816673113,
            19.944023256880982
        ],
        "information_gain_bits": [
            3.589701478427581,
            3.698299140761585,
            3.791799234711929,
            1.7122601378796318
        ]
    },
    "maximum_likelihood": {
        "logl": -87.98902101547027,
        "point": [
            -2.007296688331362,
            -1.3926832631655905,
            -0.19864230339774913,
            19.073175549280705
        ],
        "point_untransformed": [
            0.5992703311668638,
            0.660731673683441,
            0.7003394241505627,
            0.01045364989724365
        ]
    },
    "ncall": 13327,
    "paramnames": [
        "src1.lognorm",
        "src2.lognorm",
        "src1.logkT",
        "src1.lognH"
    ],
    "logzerr_single": 0.19016452426320674,
    "insertion_order_MWW_test": {
        "independent_iterations": Infinity,
        "converged": true
    }
}