{
    "niter": 3304,
    "logz": -43.74775277768417,
    "logzerr": 0.33732295282127783,
    "logz_bs": -43.69490193875437,
    "logz_single": -43.74775277768417,
    "logzerr_tail": 0.027549403266114325,
    "logzerr_bs": 0.3361960809999829,
    "ess": 883.6557489568016,
    "H": 11.59429284511284,
    "Herr": 0.12373063717197964,
    "posterior": {
        "mean": [
            -1.6416199482187215,
            -0.13141621927327538,
            21.643716666586506
        ],
        "stdev": [
            0.10347624547240719,
            0.02313064859589771,
            0.19679538660687892
        ],
        "median": [
            -1.636068366942025,
            -0.13195132507977725,
            21.677009723878562
        ],
        "errlo": [
            -1.745850398029388,
            -0.154635726671982,
            21.512472915775348
        ],
        "errup": [
            -1.5463310548070082,
            -0.10867799416947088,
            21.79283933878696
        ],
        "information_gain_bits": [
            3.425223253921222,
            3.7987425147904745,
            1.5340344586447023
        ]
    },
    "maximum_likelihood": {
        "logl": -30.579443238226325,
        "point": [
            -1.6247551378731169,
            -0.13452168005664644,
            21.698654648418323
        ],
        "point_untransformed": [
            0.6375244862126883,
            0.7163695799858384,
            0.38552209263118886
        ]
    },
    "ncall": 8928,
    "paramnames": [
        "src1.lognorm",
        "src1.logkT",
        "src1.lognH"
    ],
    "logzerr_single": 0.17025196654600527,
    "insertion_order_MWW_test": {
        "independent_iterations": Infinity,
        "converged": true
    }
}