{
    "niter": 2670,
    "logz": -23.81356866182396,
    "logzerr": 0.3580700667535951,
    "logz_bs": -23.765380753382598,
    "logz_single": -23.81356866182396,
    "logzerr_tail": 0.04427423060844049,
    "logzerr_bs": 0.35532233986755557,
    "ess": 811.6206601966553,
    "H": 8.322067326226525,
    "Herr": 0.14415739507523584,
    "posterior": {
        "mean": [
            -0.21262372261788268,
            -0.39597237847711947,
            19.887474287162565
        ],
        "stdev": [
            0.18650510060862174,
            0.04918601360908421,
            0.5682397588303758
        ],
        "median": [
            -0.21834221056561365,
            -0.3953047927091986,
            19.831586190229658
        ],
        "errlo": [
            -0.4023890066651443,
            -0.4476611825901677,
            19.26673213947163
        ],
        "errup": [
            -0.0167446290685227,
            -0.3432389623071046,
            20.553746065666072
        ],
        "information_gain_bits": [
            2.80136308194304,
            3.3024391788895335,
            0.6230992115192887
        ]
    },
    "maximum_likelihood": {
        "logl": -14.26961310730108,
        "point": [
            -0.23408387321072155,
            -0.3943502014213953,
            19.08873010725225
        ],
        "point_untransformed": [
            0.7765916126789278,
            0.6514124496446512,
            0.01267572960746427
        ]
    },
    "ncall": 5678,
    "paramnames": [
        "src1.lognorm",
        "src1.logkT",
        "src1.lognH"
    ],
    "logzerr_single": 0.14423996781601942,
    "insertion_order_MWW_test": {
        "independent_iterations": Infinity,
        "converged": true
    }
}