{
    "niter": 2904,
    "logz": -43.03949935593423,
    "logzerr": 0.26973253161814753,
    "logz_bs": -43.1100222509549,
    "logz_single": -43.03949935593423,
    "logzerr_tail": 0.03135718779178376,
    "logzerr_bs": 0.2679036494468221,
    "ess": 831.1795771658924,
    "H": 8.780228699433295,
    "Herr": 0.16190685398582644,
    "posterior": {
        "mean": [
            -2.173840701978576,
            -0.13330595860562444,
            19.78066013321732
        ],
        "stdev": [
            0.09751158684332457,
            0.029688434092953492,
            0.4993167265485092
        ],
        "median": [
            -2.175383817616453,
            -0.13312784383178333,
            19.73527902414928
        ],
        "errlo": [
            -2.2690438325102025,
            -0.1632195629354931,
            19.20865721076243
        ],
        "errup": [
            -2.073841149395027,
            -0.10313544101360501,
            20.35079996004158
        ],
        "information_gain_bits": [
            3.475490961354042,
            3.6034161642743645,
            0.9674843473054142
        ]
    },
    "maximum_likelihood": {
        "logl": -33.00287376895329,
        "point": [
            -2.1769248673677186,
            -0.13323502321024572,
            19.018259634307736
        ],
        "point_untransformed": [
            0.5823075132632282,
            0.7166912441974386,
            0.0026085191868194385
        ]
    },
    "ncall": 6942,
    "paramnames": [
        "src1.lognorm",
        "src1.logkT",
        "src1.lognH"
    ],
    "logzerr_single": 0.14815725344573324,
    "insertion_order_MWW_test": {
        "independent_iterations": Infinity,
        "converged": true
    }
}