{
    "niter": 4364,
    "logz": -23.533559022889648,
    "logzerr": 0.21766464906326724,
    "logz_bs": -23.504140759808433,
    "logz_single": -23.533559022889648,
    "logzerr_tail": 0.010409616701043234,
    "logzerr_bs": 0.21741559128078336,
    "ess": 1343.6910465945004,
    "H": 6.024513481144091,
    "Herr": 0.0878800117472225,
    "posterior": {
        "mean": [
            -4.670612643195652,
            0.8919314158785098,
            20.384105506050005
        ],
        "stdev": [
            0.05977582360227249,
            0.25528570070945195,
            0.7257419893450087
        ],
        "median": [
            -4.672232206880824,
            0.8557635200993607,
            20.457784926729264
        ],
        "errlo": [
            -4.7318617854768,
            0.6355172572516798,
            19.516464772583774
        ],
        "errup": [
            -4.612326982295264,
            1.1863394731374206,
            21.18037792130458
        ],
        "information_gain_bits": [
            3.6985701541947633,
            -0.48486414583399234,
            -0.012264981011687714
        ]
    },
    "maximum_likelihood": {
        "logl": -16.103958202101914,
        "point": [
            -4.63596559845299,
            0.6633775619551774,
            21.209339376129087
        ],
        "point_untransformed": [
            0.33640344015470103,
            0.6714962211825286,
            0.3156199108755838
        ]
    },
    "ncall": 11734,
    "paramnames": [
        "src1.lognorm",
        "src1.logkT",
        "src1.lognH"
    ],
    "logzerr_single": 0.12272442178662007,
    "insertion_order_MWW_test": {
        "independent_iterations": Infinity,
        "converged": true
    }
}