{
    "niter": 4897,
    "logz": -13.02841381871823,
    "logzerr": 0.2445297687417728,
    "logz_bs": -12.990060078109728,
    "logz_single": -13.02841381871823,
    "logzerr_tail": 0.020334400096484018,
    "logzerr_bs": 0.24368282658739204,
    "ess": 1806.4190767737211,
    "H": 7.571987923175332,
    "Herr": 0.08689261001058962,
    "posterior": {
        "mean": [
            -5.296466821761589,
            1.9166247823778446,
            21.678033519143934
        ],
        "stdev": [
            0.32384410769033134,
            0.6710746153316971,
            0.6346801438156292
        ],
        "median": [
            -5.318144640638421,
            1.8604938051032684,
            21.854295231033696
        ],
        "errlo": [
            -5.6300675905771405,
            1.229522198652246,
            21.334288908113507
        ],
        "errup": [
            -4.977375796554085,
            2.5942962051924052,
            22.1258178969929
        ],
        "information_gain_bits": [
            2.0660143962117954,
            0.9205179461811278,
            -0.37604493836432895
        ]
    },
    "maximum_likelihood": {
        "logl": -3.6905624266029196,
        "point": [
            -5.228348085162787,
            2.01669245884613,
            21.9399264936981
        ],
        "point_untransformed": [
            0.2771651914837213,
            0.38589941991124077,
            0.41998949909972827
        ]
    },
    "ncall": 15705,
    "paramnames": [
        "src1.lognorm",
        "pl1.PhoIndex",
        "src1.lognH"
    ],
    "logzerr_single": 0.13758622681045632,
    "insertion_order_MWW_test": {
        "independent_iterations": Infinity,
        "converged": true
    }
}