{
    "niter": 3169,
    "logz": -26.645569011715338,
    "logzerr": 0.5410718965675501,
    "logz_bs": -26.693109784985204,
    "logz_single": -26.645569011715338,
    "logzerr_tail": 0.016611263103637697,
    "logzerr_bs": 0.54081684810415,
    "ess": 1057.9717876407276,
    "H": 9.060048147509153,
    "Herr": 0.20378806556001372,
    "posterior": {
        "mean": [
            -2.4245790244722687,
            0.050937680206850175,
            21.908988981963727
        ],
        "stdev": [
            0.2564766496525932,
            0.06754660603802186,
            0.5367251121892281
        ],
        "median": [
            -2.432152928951785,
            0.04683645789575275,
            22.047734859799284
        ],
        "errlo": [
            -2.6837446832131757,
            -0.01756664178441758,
            21.666495400481818
        ],
        "errup": [
            -2.15380638732413,
            0.11925610255193586,
            22.26311752029246
        ],
        "information_gain_bits": [
            2.527559212200778,
            3.050476843570413,
            -0.0990455373095247
        ]
    },
    "maximum_likelihood": {
        "logl": -15.668317342174834,
        "point": [
            -2.319336469663967,
            0.022058427574679573,
            22.140824968804875
        ],
        "point_untransformed": [
            0.5680663530336033,
            0.7555146068936699,
            0.44868928125783947
        ]
    },
    "ncall": 9362,
    "paramnames": [
        "src1.lognorm",
        "src1.logkT",
        "src1.lognH"
    ],
    "logzerr_single": 0.15049956933085518,
    "insertion_order_MWW_test": {
        "independent_iterations": Infinity,
        "converged": true
    }
}