{
    "niter": 4651,
    "logz": -117.38622970934951,
    "logzerr": 0.3437691894152707,
    "logz_bs": -117.30984862070224,
    "logz_single": -117.38622970934951,
    "logzerr_tail": 0.009910272601103998,
    "logzerr_bs": 0.34362631169368285,
    "ess": 1035.0067407305692,
    "H": 16.631109642419915,
    "Herr": 0.14682587334417005,
    "posterior": {
        "mean": [
            -1.3127488447936069,
            -1.6403210862950008,
            0.06479033350101976,
            21.956045039685854
        ],
        "stdev": [
            0.0727539241104777,
            0.07316056472329442,
            0.019564714805587677,
            0.0789420257076091
        ],
        "median": [
            -1.3108964411950055,
            -1.6407210480134742,
            0.06414472287518214,
            21.96171206504023
        ],
        "errlo": [
            -1.384871236885,
            -1.7156595754025448,
            0.045456707817401784,
            21.88046517341362
        ],
        "errup": [
            -1.2422483377515519,
            -1.569925295721486,
            0.08379662106830388,
            22.031709470572046
        ],
        "information_gain_bits": [
            3.6687403917832486,
            3.626149329899405,
            3.822882802755651,
            3.367242131438797
        ]
    },
    "maximum_likelihood": {
        "logl": -98.69687673116134,
        "point": [
            -1.3073530528323456,
            -1.6355492454398615,
            0.06373044945576734,
            21.97180502077378
        ],
        "point_untransformed": [
            0.6692646947167654,
            0.6364450754560138,
            0.7659326123639418,
            0.4245435743962543
        ]
    },
    "ncall": 20862,
    "paramnames": [
        "src1.lognorm",
        "src2.lognorm",
        "src1.logkT",
        "src1.lognH"
    ],
    "logzerr_single": 0.20390628755889256,
    "insertion_order_MWW_test": {
        "independent_iterations": Infinity,
        "converged": true
    }
}