{
    "niter": 6482,
    "logz": -93.17234510515951,
    "logzerr": 0.25609442638088437,
    "logz_bs": -93.12937062591314,
    "logz_single": -93.17234510515951,
    "logzerr_tail": 0.024030307665682926,
    "logzerr_bs": 0.2549645064255941,
    "ess": 1528.0604587838413,
    "H": 12.867102511183191,
    "Herr": 0.13278293974499053,
    "posterior": {
        "mean": [
            -3.817744078865794,
            2.452865309151757,
            22.452198379946093
        ],
        "stdev": [
            0.07856426984373038,
            0.13320497631125888,
            0.03262970082726891
        ],
        "median": [
            -3.8166277057341222,
            2.45244186477686,
            22.45297626218157
        ],
        "errlo": [
            -3.896461509334618,
            2.3175633902956827,
            22.420725101331517
        ],
        "errup": [
            -3.7411559327630144,
            2.5833260098822866,
            22.48457865530099
        ],
        "information_gain_bits": [
            3.6025178725874185,
            3.429564437976801,
            3.846612000727783
        ]
    },
    "maximum_likelihood": {
        "logl": -78.89759740583467,
        "point": [
            -3.818261717560783,
            2.451044730061528,
            22.453227457071275
        ],
        "point_untransformed": [
            0.4181738282439217,
            0.419311133081656,
            0.4933182081530395
        ]
    },
    "ncall": 16728,
    "paramnames": [
        "src1.lognorm",
        "pl1.PhoIndex",
        "src1.lognH"
    ],
    "logzerr_single": 0.17935371832766103,
    "insertion_order_MWW_test": {
        "independent_iterations": Infinity,
        "converged": true
    }
}