{
    "niter": 6101,
    "logz": -323.11421894393044,
    "logzerr": 0.2546994815303578,
    "logz_bs": -323.1548487706096,
    "logz_single": -323.11421894393044,
    "logzerr_tail": 0.021579678754790166,
    "logzerr_bs": 0.2537836546286485,
    "ess": 1589.5559822736407,
    "H": 11.573580079077885,
    "Herr": 0.14859695228777414,
    "posterior": {
        "mean": [
            -4.398390512930504,
            0.49418063928094075,
            21.083043926465123
        ],
        "stdev": [
            0.016473710165989613,
            0.03362695092459257,
            0.0697728649142027
        ],
        "median": [
            -4.3979059578105115,
            0.49405813528476505,
            21.086977418654158
        ],
        "errlo": [
            -4.415398704489647,
            0.45909766391514073,
            21.014769805901583
        ],
        "errup": [
            -4.381742865351914,
            0.5279082425108899,
            21.15397996099498
        ],
        "information_gain_bits": [
            3.8264803161810073,
            3.2145430116229825,
            3.4366306668549362
        ]
    },
    "maximum_likelihood": {
        "logl": -310.03197135629836,
        "point": [
            -4.3969609069717315,
            0.49149022794119324,
            21.095471842397966
        ],
        "point_untransformed": [
            0.36030390930282685,
            0.6021062655287684,
            0.2993531203425665
        ]
    },
    "ncall": 13180,
    "paramnames": [
        "src1.lognorm",
        "src1.logkT",
        "src1.lognH"
    ],
    "logzerr_single": 0.17009982421417935,
    "insertion_order_MWW_test": {
        "independent_iterations": Infinity,
        "converged": true
    }
}