{
    "niter": 7450,
    "logz": -40.42178295795763,
    "logzerr": 0.26715903948518,
    "logz_bs": -40.42078690889445,
    "logz_single": -40.42178295795763,
    "logzerr_tail": 0.009941911874456366,
    "logzerr_bs": 0.26697398893323765,
    "ess": 1941.8610898275842,
    "H": 13.979739387822406,
    "Herr": 0.16802132721304916,
    "posterior": {
        "mean": [
            -4.821903802960997,
            -4.595312694997264,
            0.7373464091853131,
            22.24930093638304
        ],
        "stdev": [
            0.21026971505571765,
            0.2075387076594141,
            0.3099434487232784,
            0.21819696141659708
        ],
        "median": [
            -4.823846710276923,
            -4.601687333516066,
            0.7367714993291334,
            22.278162422248403
        ],
        "errlo": [
            -5.029061241232883,
            -4.794655441203721,
            0.4290954509913787,
            22.10347232379706
        ],
        "errup": [
            -4.611025725021976,
            -4.38493437967338,
            1.0508243593733901,
            22.422869333766815
        ],
        "information_gain_bits": [
            2.7009829719571354,
            2.72346696919872,
            2.538560573682061,
            1.1618130762777836
        ]
    },
    "maximum_likelihood": {
        "logl": -24.26360451854247,
        "point": [
            -4.779373956935437,
            -4.555853111883266,
            0.7990723028172089,
            22.307812410661185
        ],
        "point_untransformed": [
            0.3220626043064563,
            0.34441468881167336,
            0.29223633098593915,
            0.47254463009445496
        ]
    },
    "ncall": 47209,
    "paramnames": [
        "src1.lognorm",
        "src2.lognorm",
        "pl1.PhoIndex",
        "src1.lognH"
    ],
    "logzerr_single": 0.1869474484168105,
    "insertion_order_MWW_test": {
        "independent_iterations": Infinity,
        "converged": true
    }
}