{
    "niter": 5957,
    "logz": -34.21600362251302,
    "logzerr": 0.2998382477747149,
    "logz_bs": -34.20993362556805,
    "logz_single": -34.21600362251302,
    "logzerr_tail": 0.022407325622161522,
    "logzerr_bs": 0.29899981034621703,
    "ess": 1592.122371110705,
    "H": 11.149063394565825,
    "Herr": 0.1299785224571169,
    "posterior": {
        "mean": [
            -4.338753346756882,
            2.3051147901877482,
            21.822252950363527
        ],
        "stdev": [
            0.08420923412725072,
            0.19109288261162755,
            0.07803968038699165
        ],
        "median": [
            -4.339033803490146,
            2.3002917083950525,
            21.825942859941378
        ],
        "errlo": [
            -4.424196661556113,
            2.111488889063142,
            21.746512602278326
        ],
        "errup": [
            -4.253685091300423,
            2.5003294104321716,
            21.898783398821685
        ],
        "information_gain_bits": [
            3.5741580934273696,
            3.1688746251758757,
            3.3490673373711783
        ]
    },
    "maximum_likelihood": {
        "logl": -21.558262898747373,
        "point": [
            -4.336134252448006,
            2.3075482614418323,
            21.831510006137044
        ],
        "point_untransformed": [
            0.3663865747551994,
            0.40827294318783325,
            0.4045014294481494
        ]
    },
    "ncall": 16340,
    "paramnames": [
        "src1.lognorm",
        "pl1.PhoIndex",
        "src1.lognH"
    ],
    "logzerr_single": 0.16695106614338995,
    "insertion_order_MWW_test": {
        "independent_iterations": Infinity,
        "converged": true
    }
}