{
    "niter": 3246,
    "logz": -62.96203397391429,
    "logzerr": 0.38699633838148584,
    "logz_bs": -62.959512197489765,
    "logz_single": -62.96203397391429,
    "logzerr_tail": 0.01969115908933361,
    "logzerr_bs": 0.3864950506467011,
    "ess": 871.5551907632141,
    "H": 9.997747242040134,
    "Herr": 0.1470483140684018,
    "posterior": {
        "mean": [
            -1.3389105426715489,
            -0.23030059417917265,
            19.546522126008746
        ],
        "stdev": [
            0.07374861433286108,
            0.020136640628590427,
            0.383163709064018
        ],
        "median": [
            -1.3391160712650407,
            -0.23042572515974102,
            19.47728550286979
        ],
        "errlo": [
            -1.4122594020157218,
            -0.25048407012247775,
            19.147941026473156
        ],
        "errup": [
            -1.2633155382013204,
            -0.21022601241406322,
            19.982993137883287
        ],
        "information_gain_bits": [
            3.7080684950940124,
            3.813834857010764,
            1.6152871774284367
        ]
    },
    "maximum_likelihood": {
        "logl": -51.55568712783868,
        "point": [
            -1.3501640468371976,
            -0.22687650229345957,
            19.00568017037262
        ],
        "point_untransformed": [
            0.6649835953162803,
            0.6932808744266351,
            0.0008114529103742593
        ]
    },
    "ncall": 6746,
    "paramnames": [
        "src1.lognorm",
        "src1.logkT",
        "src1.lognH"
    ],
    "logzerr_single": 0.1580960723898615,
    "insertion_order_MWW_test": {
        "independent_iterations": Infinity,
        "converged": true
    }
}