{
    "niter": 4732,
    "logz": -19.682975161594925,
    "logzerr": 0.24199764385492467,
    "logz_bs": -19.703960224491198,
    "logz_single": -19.682975161594925,
    "logzerr_tail": 0.010989445295049194,
    "logzerr_bs": 0.24174799218078746,
    "ess": 1718.6882397948561,
    "H": 6.864108351648355,
    "Herr": 0.10743601183706715,
    "posterior": {
        "mean": [
            -4.794050055700934,
            0.40295553348086904,
            20.91086924101377
        ],
        "stdev": [
            0.08734875040069505,
            0.1408067107802199,
            0.7352706348110414
        ],
        "median": [
            -4.8065425615876105,
            0.39323395465426625,
            21.134196480490523
        ],
        "errlo": [
            -4.8755956427707545,
            0.2729654407074076,
            20.020299442587586
        ],
        "errup": [
            -4.709847515292181,
            0.5318756416337627,
            21.571914141530993
        ],
        "information_gain_bits": [
            3.4376048272835544,
            -0.1894673324150919,
            -0.2944162606810877
        ]
    },
    "maximum_likelihood": {
        "logl": -10.927274082509717,
        "point": [
            -4.746604742452716,
            0.3240483473039557,
            21.466412111671346
        ],
        "point_untransformed": [
            0.3253395257547284,
            0.5345109145469744,
            0.3523445873816207
        ]
    },
    "ncall": 17092,
    "paramnames": [
        "src1.lognorm",
        "src1.logkT",
        "src1.lognH"
    ],
    "logzerr_single": 0.13099721706632125,
    "insertion_order_MWW_test": {
        "independent_iterations": Infinity,
        "converged": true
    }
}