{
    "niter": 7025,
    "logz": -58.20062414704517,
    "logzerr": 0.3469400814639548,
    "logz_bs": -58.16863815390646,
    "logz_single": -58.20062414704517,
    "logzerr_tail": 0.009925233772747788,
    "logzerr_bs": 0.3467980822622465,
    "ess": 1685.796911299623,
    "H": 13.870216048844,
    "Herr": 0.14171181155894877,
    "posterior": {
        "mean": [
            -4.106613242094688,
            -3.958355583846401,
            1.270385670313621,
            22.449271319128663
        ],
        "stdev": [
            0.0511254727392122,
            0.032546851055988174,
            0.14882425409624367,
            0.04388594142342068
        ],
        "median": [
            -4.106757495265715,
            -3.959553684960662,
            1.2973962863215367,
            22.449204621753328
        ],
        "errlo": [
            -4.156761426949174,
            -3.99016997836954,
            1.112037859881433,
            22.405438317490983
        ],
        "errup": [
            -4.054969266193305,
            -3.9266440019170243,
            1.4229632895339468,
            22.49192015655718
        ],
        "information_gain_bits": [
            3.788550140934985,
            3.8859192556201085,
            1.0807013897327709,
            3.6949704112516986
        ]
    },
    "maximum_likelihood": {
        "logl": -42.412311898331794,
        "point": [
            -4.099127737245302,
            -3.9510017965922515,
            1.4724541117977035,
            22.43087340614014
        ],
        "point_untransformed": [
            0.3900872262754697,
            0.4048998203407749,
            0.9981159004981823,
            0.49012477230573454
        ]
    },
    "ncall": 39438,
    "paramnames": [
        "src1.lognorm",
        "src2.lognorm",
        "src1.logkT",
        "src1.lognH"
    ],
    "logzerr_single": 0.1862136947759482,
    "insertion_order_MWW_test": {
        "independent_iterations": Infinity,
        "converged": true
    }
}