{
    "niter": 7341,
    "logz": -73.92250527723266,
    "logzerr": 0.2896863301448659,
    "logz_bs": -73.90026455836686,
    "logz_single": -73.92250527723266,
    "logzerr_tail": 0.009945172724954432,
    "logzerr_bs": 0.2895155667874718,
    "ess": 1879.3346801690363,
    "H": 13.900622966437126,
    "Herr": 0.13081869238776156,
    "posterior": {
        "mean": [
            -4.662615165002992,
            -5.443436088893944,
            0.27670621121571715,
            22.09505728653156
        ],
        "stdev": [
            0.15585808939998083,
            0.1658944010710603,
            0.23414408976685816,
            0.2202747437247818
        ],
        "median": [
            -4.664726968084443,
            -5.441208267287884,
            0.2714173074887132,
            22.12609723675498
        ],
        "errlo": [
            -4.810508741671567,
            -5.610621574951528,
            0.05231220187580727,
            21.940654104558945
        ],
        "errup": [
            -4.505805732927915,
            -5.284077764298845,
            0.5108910991817601,
            22.264199742907643
        ],
        "information_gain_bits": [
            3.022297812266413,
            2.972337670088912,
            2.9033779499453396,
            1.2672310286603423
        ]
    },
    "maximum_likelihood": {
        "logl": -57.871301720569924,
        "point": [
            -4.65783402847593,
            -5.437343072499168,
            0.2845975696830627,
            22.12488784392353
        ],
        "point_untransformed": [
            0.334216597152407,
            0.2562656927500832,
            0.25266135151408176,
            0.4464125491319328
        ]
    },
    "ncall": 41172,
    "paramnames": [
        "src1.lognorm",
        "src2.lognorm",
        "pl1.PhoIndex",
        "src1.lognH"
    ],
    "logzerr_single": 0.18641769609158035,
    "insertion_order_MWW_test": {
        "independent_iterations": Infinity,
        "converged": true
    }
}