{
    "niter": 5763,
    "logz": -76.63419047312803,
    "logzerr": 0.29499758948511984,
    "logz_bs": -76.6087053990058,
    "logz_single": -76.63419047312803,
    "logzerr_tail": 0.027620151460368447,
    "logzerr_bs": 0.29370172800877015,
    "ess": 1578.3770822257213,
    "H": 10.239494774484427,
    "Herr": 0.09431088105772836,
    "posterior": {
        "mean": [
            -5.087608198879167,
            0.2156210248910681,
            19.67129050678094
        ],
        "stdev": [
            0.04021200863723139,
            0.07963005241073502,
            0.44162731935934635
        ],
        "median": [
            -5.08820605901167,
            0.21621395031525692,
            19.621080503165064
        ],
        "errlo": [
            -5.12818299715215,
            0.13530184392908007,
            19.180832602110968
        ],
        "errup": [
            -5.046026080128444,
            0.2980688664249831,
            20.176748968154772
        ],
        "information_gain_bits": [
            3.9104396883012313,
            3.6811694954887,
            1.277123224597338
        ]
    },
    "maximum_likelihood": {
        "logl": -65.04266163801734,
        "point": [
            -5.092414775725639,
            0.20652535932870997,
            19.042381666806296
        ],
        "point_untransformed": [
            0.2907585224274361,
            0.24665579687143924,
            0.006054523829470887
        ]
    },
    "ncall": 12101,
    "paramnames": [
        "src1.lognorm",
        "pl1.PhoIndex",
        "src1.lognH"
    ],
    "logzerr_single": 0.15999605287697277,
    "insertion_order_MWW_test": {
        "independent_iterations": Infinity,
        "converged": true
    }
}