{
    "niter": 7871,
    "logz": -245.9313099757644,
    "logzerr": 0.21130793554343577,
    "logz_bs": -245.9636610981803,
    "logz_single": -245.9313099757644,
    "logzerr_tail": 0.022777562086417902,
    "logzerr_bs": 0.21007671524714056,
    "ess": 1637.1330403706093,
    "H": 16.3672075546217,
    "Herr": 0.15745039171716793,
    "posterior": {
        "mean": [
            -2.516340454557906,
            0.1070223718762421,
            22.43844297781789
        ],
        "stdev": [
            0.015973770134113375,
            0.008324982741642388,
            0.008888124659189566
        ],
        "median": [
            -2.5158248828989764,
            0.1068537894548578,
            22.43867819500442
        ],
        "errlo": [
            -2.5327894021890947,
            0.09867814348835144,
            22.4293852772442
        ],
        "errup": [
            -2.5002170279848794,
            0.11525851491117356,
            22.44754488196397
        ],
        "information_gain_bits": [
            4.146475216139351,
            4.073500451417129,
            3.9997195057263277
        ]
    },
    "maximum_likelihood": {
        "logl": -228.02659316159475,
        "point": [
            -2.515410701944983,
            0.10648841309586343,
            22.43880074010166
        ],
        "point_untransformed": [
            0.5484589298055017,
            0.4466831855677914,
            0.49125724858595143
        ]
    },
    "ncall": 20071,
    "paramnames": [
        "src1.lognorm",
        "src1.logkT",
        "src1.lognH"
    ],
    "logzerr_single": 0.20228202808592327,
    "insertion_order_MWW_test": {
        "independent_iterations": Infinity,
        "converged": true
    }
}