{
    "niter": 2810,
    "logz": -14.881057204072002,
    "logzerr": 0.1669986913859898,
    "logz_bs": -14.91667585349885,
    "logz_single": -14.881057204072002,
    "logzerr_tail": 0.033261174925533155,
    "logzerr_bs": 0.1636528556646848,
    "ess": 917.4286463502604,
    "H": 7.566834144262666,
    "Herr": 0.09945263260864501,
    "posterior": {
        "mean": [
            -2.21411956292217,
            -0.20101688033749984,
            19.950253313774105
        ],
        "stdev": [
            0.1940534934103912,
            0.055059180281698275,
            0.6054080305599341
        ],
        "median": [
            -2.215300846539039,
            -0.2012150655641074,
            19.896909721448772
        ],
        "errlo": [
            -2.413686876806964,
            -0.2540849945732395,
            19.279379556288152
        ],
        "errup": [
            -2.018321488803318,
            -0.14851358002963178,
            20.656004104286577
        ],
        "information_gain_bits": [
            2.7732067207043642,
            3.1555075890176467,
            0.38241961708070815
        ]
    },
    "maximum_likelihood": {
        "logl": -5.991945040416999,
        "point": [
            -2.2431848357870496,
            -0.19392966877154505,
            19.060585274924538
        ],
        "point_untransformed": [
            0.5756815164212951,
            0.7015175828071137,
            0.008655039274934037
        ]
    },
    "ncall": 6301,
    "paramnames": [
        "src1.lognorm",
        "src1.logkT",
        "src1.lognH"
    ],
    "logzerr_single": 0.13753939566777465,
    "insertion_order_MWW_test": {
        "independent_iterations": Infinity,
        "converged": true
    }
}