{
    "niter": 2929,
    "logz": -46.63326328740548,
    "logzerr": 0.35094550055117324,
    "logz_bs": -46.62131952495147,
    "logz_single": -46.63326328740548,
    "logzerr_tail": 0.020789426384403953,
    "logzerr_bs": 0.3503291939129838,
    "ess": 854.1155590627402,
    "H": 8.190977211217245,
    "Herr": 0.13791238202097533,
    "posterior": {
        "mean": [
            -1.3298062626624734,
            -0.4062663553192572,
            19.63656823917467
        ],
        "stdev": [
            0.2340058188118398,
            0.063361752995329,
            0.4117241016473301
        ],
        "median": [
            -1.3280552404049013,
            -0.41037238024619294,
            19.57594912738346
        ],
        "errlo": [
            -1.5724741167647425,
            -0.46784657936208607,
            19.18756605653389
        ],
        "errup": [
            -1.1048402121297498,
            -0.339315104070544,
            20.081349930509106
        ],
        "information_gain_bits": [
            2.5543188620443957,
            3.0550860477213493,
            1.386800855257825
        ]
    },
    "maximum_likelihood": {
        "logl": -37.129105778326895,
        "point": [
            -1.3593347131086482,
            -0.400091836092217,
            19.030905860731288
        ],
        "point_untransformed": [
            0.6640665286891352,
            0.6499770409769458,
            0.004415122961612658
        ]
    },
    "ncall": 6803,
    "paramnames": [
        "src1.lognorm",
        "src1.logkT",
        "src1.lognH"
    ],
    "logzerr_single": 0.14309941658875872,
    "insertion_order_MWW_test": {
        "independent_iterations": Infinity,
        "converged": true
    }
}