{
    "niter": 4855,
    "logz": -23.82639994499512,
    "logzerr": 0.22568897388722028,
    "logz_bs": -23.806617453190917,
    "logz_single": -23.82639994499512,
    "logzerr_tail": 0.017947004500470598,
    "logzerr_bs": 0.224974260669363,
    "ess": 1471.6839460156818,
    "H": 8.28481846999471,
    "Herr": 0.13360483294592881,
    "posterior": {
        "mean": [
            -3.950460360952898,
            0.9184751795373235,
            22.764772155781614
        ],
        "stdev": [
            0.1145108219650448,
            0.2622725329311589,
            0.0905484263550127
        ],
        "median": [
            -3.9710645075281237,
            0.8947562058449188,
            22.76584922057452
        ],
        "errlo": [
            -4.05671220588926,
            0.6400577610733202,
            22.67593663760078
        ],
        "errup": [
            -3.8414970057524176,
            1.2168412549365777,
            22.851491294490664
        ],
        "information_gain_bits": [
            3.270907550999087,
            -0.6012367000345767,
            3.252317126962526
        ]
    },
    "maximum_likelihood": {
        "logl": -14.031712979645986,
        "point": [
            -3.939602681504174,
            0.7870999916446078,
            22.780111828944865
        ],
        "point_untransformed": [
            0.40603973184958264,
            0.7214422742688287,
            0.5400159755635522
        ]
    },
    "ncall": 14439,
    "paramnames": [
        "src1.lognorm",
        "src1.logkT",
        "src1.lognH"
    ],
    "logzerr_single": 0.143916802962638,
    "insertion_order_MWW_test": {
        "independent_iterations": Infinity,
        "converged": true
    }
}