{
    "niter": 8436,
    "logz": -99.31746861470138,
    "logzerr": 0.5152340557330414,
    "logz_bs": -99.37907217936541,
    "logz_single": -99.31746861470138,
    "logzerr_tail": 0.009932079410774008,
    "logzerr_bs": 0.5151383173339923,
    "ess": 1794.4796731399017,
    "H": 20.014524308184562,
    "Herr": 0.2027920667495592,
    "posterior": {
        "mean": [
            -4.962969874106568,
            -4.858749058312059,
            -4.966299527188775,
            1.951441400857283,
            21.058266795212475
        ],
        "stdev": [
            0.04697549443194895,
            0.045936077505308,
            0.046396361733243165,
            0.11031114213964249,
            0.1898404501656041
        ],
        "median": [
            -4.962312385738675,
            -4.857073246561762,
            -4.965720566591971,
            1.951141226981349,
            21.08786692557532
        ],
        "errlo": [
            -5.010026977050585,
            -4.90428407962706,
            -5.011983749128962,
            1.8431602943572258,
            20.917698429214763
        ],
        "errup": [
            -4.91413964499721,
            -4.815041264547397,
            -4.919405775878343,
            2.0652248936452224,
            21.21240924093424
        ],
        "information_gain_bits": [
            3.829121975256228,
            3.8305973627843444,
            3.830529545839236,
            3.549260249841724,
            1.7670819548725833
        ]
    },
    "maximum_likelihood": {
        "logl": -76.7311449514102,
        "point": [
            -4.937809426602288,
            -4.836610956072173,
            -4.941585067087784,
            2.001054258352532,
            21.152331987003322
        ],
        "point_untransformed": [
            0.3062190573397712,
            0.31633890439278267,
            0.30584149329122157,
            0.38469648141173324,
            0.30747599814333165
        ]
    },
    "ncall": 76088,
    "paramnames": [
        "src1.lognorm",
        "src2.lognorm",
        "src3.lognorm",
        "pl1.PhoIndex",
        "src1.lognH"
    ],
    "logzerr_single": 0.22368797636543053,
    "insertion_order_MWW_test": {
        "independent_iterations": Infinity,
        "converged": true
    }
}