{
    "niter": 4324,
    "logz": -55.071516358126935,
    "logzerr": 0.47240880806335916,
    "logz_bs": -55.070881534035024,
    "logz_single": -55.071516358126935,
    "logzerr_tail": 0.00991410229686096,
    "logzerr_bs": 0.47230476655597187,
    "ess": 986.1601605856878,
    "H": 13.388208028354775,
    "Herr": 0.1870833873905001,
    "posterior": {
        "mean": [
            -0.2762432501947521,
            -0.08436010466244476,
            -0.2880225001448173,
            19.699928154803857
        ],
        "stdev": [
            0.0912415900821246,
            0.08206499134068293,
            0.023456233708971243,
            0.4511975342919179
        ],
        "median": [
            -0.2763253738737568,
            -0.08349898358362129,
            -0.28927958104777574,
            19.645127203753756
        ],
        "errlo": [
            -0.3654667764743876,
            -0.1658852047558277,
            -0.31036001424988324,
            19.194315538326563
        ],
        "errup": [
            -0.18863245391701344,
            -0.003650130411561925,
            -0.2653530064837599,
            20.206718540242345
        ],
        "information_gain_bits": [
            3.4676014893098004,
            3.5210355693117785,
            3.6873227185002926,
            1.1975715274678467
        ]
    },
    "maximum_likelihood": {
        "logl": -40.017496886772435,
        "point": [
            -0.2829756726125652,
            -0.09059797231923561,
            -0.2851814933451755,
            19.080725296810858
        ],
        "point_untransformed": [
            0.7717024327387435,
            0.7909402027680764,
            0.6787046266637061,
            0.011532185258693955
        ]
    },
    "ncall": 18547,
    "paramnames": [
        "src1.lognorm",
        "src2.lognorm",
        "src1.logkT",
        "src1.lognH"
    ],
    "logzerr_single": 0.18294950142289795,
    "insertion_order_MWW_test": {
        "independent_iterations": Infinity,
        "converged": true
    }
}