{
    "niter": 6871,
    "logz": -127.17027844810237,
    "logzerr": 0.49346732269866067,
    "logz_bs": -127.18591352804796,
    "logz_single": -127.17027844810237,
    "logzerr_tail": 0.022332759151822756,
    "logzerr_bs": 0.49296170889842017,
    "ess": 1635.1178095981109,
    "H": 13.429125082044663,
    "Herr": 0.13654381012538444,
    "posterior": {
        "mean": [
            -3.993528160274211,
            1.5232379959183586,
            22.331621511119746
        ],
        "stdev": [
            0.066718335772643,
            0.10760110499293957,
            0.03772219150077334
        ],
        "median": [
            -3.993776533187212,
            1.5211716408418905,
            22.33273154937393
        ],
        "errlo": [
            -4.062983224238434,
            1.4151854042958432,
            22.29408496048767
        ],
        "errup": [
            -3.924921162232656,
            1.6325730179178022,
            22.369904791751885
        ],
        "information_gain_bits": [
            3.6619244638237656,
            3.5888667888080863,
            3.7345475771263987
        ]
    },
    "maximum_likelihood": {
        "logl": -112.19894609727602,
        "point": [
            -3.9918335822260484,
            1.5257569817850172,
            22.333720894659358
        ],
        "point_untransformed": [
            0.4008166417773951,
            0.3481351524450013,
            0.4762458420941937
        ]
    },
    "ncall": 18201,
    "paramnames": [
        "src1.lognorm",
        "pl1.PhoIndex",
        "src1.lognH"
    ],
    "logzerr_single": 0.18322885336406944,
    "insertion_order_MWW_test": {
        "independent_iterations": Infinity,
        "converged": true
    }
}