{
    "niter": 5110,
    "logz": -22.510582631499478,
    "logzerr": 0.2076712293449635,
    "logz_bs": -22.507438396299985,
    "logz_single": -22.510582631499478,
    "logzerr_tail": 0.01862998428612528,
    "logzerr_bs": 0.20683390240274235,
    "ess": 1616.7724175494864,
    "H": 8.481784099256386,
    "Herr": 0.11026328674309023,
    "posterior": {
        "mean": [
            -4.467392221107083,
            1.759742875553835,
            22.74758733566202
        ],
        "stdev": [
            0.4697708666391478,
            0.6976861136085085,
            0.17381190373372998
        ],
        "median": [
            -4.475701680282309,
            1.7314651286506448,
            22.764038895012295
        ],
        "errlo": [
            -4.937018690248356,
            1.0648006072983056,
            22.583731581447267
        ],
        "errup": [
            -3.995777804123647,
            2.4550439737336722,
            22.910031670180842
        ],
        "information_gain_bits": [
            1.0322063524265315,
            0.6392019705565773,
            2.158671927470454
        ]
    },
    "maximum_likelihood": {
        "logl": -12.445281051543656,
        "point": [
            -4.426622133646495,
            1.8117341481087053,
            22.787450993505296
        ],
        "point_untransformed": [
            0.3573377866353505,
            0.3701333960083619,
            0.5410644276436135
        ]
    },
    "ncall": 17467,
    "paramnames": [
        "src1.lognorm",
        "pl1.PhoIndex",
        "src1.lognH"
    ],
    "logzerr_single": 0.14561751353508604,
    "insertion_order_MWW_test": {
        "independent_iterations": Infinity,
        "converged": true
    }
}