{
    "niter": 7672,
    "logz": -106.93860160749364,
    "logzerr": 0.33068155292467705,
    "logz_bs": -106.9159291753384,
    "logz_single": -106.93860160749364,
    "logzerr_tail": 0.009923585539681312,
    "logzerr_bs": 0.33053261850339766,
    "ess": 1711.742240771396,
    "H": 14.940950337819515,
    "Herr": 0.12003950158297925,
    "posterior": {
        "mean": [
            -3.1031877164011514,
            -3.4289454472308902,
            1.1931634177711068,
            22.333452414941092
        ],
        "stdev": [
            0.023623674362041724,
            0.030923223995269273,
            0.1541345448536077,
            0.034728100365293134
        ],
        "median": [
            -3.1037585000653802,
            -3.4296275232619626,
            1.1980090732973028,
            22.333254725165347
        ],
        "errlo": [
            -3.125699344052462,
            -3.459541363747703,
            1.0295215225766392,
            22.298240871488083
        ],
        "errup": [
            -3.081006596870404,
            -3.397804505096867,
            1.3625821651268661,
            22.36795911122344
        ],
        "information_gain_bits": [
            3.8425486696825657,
            3.863884137985899,
            1.0767997187933842,
            3.761995161258786
        ]
    },
    "maximum_likelihood": {
        "logl": -90.14697386534425,
        "point": [
            -3.1085584801023103,
            -3.432326689601087,
            1.1746495912698909,
            22.33576917303182
        ],
        "point_untransformed": [
            0.489144151989769,
            0.45676733103989126,
            0.8778938806998358,
            0.4765384532902602
        ]
    },
    "ncall": 32679,
    "paramnames": [
        "src1.lognorm",
        "src2.lognorm",
        "src1.logkT",
        "src1.lognH"
    ],
    "logzerr_single": 0.1932676275131166,
    "insertion_order_MWW_test": {
        "independent_iterations": Infinity,
        "converged": true
    }
}