{
    "niter": 3530,
    "logz": -82.91087537593089,
    "logzerr": 0.369653602434581,
    "logz_bs": -82.90820879635679,
    "logz_single": -82.91087537593089,
    "logzerr_tail": 0.024644705309952997,
    "logzerr_bs": 0.36883115960158364,
    "ess": 907.6551901440719,
    "H": 12.432613210401769,
    "Herr": 0.1504065776526685,
    "posterior": {
        "mean": [
            -1.7318288435471045,
            -0.050743713987378626,
            22.035709707608696
        ],
        "stdev": [
            0.084169892155606,
            0.01962313314268924,
            0.07057791617144217
        ],
        "median": [
            -1.731646717203272,
            -0.050909273359017515,
            22.040287896903287
        ],
        "errlo": [
            -1.8215029263333449,
            -0.06970796543785962,
            21.965758866141176
        ],
        "errup": [
            -1.6484209550466995,
            -0.030710170813034843,
            22.102245709143943
        ],
        "information_gain_bits": [
            3.5857358057727877,
            3.827724799620047,
            3.403918225365562
        ]
    },
    "maximum_likelihood": {
        "logl": -68.8940140797391,
        "point": [
            -1.7213333787758094,
            -0.05334677902092677,
            22.050585279685002
        ],
        "point_untransformed": [
            0.627866662122419,
            0.7366633052447683,
            0.4357978970978575
        ]
    },
    "ncall": 9610,
    "paramnames": [
        "src1.lognorm",
        "src1.logkT",
        "src1.lognH"
    ],
    "logzerr_single": 0.17629955480943343,
    "insertion_order_MWW_test": {
        "independent_iterations": Infinity,
        "converged": true
    }
}