{
    "niter": 4273,
    "logz": -17.071013946599685,
    "logzerr": 0.15327075404804472,
    "logz_bs": -17.07909304086146,
    "logz_single": -17.071013946599685,
    "logzerr_tail": 0.014144529722102561,
    "logzerr_bs": 0.1526166974003722,
    "ess": 1570.5937108519636,
    "H": 6.008670814960858,
    "Herr": 0.07397840443212494,
    "posterior": {
        "mean": [
            -4.859407674886919,
            0.9739957912342871,
            21.31867785516262
        ],
        "stdev": [
            0.09818299692656877,
            0.30339308185906905,
            0.60803162026693
        ],
        "median": [
            -4.86321099527377,
            0.9923299886435952,
            21.494500001513423
        ],
        "errlo": [
            -4.956082643055391,
            0.626622001469127,
            20.853708841632027
        ],
        "errup": [
            -4.767139106846815,
            1.3107341573378366,
            21.785087516747623
        ],
        "information_gain_bits": [
            3.3648421725676987,
            -1.1613609514041567,
            -0.22196383688836618
        ]
    },
    "maximum_likelihood": {
        "logl": -9.467184258875125,
        "point": [
            -4.833358060696963,
            0.7696581302012273,
            21.664244239348236
        ],
        "point_untransformed": [
            0.31666419393030376,
            0.71440109232824,
            0.380606319906891
        ]
    },
    "ncall": 12254,
    "paramnames": [
        "src1.lognorm",
        "src1.logkT",
        "src1.lognH"
    ],
    "logzerr_single": 0.12256295132462398,
    "insertion_order_MWW_test": {
        "independent_iterations": Infinity,
        "converged": true
    }
}