{
    "niter": 5362,
    "logz": -186.05529383325015,
    "logzerr": 0.4732481766302077,
    "logz_bs": -186.01573677753947,
    "logz_single": -186.05529383325015,
    "logzerr_tail": 0.009931504253927415,
    "logzerr_bs": 0.4731439547400669,
    "ess": 1068.8884598951504,
    "H": 20.557126932073857,
    "Herr": 0.23204101780038391,
    "posterior": {
        "mean": [
            -1.389517836439327,
            -1.2785567457681724,
            -1.3913372415976586,
            -0.270556971163776,
            19.321028323313545
        ],
        "stdev": [
            0.044771888197621734,
            0.04484579253472325,
            0.04522932357449481,
            0.011987378476179445,
            0.23496326359218464
        ],
        "median": [
            -1.3885901785629358,
            -1.278826838106534,
            -1.3917742753646296,
            -0.27006279807976363,
            19.28001542391032
        ],
        "errlo": [
            -1.4342960180641748,
            -1.323696490176033,
            -1.435932270969544,
            -0.28264607612312176,
            19.069732693321622
        ],
        "errup": [
            -1.3468973696766016,
            -1.23418927274205,
            -1.3447462769763092,
            -0.2584036269512553,
            19.59204378142044
        ],
        "information_gain_bits": [
            3.8406706380680706,
            3.8484130510027845,
            3.851287436659322,
            4.042153259078925,
            2.4921376552363874
        ]
    },
    "maximum_likelihood": {
        "logl": -162.99306377105242,
        "point": [
            -1.3878699643974919,
            -1.2745380011687883,
            -1.3910629158581598,
            -0.2712459497608877,
            19.007707921736436
        ],
        "point_untransformed": [
            0.6612130035602508,
            0.6725461998831211,
            0.660893708414184,
            0.6821885125597781,
            0.0011011316766338826
        ]
    },
    "ncall": 42662,
    "paramnames": [
        "src1.lognorm",
        "src2.lognorm",
        "src3.lognorm",
        "src1.logkT",
        "src1.lognH"
    ],
    "logzerr_single": 0.22669983972245028,
    "insertion_order_MWW_test": {
        "independent_iterations": Infinity,
        "converged": true
    }
}