{
    "niter": 2567,
    "logz": -12.995324174933945,
    "logzerr": 0.3584625477807181,
    "logz_bs": -12.959664325833536,
    "logz_single": -12.995324174933945,
    "logzerr_tail": 0.0631526068282291,
    "logzerr_bs": 0.3528557019692933,
    "ess": 855.5709458647887,
    "H": 7.369893377372667,
    "Herr": 0.11197528948831334,
    "posterior": {
        "mean": [
            -2.073086664374543,
            -0.04879606070923178,
            20.235853663810044
        ],
        "stdev": [
            0.19054387509597023,
            0.05854640002976112,
            0.7535379157267068
        ],
        "median": [
            -2.070269807572707,
            -0.05070353684954654,
            20.200659802261942
        ],
        "errlo": [
            -2.27077894566402,
            -0.10554050736139775,
            19.375222603356644
        ],
        "errup": [
            -1.8941706028197922,
            0.00944531292737194,
            21.11469297814369
        ],
        "information_gain_bits": [
            2.767472818472457,
            3.0648540374503783,
            -0.24072672436428377
        ]
    },
    "maximum_likelihood": {
        "logl": -4.478836638699049,
        "point": [
            -2.0866478521197402,
            -0.04735606989139285,
            19.38806153144276
        ],
        "point_untransformed": [
            0.591335214788026,
            0.7381609825271518,
            0.05543736163467977
        ]
    },
    "ncall": 5858,
    "paramnames": [
        "src1.lognorm",
        "src1.logkT",
        "src1.lognH"
    ],
    "logzerr_single": 0.13573773772769188,
    "insertion_order_MWW_test": {
        "independent_iterations": Infinity,
        "converged": true
    }
}