{
    "niter": 2872,
    "logz": -25.619276963770584,
    "logzerr": 0.22386389948061852,
    "logz_bs": -25.626982879831733,
    "logz_single": -25.619276963770584,
    "logzerr_tail": 0.03072857905091908,
    "logzerr_bs": 0.22174489829572153,
    "ess": 851.5440708445466,
    "H": 8.412024487592454,
    "Herr": 0.13923118619260633,
    "posterior": {
        "mean": [
            -1.544975572213081,
            -0.21108183635640762,
            19.74720934695765
        ],
        "stdev": [
            0.15604294168455518,
            0.045887881785280485,
            0.46975287300302604
        ],
        "median": [
            -1.5394218950689185,
            -0.21332421474596597,
            19.72492816378903
        ],
        "errlo": [
            -1.6884590608565757,
            -0.2533200083758316,
            19.214847167868584
        ],
        "errup": [
            -1.4022965209385454,
            -0.16776749939475605,
            20.271037573103694
        ],
        "information_gain_bits": [
            3.0256714778067657,
            3.3228484881970832,
            1.0523221262684053
        ]
    },
    "maximum_likelihood": {
        "logl": -15.958352297937449,
        "point": [
            -1.5368004950644565,
            -0.2159091740599841,
            19.005998554726713
        ],
        "point_untransformed": [
            0.6463199504935544,
            0.696022706485004,
            0.0008569363895302162
        ]
    },
    "ncall": 6040,
    "paramnames": [
        "src1.lognorm",
        "src1.logkT",
        "src1.lognH"
    ],
    "logzerr_single": 0.1450174514290647,
    "insertion_order_MWW_test": {
        "independent_iterations": Infinity,
        "converged": true
    }
}