{
    "niter": 3972,
    "logz": -73.71350621390293,
    "logzerr": 0.35668810673343854,
    "logz_bs": -73.70450468234806,
    "logz_single": -73.71350621390293,
    "logzerr_tail": 0.00991091846644565,
    "logzerr_bs": 0.35655038799619376,
    "ess": 982.1293905548699,
    "H": 13.471643100897495,
    "Herr": 0.14852983569648753,
    "posterior": {
        "mean": [
            -1.8394581654995952,
            -1.967232754576854,
            -0.02936661657937004,
            20.720999624792338
        ],
        "stdev": [
            0.09812944262764273,
            0.0838834984200467,
            0.02282294298713857,
            0.6673623017522605
        ],
        "median": [
            -1.8412513614285535,
            -1.9706647351772704,
            -0.02853369392170202,
            20.939658021788432
        ],
        "errlo": [
            -1.9381430962596262,
            -2.049544250864944,
            -0.051816630045387106,
            19.925773996917126
        ],
        "errup": [
            -1.74127422355205,
            -1.8838103147431664,
            -0.007027677335089688,
            21.327235946914367
        ],
        "information_gain_bits": [
            3.427833275491173,
            3.579721364040662,
            3.797522543242249,
            0.26395221991644313
        ]
    },
    "maximum_likelihood": {
        "logl": -58.04553938851455,
        "point": [
            -1.797383895139264,
            -1.9220674273288498,
            -0.03988567355040784,
            21.244841665074446
        ],
        "point_untransformed": [
            0.6202616104860736,
            0.607793257267115,
            0.740028581612398,
            0.3206916664392063
        ]
    },
    "ncall": 19423,
    "paramnames": [
        "src1.lognorm",
        "src2.lognorm",
        "src1.logkT",
        "src1.lognH"
    ],
    "logzerr_single": 0.18351868502210814,
    "insertion_order_MWW_test": {
        "independent_iterations": Infinity,
        "converged": true
    }
}