{
    "niter": 2501,
    "logz": -28.72795598300335,
    "logzerr": 0.3970083345784812,
    "logz_bs": -28.70752446655028,
    "logz_single": -28.72795598300335,
    "logzerr_tail": 0.03555969996072861,
    "logzerr_bs": 0.39541260154866364,
    "ess": 762.7453477627729,
    "H": 8.048524277736703,
    "Herr": 0.1967419168057352,
    "posterior": {
        "mean": [
            -1.7936061116305742,
            -0.21367846646429126,
            19.995720845483376
        ],
        "stdev": [
            0.15975039162160365,
            0.046935309277823294,
            0.6184930754038712
        ],
        "median": [
            -1.7980646933929227,
            -0.21304289656444153,
            19.960204750557587
        ],
        "errlo": [
            -1.9449659801530768,
            -0.26009196748548735,
            19.29839359058694
        ],
        "errup": [
            -1.6306576526511556,
            -0.16816370776549094,
            20.694484812986204
        ],
        "information_gain_bits": [
            2.9822879148258976,
            3.318103879000875,
            0.36350316340086636
        ]
    },
    "maximum_likelihood": {
        "logl": -19.40248809329446,
        "point": [
            -1.8167695876028231,
            -0.209561532495381,
            19.011072715666767
        ],
        "point_untransformed": [
            0.6183230412397177,
            0.6976096168761547,
            0.0015818165238237064
        ]
    },
    "ncall": 5699,
    "paramnames": [
        "src1.lognorm",
        "src1.logkT",
        "src1.lognH"
    ],
    "logzerr_single": 0.14184960590125642,
    "insertion_order_MWW_test": {
        "independent_iterations": Infinity,
        "converged": true
    }
}