{
    "niter": 2881,
    "logz": -12.265784840535305,
    "logzerr": 0.33512685775464407,
    "logz_bs": -12.280128338198264,
    "logz_single": -12.265784840535305,
    "logzerr_tail": 0.018966244929941922,
    "logzerr_bs": 0.33458973735271513,
    "ess": 1065.4972362306353,
    "H": 7.567154192971409,
    "Herr": 0.11452767782711969,
    "posterior": {
        "mean": [
            -2.6365978899097184,
            0.17575263559517387,
            22.549089035819545
        ],
        "stdev": [
            0.5995348011866747,
            0.18615775998279005,
            0.5681457831050842
        ],
        "median": [
            -2.641171339784414,
            0.1457619907930594,
            22.66673251402155
        ],
        "errlo": [
            -3.2096043927305318,
            0.012782929921606456,
            22.287769683852176
        ],
        "errup": [
            -2.07431341226672,
            0.33614164841911937,
            22.920460169046926
        ],
        "information_gain_bits": [
            0.32666646839142566,
            1.2457277694638338,
            -0.8359493440549379
        ]
    },
    "maximum_likelihood": {
        "logl": -2.806943738380757,
        "point": [
            -2.333194014260605,
            0.07373849936148691,
            22.7999216780412
        ],
        "point_untransformed": [
            0.5666805985739395,
            0.7684346248403717,
            0.5428459540058861
        ]
    },
    "ncall": 12561,
    "paramnames": [
        "src1.lognorm",
        "src1.logkT",
        "src1.lognH"
    ],
    "logzerr_single": 0.13754230433735115,
    "insertion_order_MWW_test": {
        "independent_iterations": Infinity,
        "converged": true
    }
}