{
    "niter": 3294,
    "logz": -110.1455527870081,
    "logzerr": 0.33863539905010215,
    "logz_bs": -110.1605482499078,
    "logz_single": -110.1455527870081,
    "logzerr_tail": 0.019978741790112053,
    "logzerr_bs": 0.33804553445698104,
    "ess": 883.6473767597826,
    "H": 10.185353755843266,
    "Herr": 0.15934010312040398,
    "posterior": {
        "mean": [
            -2.5072170304313883,
            0.2827633404340116,
            19.540567638345767
        ],
        "stdev": [
            0.07577437071265675,
            0.034064484758176104,
            0.35576180060618484
        ],
        "median": [
            -2.50593313761511,
            0.282106300950828,
            19.487260841071418
        ],
        "errlo": [
            -2.581476827910902,
            0.24770336297685785,
            19.16882624083054
        ],
        "errup": [
            -2.4252295645918576,
            0.31586599635325296,
            19.928272156498394
        ],
        "information_gain_bits": [
            3.6282496909909763,
            3.5523287072585332,
            1.675628681864008
        ]
    },
    "maximum_likelihood": {
        "logl": -98.53291776345557,
        "point": [
            -2.4986477945049854,
            0.27771234023868097,
            19.05037183167788
        ],
        "point_untransformed": [
            0.5501352205495015,
            0.8194280850596702,
            0.007195975953982692
        ]
    },
    "ncall": 6898,
    "paramnames": [
        "src1.lognorm",
        "src1.logkT",
        "src1.lognH"
    ],
    "logzerr_single": 0.15957250511791862,
    "insertion_order_MWW_test": {
        "independent_iterations": Infinity,
        "converged": true
    }
}