{
    "niter": 2770,
    "logz": -23.162970670190216,
    "logzerr": 0.3173730259068836,
    "logz_bs": -23.14335922364821,
    "logz_single": -23.162970670190216,
    "logzerr_tail": 0.02417698105445254,
    "logzerr_bs": 0.31645080369685274,
    "ess": 921.642767660918,
    "H": 8.696293414668723,
    "Herr": 0.14555530910166845,
    "posterior": {
        "mean": [
            -2.5283126591433662,
            0.14228705979109085,
            22.385985188271928
        ],
        "stdev": [
            0.350456003084554,
            0.10525650234486414,
            0.31320965416090873
        ],
        "median": [
            -2.5095785965173167,
            0.13053861753881302,
            22.445661174815232
        ],
        "errlo": [
            -2.86571630061367,
            0.04223179541381894,
            22.185351769335433
        ],
        "errup": [
            -2.1875401698302746,
            0.2392359469371872,
            22.61929398764402
        ],
        "information_gain_bits": [
            1.6389496970251667,
            2.1201067403548817,
            0.4880476221540696
        ]
    },
    "maximum_likelihood": {
        "logl": -12.713775586599828,
        "point": [
            -2.37998248316425,
            0.09462665272886861,
            22.51394230832081
        ],
        "point_untransformed": [
            0.562001751683575,
            0.7736566631822172,
            0.5019917583315445
        ]
    },
    "ncall": 10588,
    "paramnames": [
        "src1.lognorm",
        "src1.logkT",
        "src1.lognH"
    ],
    "logzerr_single": 0.147447392437682,
    "insertion_order_MWW_test": {
        "independent_iterations": Infinity,
        "converged": true
    }
}