{
    "niter": 4345,
    "logz": -22.667833840388248,
    "logzerr": 0.2289979405602883,
    "logz_bs": -22.650245219351792,
    "logz_single": -22.667833840388248,
    "logzerr_tail": 0.065887215074941,
    "logzerr_bs": 0.21931468639952456,
    "ess": 1407.1190544653666,
    "H": 7.846814041068804,
    "Herr": 0.09682846324871869,
    "posterior": {
        "mean": [
            -4.828715672747163,
            1.8943495074349819,
            20.1794916036416
        ],
        "stdev": [
            0.0717044662246996,
            0.19497913569778216,
            0.6922650016396548
        ],
        "median": [
            -4.835283136351429,
            1.8823806675705086,
            20.176098041603456
        ],
        "errlo": [
            -4.896844790332994,
            1.7010466697460993,
            19.375971740996057
        ],
        "errup": [
            -4.764255148731155,
            2.0804383868065557,
            20.95805465297682
        ],
        "information_gain_bits": [
            3.5615047890280533,
            3.028214412336184,
            0.14369070249016735
        ]
    },
    "maximum_likelihood": {
        "logl": -13.683485381529648,
        "point": [
            -4.855644737049316,
            1.822364669934693,
            19.133333287348886
        ],
        "point_untransformed": [
            0.3144355262950685,
            0.37095112845651484,
            0.019047612478412537
        ]
    },
    "ncall": 11541,
    "paramnames": [
        "src1.lognorm",
        "pl1.PhoIndex",
        "src1.lognH"
    ],
    "logzerr_single": 0.1400608264386299,
    "insertion_order_MWW_test": {
        "independent_iterations": Infinity,
        "converged": true
    }
}