{
    "niter": 3884,
    "logz": -11.834274824025341,
    "logzerr": 0.21893521552729164,
    "logz_bs": -11.840287893616077,
    "logz_single": -11.834274824025341,
    "logzerr_tail": 0.021217006722288545,
    "logzerr_bs": 0.21790472051731236,
    "ess": 1230.773604544676,
    "H": 5.806758095054137,
    "Herr": 0.0869427909757338,
    "posterior": {
        "mean": [
            -5.037060278193615,
            1.0444634411577165,
            20.399195399326157
        ],
        "stdev": [
            0.06641042792673267,
            0.24703611627543098,
            0.7947978507035204
        ],
        "median": [
            -5.037855980133368,
            1.0578263358009026,
            20.46029473732798
        ],
        "errlo": [
            -5.1021995650631755,
            0.7713491749488812,
            19.394914207910187
        ],
        "errup": [
            -4.974639143982726,
            1.3270869270127403,
            21.296003685358986
        ],
        "information_gain_bits": [
            3.624378179443131,
            -0.3379352542598185,
            -0.15678043362731076
        ]
    },
    "maximum_likelihood": {
        "logl": -5.020097675428958,
        "point": [
            -5.02082710252064,
            0.8791239557381063,
            21.235762633472255
        ],
        "point_untransformed": [
            0.2979172897479361,
            0.7585918340322698,
            0.3193946619246078
        ]
    },
    "ncall": 9906,
    "paramnames": [
        "src1.lognorm",
        "src1.logkT",
        "src1.lognH"
    ],
    "logzerr_single": 0.12048607902008988,
    "insertion_order_MWW_test": {
        "independent_iterations": Infinity,
        "converged": true
    }
}