{
    "niter": 5772,
    "logz": -58.10694043216076,
    "logzerr": 0.251807182285984,
    "logz_bs": -58.11085735903457,
    "logz_single": -58.10694043216076,
    "logzerr_tail": 0.024342610044563173,
    "logzerr_bs": 0.25062780050709677,
    "ess": 1583.3901094497842,
    "H": 11.085371044978878,
    "Herr": 0.16439326065459958,
    "posterior": {
        "mean": [
            -3.893285718618193,
            0.5236442459435157,
            22.39506977007882
        ],
        "stdev": [
            0.06027022146689325,
            0.0743683554720284,
            0.0459924678771898
        ],
        "median": [
            -3.894636070619458,
            0.5157732568286213,
            22.3962837127764
        ],
        "errlo": [
            -3.95372375828566,
            0.45049399794506945,
            22.35024354906599
        ],
        "errup": [
            -3.83363938839262,
            0.5948956554727844,
            22.440042495381384
        ],
        "information_gain_bits": [
            3.7971244975746687,
            1.9327721474053903,
            3.6963669695674786
        ]
    },
    "maximum_likelihood": {
        "logl": -45.490404703910094,
        "point": [
            -3.875099545999378,
            0.49957795558124296,
            22.407455424517988
        ],
        "point_untransformed": [
            0.4124900454000622,
            0.6053712359554846,
            0.4867793463597127
        ]
    },
    "ncall": 14592,
    "paramnames": [
        "src1.lognorm",
        "src1.logkT",
        "src1.lognH"
    ],
    "logzerr_single": 0.16647350423550047,
    "insertion_order_MWW_test": {
        "independent_iterations": Infinity,
        "converged": true
    }
}