{
    "niter": 6703,
    "logz": -59.49562021532997,
    "logzerr": 0.28590601497298,
    "logz_bs": -59.54016600551761,
    "logz_single": -59.49562021532997,
    "logzerr_tail": 0.009941846763261708,
    "logzerr_bs": 0.2857331081283121,
    "ess": 1673.9130579590587,
    "H": 13.626791180388608,
    "Herr": 0.14561326153502452,
    "posterior": {
        "mean": [
            -3.950127997773216,
            -4.079758344436274,
            0.8344583873172932,
            21.962159142728314
        ],
        "stdev": [
            0.06507380232069464,
            0.03960678323507857,
            0.14735626483720832,
            0.06990409242676238
        ],
        "median": [
            -3.951573658783235,
            -4.083228996756804,
            0.8150490822369287,
            21.962089047863365
        ],
        "errlo": [
            -4.01362514508852,
            -4.117416686936921,
            0.6964707594744957,
            21.89364145845108
        ],
        "errup": [
            -3.881981075254047,
            -4.041045273603656,
            0.9763974203415771,
            22.032695851451205
        ],
        "information_gain_bits": [
            3.707564895726859,
            3.8894587532026965,
            0.50521514529644,
            3.4680802496040632
        ]
    },
    "maximum_likelihood": {
        "logl": -43.86195160335805,
        "point": [
            -3.9421425842236717,
            -4.073136527515592,
            0.7661571561143923,
            21.985575302171803
        ],
        "point_untransformed": [
            0.4057857415776328,
            0.3926863472484408,
            0.712987768664667,
            0.42651075745311484
        ]
    },
    "ncall": 29361,
    "paramnames": [
        "src1.lognorm",
        "src2.lognorm",
        "src1.logkT",
        "src1.lognH"
    ],
    "logzerr_single": 0.18457241925859758,
    "insertion_order_MWW_test": {
        "independent_iterations": Infinity,
        "converged": true
    }
}