{
    "niter": 3939,
    "logz": -17.29377231270458,
    "logzerr": 0.21716409167794506,
    "logz_bs": -17.28828891075386,
    "logz_single": -17.29377231270458,
    "logzerr_tail": 0.03785799325196493,
    "logzerr_bs": 0.21383875949238274,
    "ess": 1383.0948423436785,
    "H": 6.421580408217343,
    "Herr": 0.09756910516055223,
    "posterior": {
        "mean": [
            -4.723156662994163,
            0.6147840694150611,
            20.153112384028873
        ],
        "stdev": [
            0.04912559976029266,
            0.14943389837999269,
            0.6615258716686856
        ],
        "median": [
            -4.724908858037372,
            0.5907803445132667,
            20.15391765332968
        ],
        "errlo": [
            -4.771036671511501,
            0.47927884251386055,
            19.3927179974937
        ],
        "errup": [
            -4.675314737538831,
            0.7583684190952651,
            20.913009491675318
        ],
        "information_gain_bits": [
            3.8037954383136285,
            0.13957395076010307,
            0.2769654775452821
        ]
    },
    "maximum_likelihood": {
        "logl": -9.719591086152679,
        "point": [
            -4.72316237248361,
            0.5634640128641666,
            20.6362180393572
        ],
        "point_untransformed": [
            0.327683762751639,
            0.6311616800692725,
            0.23374543419388583
        ]
    },
    "ncall": 10536,
    "paramnames": [
        "src1.lognorm",
        "src1.logkT",
        "src1.lognH"
    ],
    "logzerr_single": 0.12670418706792352,
    "insertion_order_MWW_test": {
        "independent_iterations": Infinity,
        "converged": true
    }
}