{
    "niter": 6329,
    "logz": -78.62333965213624,
    "logzerr": 0.2550356387878422,
    "logz_bs": -78.63285607070247,
    "logz_single": -78.62333965213624,
    "logzerr_tail": 0.009926589431856314,
    "logzerr_bs": 0.25484238241347157,
    "ess": 1585.7904186025148,
    "H": 12.4359491710225,
    "Herr": 0.1389972491704622,
    "posterior": {
        "mean": [
            -4.131057916844799,
            -5.1125743753416995,
            0.3403439774822867,
            19.40539931835617
        ],
        "stdev": [
            0.027603276180507827,
            0.049607215690050624,
            0.04043851251366064,
            0.29872620620966733
        ],
        "median": [
            -4.1310612784981435,
            -5.111561805301941,
            0.3401533045451919,
            19.341949828693043
        ],
        "errlo": [
            -4.158114950191399,
            -5.161842089191663,
            0.29953272008031706,
            19.095790959891982
        ],
        "errup": [
            -4.104194149303501,
            -5.061771226508277,
            0.3801343360241322,
            19.745196294812246
        ],
        "information_gain_bits": [
            3.831532135501021,
            3.841722126484607,
            3.010265549712831,
            2.0952912450655172
        ]
    },
    "maximum_likelihood": {
        "logl": -64.35883549814312,
        "point": [
            -4.128008726969462,
            -5.110085978417096,
            0.3472048972319066,
            19.03649704162742
        ],
        "point_untransformed": [
            0.38719912730305384,
            0.28899140215829033,
            0.5438590842757799,
            0.005213863089631503
        ]
    },
    "ncall": 25485,
    "paramnames": [
        "src1.lognorm",
        "src2.lognorm",
        "src1.logkT",
        "src1.lognH"
    ],
    "logzerr_single": 0.17632320586796355,
    "insertion_order_MWW_test": {
        "independent_iterations": Infinity,
        "converged": true
    }
}