{
    "niter": 3526,
    "logz": -459.3222247781916,
    "logzerr": 0.30164523156794926,
    "logz_bs": -459.32299251042605,
    "logz_single": -459.3222247781916,
    "logzerr_tail": 0.1230899674519037,
    "logzerr_bs": 0.2753882815959514,
    "ess": 1214.4619024943327,
    "H": 6.485494705040821,
    "Herr": 0.1160315989938614,
    "posterior": {
        "mean": [
            -4.648994253181215,
            1.1460783788573676,
            20.26630435068361
        ],
        "stdev": [
            0.04845738029560872,
            0.20494375929249165,
            0.7168421493184638
        ],
        "median": [
            -4.649946604194218,
            1.1607103737781754,
            20.27190434006539
        ],
        "errlo": [
            -4.695381099876352,
            0.9207898849325127,
            19.425700159452354
        ],
        "errup": [
            -4.602795382918608,
            1.3736972801706744,
            21.073606796797023
        ],
        "information_gain_bits": [
            3.727803481790407,
            0.06214622924142199,
            -0.10616019218279205
        ]
    },
    "maximum_likelihood": {
        "logl": -452.00994549546886,
        "point": [
            -4.624718756781771,
            1.3947256389101184,
            19.16192342058774
        ],
        "point_untransformed": [
            0.33752812432182294,
            0.9667373506030212,
            0.02313191722681987
        ]
    },
    "ncall": 12914,
    "paramnames": [
        "src1.lognorm",
        "src1.logkT",
        "src1.lognH"
    ],
    "logzerr_single": 0.12733317227887656,
    "insertion_order_MWW_test": {
        "independent_iterations": Infinity,
        "converged": true
    }
}