{
    "niter": 4001,
    "logz": -40.16092031270127,
    "logzerr": 0.3812518303705286,
    "logz_bs": -40.16348026224528,
    "logz_single": -40.16092031270127,
    "logzerr_tail": 0.009928615093741655,
    "logzerr_bs": 0.38112252723133366,
    "ess": 1045.5053081922997,
    "H": 12.496412257084973,
    "Herr": 0.19914489110296052,
    "posterior": {
        "mean": [
            -2.7200524313543,
            -2.4952764538322727,
            0.3150346344770492,
            20.909587678401174
        ],
        "stdev": [
            0.15935173827150886,
            0.1592389191549794,
            0.0634500485517568,
            0.8759174128313917
        ],
        "median": [
            -2.729515888796553,
            -2.506967660947536,
            0.3143397348336201,
            21.152590367926475
        ],
        "errlo": [
            -2.8850562579093415,
            -2.6515767833083475,
            0.25372199678131047,
            19.76301733742998
        ],
        "errup": [
            -2.5552417982951017,
            -2.331281297205182,
            0.37814013396036666,
            21.779691326386207
        ],
        "information_gain_bits": [
            3.0199016677962467,
            3.0840457703754303,
            3.088544648707433,
            -0.5104128569204528
        ]
    },
    "maximum_likelihood": {
        "logl": -25.340774910788234,
        "point": [
            -2.5796688836981883,
            -2.35165307088522,
            0.26185789429760575,
            21.792306984174367
        ],
        "point_untransformed": [
            0.5420331116301812,
            0.564834692911478,
            0.8154644735744014,
            0.3989009977391952
        ]
    },
    "ncall": 21268,
    "paramnames": [
        "src1.lognorm",
        "src2.lognorm",
        "src1.logkT",
        "src1.lognH"
    ],
    "logzerr_single": 0.17675132430257046,
    "insertion_order_MWW_test": {
        "independent_iterations": Infinity,
        "converged": true
    }
}