{
    "niter": 3548,
    "logz": -37.12644192336508,
    "logzerr": 0.2761192924399029,
    "logz_bs": -37.12152628673721,
    "logz_single": -37.12644192336508,
    "logzerr_tail": 0.026273322461612736,
    "logzerr_bs": 0.27486646973456175,
    "ess": 960.0662202179686,
    "H": 10.941274192492262,
    "Herr": 0.15102049414891217,
    "posterior": {
        "mean": [
            -2.352717489778833,
            0.09676359090363595,
            22.559086694093672
        ],
        "stdev": [
            0.16340022913011723,
            0.042582005459273584,
            0.08708995954239444
        ],
        "median": [
            -2.350249856073951,
            0.09590855137234167,
            22.56507287083822
        ],
        "errlo": [
            -2.511961357592358,
            0.05460613957400762,
            22.473791333468085
        ],
        "errup": [
            -2.194113590822921,
            0.14003620393322125,
            22.6447897817116
        ],
        "information_gain_bits": [
            3.0001502938063402,
            3.389326193825436,
            3.237728050738579
        ]
    },
    "maximum_likelihood": {
        "logl": -24.69545858070066,
        "point": [
            -2.325376669513579,
            0.08778150809763252,
            22.578183842012574
        ],
        "point_untransformed": [
            0.5674623330486421,
            0.7719453770244081,
            0.5111691202875106
        ]
    },
    "ncall": 10398,
    "paramnames": [
        "src1.lognorm",
        "src1.logkT",
        "src1.lognH"
    ],
    "logzerr_single": 0.16538798469426566,
    "insertion_order_MWW_test": {
        "independent_iterations": Infinity,
        "converged": true
    }
}