{
    "niter": 5929,
    "logz": -36.26589243304512,
    "logzerr": 0.4062436879593426,
    "logz_bs": -36.25114883387765,
    "logz_single": -36.26589243304512,
    "logzerr_tail": 0.018957417666946696,
    "logzerr_bs": 0.4058011216374453,
    "ess": 1680.6999041325032,
    "H": 10.900940800031961,
    "Herr": 0.1515431688992484,
    "posterior": {
        "mean": [
            -3.846204284886039,
            0.37003527826956023,
            22.414373124587755
        ],
        "stdev": [
            0.07658632147323079,
            0.0671543646851475,
            0.05392053849628841
        ],
        "median": [
            -3.8481203740017804,
            0.3645822600419619,
            22.416192225710606
        ],
        "errlo": [
            -3.9193942711805,
            0.3060600247801728,
            22.36242603129027
        ],
        "errup": [
            -3.770526102294797,
            0.4381336349283387,
            22.46831579279798
        ],
        "information_gain_bits": [
            3.615739248531986,
            2.196978582015944,
            3.576696367891378
        ]
    },
    "maximum_likelihood": {
        "logl": -23.73338125765982,
        "point": [
            -3.844901713058654,
            0.3659598475045738,
            22.416199219114652
        ],
        "point_untransformed": [
            0.4155098286941346,
            0.5514303528347708,
            0.4880284598735219
        ]
    },
    "ncall": 16505,
    "paramnames": [
        "src1.lognorm",
        "src1.logkT",
        "src1.lognH"
    ],
    "logzerr_single": 0.16508286404130473,
    "insertion_order_MWW_test": {
        "independent_iterations": Infinity,
        "converged": true
    }
}