{
    "niter": 4913,
    "logz": -19.311624199093487,
    "logzerr": 0.23270537311264058,
    "logz_bs": -19.289035692209875,
    "logz_single": -19.311624199093487,
    "logzerr_tail": 0.014633484650445894,
    "logzerr_bs": 0.2322448100657546,
    "ess": 1636.4768966258848,
    "H": 7.2378612697766105,
    "Herr": 0.11090774671846806,
    "posterior": {
        "mean": [
            -5.377213907659067,
            1.3392150005638528,
            21.17975200736124
        ],
        "stdev": [
            0.26058360038294803,
            0.47643858005241363,
            0.9210978990072152
        ],
        "median": [
            -5.4360961865658135,
            1.2423845039678323,
            21.525561204879214
        ],
        "errlo": [
            -5.615874403088584,
            0.8903475815480943,
            19.984864236110493
        ],
        "errup": [
            -5.108342548059015,
            1.8060644484131823,
            22.021942600106126
        ],
        "information_gain_bits": [
            2.40243917934594,
            1.6817250271366977,
            -0.8298692036013586
        ]
    },
    "maximum_likelihood": {
        "logl": -10.33091267929162,
        "point": [
            -5.213998205664158,
            1.6080514283683272,
            21.90912199610179
        ],
        "point_untransformed": [
            0.2786001794335842,
            0.3544654944898713,
            0.4155888565859696
        ]
    },
    "ncall": 15291,
    "paramnames": [
        "src1.lognorm",
        "pl1.PhoIndex",
        "src1.lognH"
    ],
    "logzerr_single": 0.1345163676823067,
    "insertion_order_MWW_test": {
        "independent_iterations": Infinity,
        "converged": true
    }
}