{
    "niter": 6103,
    "logz": -45.15338617267012,
    "logzerr": 0.20464259439421478,
    "logz_bs": -45.165818170386714,
    "logz_single": -45.15338617267012,
    "logzerr_tail": 0.019456078935036203,
    "logzerr_bs": 0.2037156165660079,
    "ess": 1654.5522830454427,
    "H": 11.269732457211838,
    "Herr": 0.11053449649496185,
    "posterior": {
        "mean": [
            -4.118361556974728,
            2.708978761454478,
            22.34930329483004
        ],
        "stdev": [
            0.13233895325897244,
            0.23974611132558987,
            0.06152363862077961
        ],
        "median": [
            -4.118913511964385,
            2.7020224219322184,
            22.35194929007002
        ],
        "errlo": [
            -4.251592790011912,
            2.464981679950842,
            22.287842555259697
        ],
        "errup": [
            -3.9933778964873117,
            2.946425917321081,
            22.408923884768473
        ],
        "information_gain_bits": [
            3.251241336810852,
            2.877855595796239,
            3.5684305231482294
        ]
    },
    "maximum_likelihood": {
        "logl": -32.310983432423406,
        "point": [
            -4.106825586276143,
            2.7275997767068603,
            22.357362095254647
        ],
        "point_untransformed": [
            0.38931744137238566,
            0.44058459820822005,
            0.47962315646494963
        ]
    },
    "ncall": 17173,
    "paramnames": [
        "src1.lognorm",
        "pl1.PhoIndex",
        "src1.lognH"
    ],
    "logzerr_single": 0.16785211092813102,
    "insertion_order_MWW_test": {
        "independent_iterations": Infinity,
        "converged": true
    }
}