{
    "niter": 7137,
    "logz": -104.26266054531591,
    "logzerr": 0.3132755639006262,
    "logz_bs": -104.26852651927916,
    "logz_single": -104.26266054531591,
    "logzerr_tail": 0.009939316239368168,
    "logzerr_bs": 0.31311785150315075,
    "ess": 1748.0453834617524,
    "H": 14.471686566896253,
    "Herr": 0.15640878724405088,
    "posterior": {
        "mean": [
            -4.070045669130186,
            -4.275313127773308,
            0.4827669488501721,
            21.485670702575913
        ],
        "stdev": [
            0.035059708926876355,
            0.03652064667006855,
            0.05925249531371456,
            0.09382671002991196
        ],
        "median": [
            -4.069561887759981,
            -4.27595492532707,
            0.48211658764076537,
            21.490306488883313
        ],
        "errlo": [
            -4.104869936901763,
            -4.311180290757125,
            0.42357537251541966,
            21.38947557181511
        ],
        "errup": [
            -4.03542795126595,
            -4.238391952728053,
            0.5425263366968092,
            21.579504884693712
        ],
        "information_gain_bits": [
            3.938612058790681,
            3.996993147090689,
            2.4962298408973087,
            3.152484582541543
        ]
    },
    "maximum_likelihood": {
        "logl": -87.80399788177614,
        "point": [
            -4.065966302912376,
            -4.27262393398916,
            0.478003023540575,
            21.496403241912336
        ],
        "point_untransformed": [
            0.39340336970876244,
            0.372737606601084,
            0.596661556524346,
            0.3566290345589054
        ]
    },
    "ncall": 33188,
    "paramnames": [
        "src1.lognorm",
        "src2.lognorm",
        "src1.logkT",
        "src1.lognH"
    ],
    "logzerr_single": 0.19020835001976288,
    "insertion_order_MWW_test": {
        "independent_iterations": Infinity,
        "converged": true
    }
}