{
    "niter": 6416,
    "logz": -75.82208273093178,
    "logzerr": 0.29947294016326564,
    "logz_bs": -75.81218597630722,
    "logz_single": -75.82208273093178,
    "logzerr_tail": 0.023529933785638946,
    "logzerr_bs": 0.2985471220864042,
    "ess": 1595.3534084185017,
    "H": 12.582300511524288,
    "Herr": 0.1376514840953005,
    "posterior": {
        "mean": [
            -3.5004504559657637,
            0.35264094103309346,
            22.23717184511326
        ],
        "stdev": [
            0.04271463146606464,
            0.040605147650324025,
            0.03861328670932719
        ],
        "median": [
            -3.501368576544182,
            0.35098245818361784,
            22.237659132399273
        ],
        "errlo": [
            -3.5435302021530264,
            0.31354326792149334,
            22.197453894085783
        ],
        "errup": [
            -3.4559829434734723,
            0.39190975727111255,
            22.275871325246072
        ],
        "information_gain_bits": [
            3.856576478293668,
            2.9926198220015165,
            3.804831330403616
        ]
    },
    "maximum_likelihood": {
        "logl": -61.727778605540664,
        "point": [
            -3.494475402120356,
            0.3454728681504369,
            22.24263750470502
        ],
        "point_untransformed": [
            0.4505524597879644,
            0.5431598738200262,
            0.4632339292435742
        ]
    },
    "ncall": 15381,
    "paramnames": [
        "src1.lognorm",
        "src1.logkT",
        "src1.lognH"
    ],
    "logzerr_single": 0.17735769303531979,
    "insertion_order_MWW_test": {
        "independent_iterations": Infinity,
        "converged": true
    }
}