{
    "niter": 4381,
    "logz": -17.601509338790123,
    "logzerr": 0.15945296678441565,
    "logz_bs": -17.62462800254875,
    "logz_single": -17.601509338790123,
    "logzerr_tail": 0.009947196000837266,
    "logzerr_bs": 0.15914239506829375,
    "ess": 1488.2567051632018,
    "H": 6.042140708658408,
    "Herr": 0.09968797924352746,
    "posterior": {
        "mean": [
            -4.61156273570754,
            0.7548451816673589,
            20.586472519551386
        ],
        "stdev": [
            0.07356467955172159,
            0.24373239066949526,
            0.7824974311963654
        ],
        "median": [
            -4.619128875739601,
            0.7198267112477905,
            20.72538238913721
        ],
        "errlo": [
            -4.681130264985344,
            0.5252793930037998,
            19.608870739836416
        ],
        "errup": [
            -4.542684431107362,
            0.9986984089866746,
            21.391165760348336
        ],
        "information_gain_bits": [
            3.4342591987576085,
            -1.16270643522756,
            -0.3770458107995742
        ]
    },
    "maximum_likelihood": {
        "logl": -9.764198462854473,
        "point": [
            -4.553329462002543,
            0.5549693314580904,
            21.41551197613931
        ],
        "point_untransformed": [
            0.34466705379974577,
            0.6277324246826452,
            0.34507313944847307
        ]
    },
    "ncall": 14878,
    "paramnames": [
        "src1.lognorm",
        "src1.logkT",
        "src1.lognH"
    ],
    "logzerr_single": 0.12290383139530688,
    "insertion_order_MWW_test": {
        "independent_iterations": Infinity,
        "converged": true
    }
}