{
    "niter": 2595,
    "logz": -23.14468435503289,
    "logzerr": 0.508125518074589,
    "logz_bs": -23.172539565670846,
    "logz_single": -23.14468435503289,
    "logzerr_tail": 0.037464591994314844,
    "logzerr_bs": 0.5067424853564866,
    "ess": 793.296017837587,
    "H": 7.67669739727166,
    "Herr": 0.1686356965352651,
    "posterior": {
        "mean": [
            -1.034169048473091,
            -0.42971464776315815,
            19.907610003239714
        ],
        "stdev": [
            0.3052127943043839,
            0.07937494278505171,
            0.5777253018221258
        ],
        "median": [
            -1.0378314450968515,
            -0.4316705911000791,
            19.849297071999015
        ],
        "errlo": [
            -1.3328065140586025,
            -0.5124750669906857,
            19.264846719382632
        ],
        "errup": [
            -0.7325549752584337,
            -0.3518786924229394,
            20.555046033950347
        ],
        "information_gain_bits": [
            2.0040219841824825,
            2.7743519201640914,
            0.4445924883989844
        ]
    },
    "maximum_likelihood": {
        "logl": -14.25091788841736,
        "point": [
            -1.0128379201766196,
            -0.4376719623478582,
            19.09831815971102
        ],
        "point_untransformed": [
            0.698716207982338,
            0.6405820094130354,
            0.014045451387288736
        ]
    },
    "ncall": 6398,
    "paramnames": [
        "src1.lognorm",
        "src1.logkT",
        "src1.lognH"
    ],
    "logzerr_single": 0.13853426829914378,
    "insertion_order_MWW_test": {
        "independent_iterations": Infinity,
        "converged": true
    }
}