{
    "niter": 4448,
    "logz": -18.729825124422383,
    "logzerr": 0.2674419540421337,
    "logz_bs": -18.73931062838416,
    "logz_single": -18.729825124422383,
    "logzerr_tail": 0.018189264878611056,
    "logzerr_bs": 0.2668226928599786,
    "ess": 1482.3394539249039,
    "H": 7.238204169171269,
    "Herr": 0.11300434512020523,
    "posterior": {
        "mean": [
            -5.565207378483904,
            1.8730036899592113,
            21.067840740161305
        ],
        "stdev": [
            0.2264387568115514,
            0.5476870585431765,
            0.7929317019451252
        ],
        "median": [
            -5.606075395273167,
            1.777869923985314,
            21.355071609596692
        ],
        "errlo": [
            -5.782497763251095,
            1.358854491052468,
            20.09035312882709
        ],
        "errup": [
            -5.3418339285680645,
            2.4246374105572857,
            21.76220522305359
        ],
        "information_gain_bits": [
            2.5962179346753436,
            1.2401114261161605,
            -0.42888122284063124
        ]
    },
    "maximum_likelihood": {
        "logl": -9.87394601335049,
        "point": [
            -5.472404645783081,
            2.0392164263487054,
            21.59523456863405
        ],
        "point_untransformed": [
            0.2527595354216919,
            0.38763203279605424,
            0.3707477955191502
        ]
    },
    "ncall": 14671,
    "paramnames": [
        "src1.lognorm",
        "pl1.PhoIndex",
        "src1.lognH"
    ],
    "logzerr_single": 0.13451955405415292,
    "insertion_order_MWW_test": {
        "independent_iterations": Infinity,
        "converged": true
    }
}