{
    "niter": 4660,
    "logz": -13.1713787968979,
    "logzerr": 0.20784477037189156,
    "logz_bs": -13.148903158920387,
    "logz_single": -13.1713787968979,
    "logzerr_tail": 0.046821971938637574,
    "logzerr_bs": 0.20250222595004175,
    "ess": 1563.3311354772036,
    "H": 7.5977219933798,
    "Herr": 0.09404275480737695,
    "posterior": {
        "mean": [
            -4.562726615766663,
            2.217982041082317,
            20.02438970744773
        ],
        "stdev": [
            0.06789781801928567,
            0.24557539079896737,
            0.6304318597916312
        ],
        "median": [
            -4.568296557271446,
            2.209313571468239,
            19.994423667021778
        ],
        "errlo": [
            -4.623663537471192,
            1.9840125327274203,
            19.29177512928747
        ],
        "errup": [
            -4.506489095992377,
            2.4453082738287506,
            20.724393332304533
        ],
        "information_gain_bits": [
            3.5617703127627616,
            2.7320368440172267,
            0.4539828650122334
        ]
    },
    "maximum_likelihood": {
        "logl": -4.348640925279527,
        "point": [
            -4.58388408622293,
            2.1425816671774003,
            19.181484375693454
        ],
        "point_untransformed": [
            0.34161159137770697,
            0.39558320516749235,
            0.025926339384779243
        ]
    },
    "ncall": 11507,
    "paramnames": [
        "src1.lognorm",
        "pl1.PhoIndex",
        "src1.lognH"
    ],
    "logzerr_single": 0.13781982797641817,
    "insertion_order_MWW_test": {
        "independent_iterations": Infinity,
        "converged": true
    }
}