{
    "niter": 2659,
    "logz": -16.71385119120209,
    "logzerr": 0.2452143000669743,
    "logz_bs": -16.708903662223857,
    "logz_single": -16.71385119120209,
    "logzerr_tail": 0.045484159911303834,
    "logzerr_bs": 0.24095900928269742,
    "ess": 856.6926719145142,
    "H": 7.823961875360691,
    "Herr": 0.1313921313663669,
    "posterior": {
        "mean": [
            -2.369994288443427,
            -0.1532568092259239,
            20.03333425574307
        ],
        "stdev": [
            0.16602008405216032,
            0.04965459061499986,
            0.6505099312481836
        ],
        "median": [
            -2.3685989232667435,
            -0.15433197260923937,
            19.980286176190447
        ],
        "errlo": [
            -2.521633385136497,
            -0.19963541172638166,
            19.325537683648406
        ],
        "errup": [
            -2.2181117763849585,
            -0.10570017250989716,
            20.77543623796338
        ],
        "information_gain_bits": [
            2.923676268209085,
            3.2800958698899447,
            0.19972683723937068
        ]
    },
    "maximum_likelihood": {
        "logl": -7.638551679582084,
        "point": [
            -2.3823968878589916,
            -0.1510566536565663,
            19.05853446006461
        ],
        "point_untransformed": [
            0.5617603112141009,
            0.7122358365858584,
            0.008362065723515708
        ]
    },
    "ncall": 6279,
    "paramnames": [
        "src1.lognorm",
        "src1.logkT",
        "src1.lognH"
    ],
    "logzerr_single": 0.13985672914951833,
    "insertion_order_MWW_test": {
        "independent_iterations": Infinity,
        "converged": true
    }
}