{
    "niter": 3434,
    "logz": -104.33200137477259,
    "logzerr": 0.3952244307822111,
    "logz_bs": -104.30452870541306,
    "logz_single": -104.33200137477259,
    "logzerr_tail": 0.02147371369267148,
    "logzerr_bs": 0.3946406343844586,
    "ess": 825.3994302280835,
    "H": 12.628935875475179,
    "Herr": 0.20140626382421928,
    "posterior": {
        "mean": [
            -1.9173649696728727,
            0.12671080029937484,
            22.46612615427781
        ],
        "stdev": [
            0.09058725503939886,
            0.024895629491843287,
            0.053237155450679266
        ],
        "median": [
            -1.9158492925564206,
            0.12546673978241252,
            22.46601299441343
        ],
        "errlo": [
            -2.005271594735417,
            0.10264456683555157,
            22.41462934293583
        ],
        "errup": [
            -1.827435993052024,
            0.14886360105465002,
            22.5208117300701
        ],
        "information_gain_bits": [
            3.5221861580489335,
            3.658064452574288,
            3.5892283199432504
        ]
    },
    "maximum_likelihood": {
        "logl": -90.1848132529006,
        "point": [
            -1.9084673777591261,
            0.12369396873444938,
            22.473354257456425
        ],
        "point_untransformed": [
            0.6091532622240874,
            0.7809234921836123,
            0.496193465350918
        ]
    },
    "ncall": 9557,
    "paramnames": [
        "src1.lognorm",
        "src1.logkT",
        "src1.lognH"
    ],
    "logzerr_single": 0.17768607060962305,
    "insertion_order_MWW_test": {
        "independent_iterations": Infinity,
        "converged": true
    }
}