{
    "niter": 4495,
    "logz": -14.64736795288393,
    "logzerr": 0.24327669844017608,
    "logz_bs": -14.638912300836495,
    "logz_single": -14.64736795288393,
    "logzerr_tail": 0.021716646012158947,
    "logzerr_bs": 0.24230546690063548,
    "ess": 1382.1850331745354,
    "H": 7.46992181471266,
    "Herr": 0.12283697744773499,
    "posterior": {
        "mean": [
            -5.619730535195561,
            1.1106063532170505,
            20.42442685024745
        ],
        "stdev": [
            0.1240490909654369,
            0.25806118489236735,
            0.7809185883262244
        ],
        "median": [
            -5.629532573334611,
            1.0931735732704864,
            20.44279380902296
        ],
        "errlo": [
            -5.736300145399626,
            0.8635420232588613,
            19.48329138103837
        ],
        "errup": [
            -5.512288085835406,
            1.3434358188324458,
            21.308312050293146
        ],
        "information_gain_bits": [
            3.1759360017903147,
            2.711854576532092,
            -0.246830547434583
        ]
    },
    "maximum_likelihood": {
        "logl": -5.939490549079238,
        "point": [
            -5.5953034128303,
            1.1252103728843679,
            21.06760025647683
        ],
        "point_untransformed": [
            0.24046965871697001,
            0.3173238748372591,
            0.2953714652109754
        ]
    },
    "ncall": 11891,
    "paramnames": [
        "src1.lognorm",
        "pl1.PhoIndex",
        "src1.lognH"
    ],
    "logzerr_single": 0.1366557885227759,
    "insertion_order_MWW_test": {
        "independent_iterations": Infinity,
        "converged": true
    }
}