{
    "niter": 5346,
    "logz": -31.821140051649873,
    "logzerr": 0.3575985047090912,
    "logz_bs": -31.84462347890873,
    "logz_single": -31.821140051649873,
    "logzerr_tail": 0.017571033530035862,
    "logzerr_bs": 0.3571665568762903,
    "ess": 1553.88104098084,
    "H": 9.221703094419727,
    "Herr": 0.14993664421677308,
    "posterior": {
        "mean": [
            -4.058282507370673,
            0.8440992777663973,
            22.559622031709242
        ],
        "stdev": [
            0.09158383577794561,
            0.236646102790288,
            0.07382604625365784
        ],
        "median": [
            -4.071771134068008,
            0.8018331085365817,
            22.560830292675977
        ],
        "errlo": [
            -4.147148857314662,
            0.6115317480143785,
            22.48137304031638
        ],
        "errup": [
            -3.960740953983067,
            1.1126003681250562,
            22.635598786185252
        ],
        "information_gain_bits": [
            3.5406742921946015,
            -0.22758397624420068,
            3.4283671683226062
        ]
    },
    "maximum_likelihood": {
        "logl": -21.04502793322797,
        "point": [
            -4.012453041576009,
            0.6786261616499216,
            22.601049226211533
        ],
        "point_untransformed": [
            0.39875469584239903,
            0.6776519956185564,
            0.5144356037445046
        ]
    },
    "ncall": 14351,
    "paramnames": [
        "src1.lognorm",
        "src1.logkT",
        "src1.lognH"
    ],
    "logzerr_single": 0.1518362859663306,
    "insertion_order_MWW_test": {
        "independent_iterations": Infinity,
        "converged": true
    }
}