{
    "niter": 6175,
    "logz": -61.28350459712823,
    "logzerr": 0.23749365134946027,
    "logz_bs": -61.295211779305724,
    "logz_single": -61.28350459712823,
    "logzerr_tail": 0.02215049931071178,
    "logzerr_bs": 0.23645843146647394,
    "ess": 1604.8089938977873,
    "H": 11.485962674360117,
    "Herr": 0.12491646549625736,
    "posterior": {
        "mean": [
            -4.188040499775773,
            2.035472125449557,
            22.689056813636448
        ],
        "stdev": [
            0.17105157183906805,
            0.25947840664823163,
            0.060737256681208926
        ],
        "median": [
            -4.1940243644222415,
            2.023417034986667,
            22.690519116386298
        ],
        "errlo": [
            -4.356119504886369,
            1.774278760796821,
            22.629910353253276
        ],
        "errup": [
            -4.0180408393064315,
            2.29617145831552,
            22.74792746379606
        ],
        "information_gain_bits": [
            2.9708049156406093,
            2.7838962020184175,
            3.5394702321244904
        ]
    },
    "maximum_likelihood": {
        "logl": -48.29257882140486,
        "point": [
            -4.188628689265636,
            2.0333527049453224,
            22.69146274605395
        ],
        "point_untransformed": [
            0.3811371310734364,
            0.38718097730348633,
            0.5273518208648502
        ]
    },
    "ncall": 17771,
    "paramnames": [
        "src1.lognorm",
        "pl1.PhoIndex",
        "src1.lognH"
    ],
    "logzerr_single": 0.169454733442003,
    "insertion_order_MWW_test": {
        "independent_iterations": Infinity,
        "converged": true
    }
}