{
    "niter": 5250,
    "logz": -13.551706860994896,
    "logzerr": 0.23222262648569444,
    "logz_bs": -13.525366857508113,
    "logz_single": -13.551706860994896,
    "logzerr_tail": 0.018157660425741184,
    "logzerr_bs": 0.23151165763256465,
    "ess": 1672.0541268800991,
    "H": 8.356489475106965,
    "Herr": 0.09251711124706803,
    "posterior": {
        "mean": [
            -4.572342582667683,
            3.3653659807563687,
            22.464041798134136
        ],
        "stdev": [
            0.4359078630832425,
            0.7994635247470117,
            0.16763133724070362
        ],
        "median": [
            -4.607053532977956,
            3.2921108879938217,
            22.475525078002512
        ],
        "errlo": [
            -4.98154146341428,
            2.585026015137932,
            22.30433503323861
        ],
        "errup": [
            -4.157212427693048,
            4.149731009146333,
            22.618070620400506
        ],
        "information_gain_bits": [
            1.1106047474126335,
            0.057638420555462894,
            2.1450217958617976
        ]
    },
    "maximum_likelihood": {
        "logl": -3.619791387906094,
        "point": [
            -4.5931264093826805,
            3.3089918115052965,
            22.476627109063976
        ],
        "point_untransformed": [
            0.340687359061732,
            0.48530706242348437,
            0.496661015580568
        ]
    },
    "ncall": 16315,
    "paramnames": [
        "src1.lognorm",
        "pl1.PhoIndex",
        "src1.lognH"
    ],
    "logzerr_single": 0.14453796625028115,
    "insertion_order_MWW_test": {
        "independent_iterations": Infinity,
        "converged": true
    }
}