{
    "niter": 5474,
    "logz": -30.35045802663059,
    "logzerr": 0.2502353419050387,
    "logz_bs": -30.32441301432552,
    "logz_single": -30.35045802663059,
    "logzerr_tail": 0.01958781022565148,
    "logzerr_bs": 0.2494675209899988,
    "ess": 1679.1372542920979,
    "H": 9.116092623833925,
    "Herr": 0.1335793449501526,
    "posterior": {
        "mean": [
            -4.060322585379408,
            0.8021633716445608,
            22.908992288996295
        ],
        "stdev": [
            0.11285344459640409,
            0.20616565512282356,
            0.06831783801280253
        ],
        "median": [
            -4.082305175223578,
            0.7865046584382421,
            22.906822304525075
        ],
        "errlo": [
            -4.1677312130112645,
            0.5985934246769273,
            22.840270000386923
        ],
        "errup": [
            -3.9466228278988944,
            0.9951571753626749,
            22.97855166556512
        ],
        "information_gain_bits": [
            3.3850890219328726,
            -0.29297938859649203,
            3.468101120573403
        ]
    },
    "maximum_likelihood": {
        "logl": -19.62650635195448,
        "point": [
            -4.049831243033497,
            0.7260207870989306,
            22.91685573152675
        ],
        "point_untransformed": [
            0.39501687569665034,
            0.6967849409108823,
            0.5595508187895354
        ]
    },
    "ncall": 17002,
    "paramnames": [
        "src1.lognorm",
        "src1.logkT",
        "src1.lognH"
    ],
    "logzerr_single": 0.15096433870151194,
    "insertion_order_MWW_test": {
        "independent_iterations": Infinity,
        "converged": true
    }
}