{
    "niter": 5835,
    "logz": -44.207200156840464,
    "logzerr": 0.3143958258944233,
    "logz_bs": -44.239402867514755,
    "logz_single": -44.207200156840464,
    "logzerr_tail": 0.022435455901153034,
    "logzerr_bs": 0.31359430106164865,
    "ess": 1536.045568217557,
    "H": 11.310437328137091,
    "Herr": 0.154876652740801,
    "posterior": {
        "mean": [
            -4.186708817657282,
            2.6767282385922346,
            22.2640791304646
        ],
        "stdev": [
            0.11809749189245825,
            0.21770695892513994,
            0.06205083664146169
        ],
        "median": [
            -4.192078132683108,
            2.6675296548390346,
            22.264573093526064
        ],
        "errlo": [
            -4.307109095925161,
            2.4585244155739323,
            22.203017204909614
        ],
        "errup": [
            -4.063762488955616,
            2.901166326565222,
            22.32725866321397
        ],
        "information_gain_bits": [
            3.3691498230648502,
            3.0038376546450096,
            3.5148433464412294
        ]
    },
    "maximum_likelihood": {
        "logl": -31.36918468417887,
        "point": [
            -4.185487357762227,
            2.6798411505442354,
            22.26563191414535
        ],
        "point_untransformed": [
            0.38145126422377723,
            0.436910857734172,
            0.4665188448779068
        ]
    },
    "ncall": 16163,
    "paramnames": [
        "src1.lognorm",
        "pl1.PhoIndex",
        "src1.lognH"
    ],
    "logzerr_single": 0.16815496817026468,
    "insertion_order_MWW_test": {
        "independent_iterations": Infinity,
        "converged": true
    }
}