{
    "niter": 4017,
    "logz": -16.596379760644012,
    "logzerr": 0.23918716740173468,
    "logz_bs": -16.625880621564207,
    "logz_single": -16.596379760644012,
    "logzerr_tail": 0.010190952755451121,
    "logzerr_bs": 0.23896996784450053,
    "ess": 1328.2476377101277,
    "H": 5.405380744168628,
    "Herr": 0.1047298992977257,
    "posterior": {
        "mean": [
            -5.095214714306073,
            0.845511073114688,
            20.711351145628722
        ],
        "stdev": [
            0.10384860059603865,
            0.341595881323786,
            0.7896503874939513
        ],
        "median": [
            -5.103443629453536,
            0.847448531464366,
            20.891425751365936
        ],
        "errlo": [
            -5.190443944305379,
            0.4776238849357426,
            19.685586508577753
        ],
        "errup": [
            -5.003307520823589,
            1.2451375888372298,
            21.506001702934014
        ],
        "information_gain_bits": [
            3.25104346716184,
            -1.8232900832037082,
            -0.5054520153626684
        ]
    },
    "maximum_likelihood": {
        "logl": -9.606603952464932,
        "point": [
            -5.037072412812508,
            0.5280923199383569,
            21.470193371261615
        ],
        "point_untransformed": [
            0.2962927587187492,
            0.6168823254117579,
            0.3528847673230881
        ]
    },
    "ncall": 12160,
    "paramnames": [
        "src1.lognorm",
        "src1.logkT",
        "src1.lognH"
    ],
    "logzerr_single": 0.1162473735635415,
    "insertion_order_MWW_test": {
        "independent_iterations": Infinity,
        "converged": true
    }
}