{
    "niter": 5213,
    "logz": -29.668256945882824,
    "logzerr": 0.2236897994818434,
    "logz_bs": -29.696770451954208,
    "logz_single": -29.668256945882824,
    "logzerr_tail": 0.01513654086139482,
    "logzerr_bs": 0.22317708556878912,
    "ess": 1797.7665525478606,
    "H": 8.348190904888845,
    "Herr": 0.08657995807743339,
    "posterior": {
        "mean": [
            -4.095678891740373,
            2.6225060072902173,
            21.168338550794893
        ],
        "stdev": [
            0.1450893219679476,
            0.39846272700761454,
            0.590630816712903
        ],
        "median": [
            -4.105547663138741,
            2.570975096186534,
            21.35537377395438
        ],
        "errlo": [
            -4.247053000733868,
            2.2298144405425377,
            20.72474958261477
        ],
        "errup": [
            -3.94795607126084,
            3.0442643549243806,
            21.61984518952948
        ],
        "information_gain_bits": [
            3.2086926631687374,
            2.1067026049403745,
            0.1453334271416511
        ]
    },
    "maximum_likelihood": {
        "logl": -19.421034799795297,
        "point": [
            -4.036394970150361,
            2.723511276950231,
            21.485180065436783
        ],
        "point_untransformed": [
            0.39636050298496384,
            0.44027009822694085,
            0.35502572363382606
        ]
    },
    "ncall": 17547,
    "paramnames": [
        "src1.lognorm",
        "pl1.PhoIndex",
        "src1.lognH"
    ],
    "logzerr_single": 0.14446618034066697,
    "insertion_order_MWW_test": {
        "independent_iterations": Infinity,
        "converged": true
    }
}