{
    "niter": 5744,
    "logz": -42.41601142818508,
    "logzerr": 0.23933905184995283,
    "logz_bs": -42.42608830893679,
    "logz_single": -42.41601142818508,
    "logzerr_tail": 0.018361905056451633,
    "logzerr_bs": 0.23863365685320304,
    "ess": 1648.1159823097132,
    "H": 10.20418796708087,
    "Herr": 0.127044264665212,
    "posterior": {
        "mean": [
            -4.108496054813185,
            0.4773664842904313,
            22.125967295244532
        ],
        "stdev": [
            0.07313020794406255,
            0.09219356655275972,
            0.0784371923867534
        ],
        "median": [
            -4.109738557904143,
            0.47230478328407854,
            22.128287237789625
        ],
        "errlo": [
            -4.183714268978025,
            0.3904068987146938,
            22.047826533206685
        ],
        "errup": [
            -4.034482833011737,
            0.5618915694685251,
            22.205266634349705
        ],
        "information_gain_bits": [
            3.6609158080394475,
            1.4828255456190014,
            3.3685989685412583
        ]
    },
    "maximum_likelihood": {
        "logl": -30.651371868626235,
        "point": [
            -4.097402811140396,
            0.45322599217663906,
            22.140410412729654
        ],
        "point_untransformed": [
            0.39025971888596034,
            0.5866592075005637,
            0.4486300589613793
        ]
    },
    "ncall": 15011,
    "paramnames": [
        "src1.lognorm",
        "src1.logkT",
        "src1.lognH"
    ],
    "logzerr_single": 0.1597199734463482,
    "insertion_order_MWW_test": {
        "independent_iterations": Infinity,
        "converged": true
    }
}