{
    "niter": 2443,
    "logz": -11.473290563950417,
    "logzerr": 0.28195969394748566,
    "logz_bs": -11.486117718788483,
    "logz_single": -11.473290563950417,
    "logzerr_tail": 0.0592370755007412,
    "logzerr_bs": 0.2756668966290281,
    "ess": 837.575664098979,
    "H": 7.125071728602575,
    "Herr": 0.15018625870606414,
    "posterior": {
        "mean": [
            -1.2953845448602355,
            -0.33980965874376656,
            20.088851761825104
        ],
        "stdev": [
            0.2840312744868731,
            0.0749881952927801,
            0.645546912595072
        ],
        "median": [
            -1.3191014755185417,
            -0.3372302825691569,
            20.060954376524705
        ],
        "errlo": [
            -1.5665471934102513,
            -0.41567648513154554,
            19.375839333621034
        ],
        "errup": [
            -1.0211124809494458,
            -0.2679690354897586,
            20.808941135031368
        ],
        "information_gain_bits": [
            2.0141849920154953,
            2.7378494350299096,
            0.10980914654737095
        ]
    },
    "maximum_likelihood": {
        "logl": -3.1328017142565963,
        "point": [
            -1.355197402473511,
            -0.3269674181793567,
            19.1139168482098
        ],
        "point_untransformed": [
            0.6644802597526489,
            0.6682581454551608,
            0.016273835458543023
        ]
    },
    "ncall": 5606,
    "paramnames": [
        "src1.lognorm",
        "src1.logkT",
        "src1.lognH"
    ],
    "logzerr_single": 0.1334641499486152,
    "insertion_order_MWW_test": {
        "independent_iterations": Infinity,
        "converged": true
    }
}