{
    "niter": 6174,
    "logz": -91.76460162869999,
    "logzerr": 0.12355616382044912,
    "logz_bs": -91.80157217296195,
    "logz_single": -91.76460162869999,
    "logzerr_tail": 0.024899221890379408,
    "logzerr_bs": 0.12102129716409138,
    "ess": 1535.1429213008498,
    "H": 12.429164034280674,
    "Herr": 0.10884479228663942,
    "posterior": {
        "mean": [
            -3.5461026449475748,
            0.4938750188793924,
            22.393225507940755
        ],
        "stdev": [
            0.03818045293434082,
            0.0432820929164826,
            0.02849077289640312
        ],
        "median": [
            -3.544484880501539,
            0.49008226331568205,
            22.394061113502683
        ],
        "errlo": [
            -3.5838747260603574,
            0.4529995796343893,
            22.364881524782998
        ],
        "errup": [
            -3.5092271027130297,
            0.5393624754181361,
            22.420854185662787
        ],
        "information_gain_bits": [
            3.9141523277488415,
            2.878100491088872,
            3.8216391482184275
        ]
    },
    "maximum_likelihood": {
        "logl": -77.86060570168424,
        "point": [
            -3.538225197233558,
            0.4816947637230684,
            22.398518031001885
        ],
        "point_untransformed": [
            0.44617748027664417,
            0.5981518913940903,
            0.4855025758574119
        ]
    },
    "ncall": 16166,
    "paramnames": [
        "src1.lognorm",
        "src1.logkT",
        "src1.lognH"
    ],
    "logzerr_single": 0.17627509774696393,
    "insertion_order_MWW_test": {
        "independent_iterations": Infinity,
        "converged": true
    }
}