{
    "niter": 4637,
    "logz": -15.912791422990674,
    "logzerr": 0.17172353446222205,
    "logz_bs": -15.965041825562645,
    "logz_single": -15.912791422990674,
    "logzerr_tail": 0.027329026103338094,
    "logzerr_bs": 0.16953494218137166,
    "ess": 1465.3085127171155,
    "H": 7.416423307352138,
    "Herr": 0.1262114957690057,
    "posterior": {
        "mean": [
            -5.604842156869147,
            1.8051764378979704,
            20.286319454686886
        ],
        "stdev": [
            0.09474187780798517,
            0.2520626667137466,
            0.7123895588296798
        ],
        "median": [
            -5.616054172053413,
            1.789100059613105,
            20.28763374245949
        ],
        "errlo": [
            -5.691608655063611,
            1.5682493437935303,
            19.469993309380516
        ],
        "errup": [
            -5.519414729824913,
            2.032994692519631,
            21.096363459820978
        ],
        "information_gain_bits": [
            3.385476272661317,
            2.584644405517434,
            0.0830497902152082
        ]
    },
    "maximum_likelihood": {
        "logl": -7.331585809803107,
        "point": [
            -5.580844621689906,
            1.835906522787072,
            20.843504853941678
        ],
        "point_untransformed": [
            0.24191553783100947,
            0.3719928094451594,
            0.26335783627738274
        ]
    },
    "ncall": 14183,
    "paramnames": [
        "src1.lognorm",
        "pl1.PhoIndex",
        "src1.lognH"
    ],
    "logzerr_single": 0.1361655546325147,
    "insertion_order_MWW_test": {
        "independent_iterations": Infinity,
        "converged": true
    }
}