{
    "niter": 2949,
    "logz": -17.244757610392764,
    "logzerr": 0.2800002539160037,
    "logz_bs": -17.26081675534842,
    "logz_single": -17.244757610392764,
    "logzerr_tail": 0.012741995162851794,
    "logzerr_bs": 0.27971017813496957,
    "ess": 975.841730211046,
    "H": 7.373398181119073,
    "Herr": 0.12375986594503378,
    "posterior": {
        "mean": [
            -3.1604545178645322,
            0.07566721108872679,
            21.251006296091152
        ],
        "stdev": [
            0.3189646793077933,
            0.08848679816490647,
            0.9427781879091831
        ],
        "median": [
            -3.2005423574573397,
            0.07791493070684119,
            21.57394530079165
        ],
        "errlo": [
            -3.4756763563356685,
            -0.01557176593328545,
            20.04018988142397
        ],
        "errup": [
            -2.830566487052142,
            0.16330289671986442,
            22.11132732258738
        ],
        "information_gain_bits": [
            2.0405327798769584,
            2.5665785199193745,
            -0.8353273791617426
        ]
    },
    "maximum_likelihood": {
        "logl": -8.034532617574675,
        "point": [
            -2.9158845025003437,
            0.007628781389541928,
            22.028827612821434
        ],
        "point_untransformed": [
            0.5084115497499656,
            0.7519071953473855,
            0.4326896589744905
        ]
    },
    "ncall": 8136,
    "paramnames": [
        "src1.lognorm",
        "src1.logkT",
        "src1.lognH"
    ],
    "logzerr_single": 0.13577000940118433,
    "insertion_order_MWW_test": {
        "independent_iterations": Infinity,
        "converged": true
    }
}