{
    "niter": 6993,
    "logz": -226.49900641388314,
    "logzerr": 0.3830888831287296,
    "logz_bs": -226.47752429673858,
    "logz_single": -226.49900641388314,
    "logzerr_tail": 0.024625115729776326,
    "logzerr_bs": 0.38229660742950955,
    "ess": 1625.2922512594203,
    "H": 13.79599301234262,
    "Herr": 0.14477339745176657,
    "posterior": {
        "mean": [
            -2.7610951027841515,
            0.8951818447842801,
            22.415280416542338
        ],
        "stdev": [
            0.012498256634263108,
            0.041243164267848756,
            0.01262443016305196
        ],
        "median": [
            -2.761700350468394,
            0.8932456479827466,
            22.415318206076144
        ],
        "errlo": [
            -2.7731324110976585,
            0.8547768640304864,
            22.403105245598372
        ],
        "errup": [
            -2.7484864366421635,
            0.9358661585314777,
            22.427440303932876
        ],
        "information_gain_bits": [
            4.14647919764959,
            2.9348778147950254,
            3.819321289324841
        ]
    },
    "maximum_likelihood": {
        "logl": -211.26635247064,
        "point": [
            -2.760910586374613,
            0.8917811386631689,
            22.41578544428482
        ],
        "point_untransformed": [
            0.5239089413625387,
            0.7637014680079772,
            0.4879693491835455
        ]
    },
    "ncall": 16010,
    "paramnames": [
        "src1.lognorm",
        "src1.logkT",
        "src1.lognH"
    ],
    "logzerr_single": 0.18571478813184628,
    "insertion_order_MWW_test": {
        "independent_iterations": Infinity,
        "converged": true
    }
}