{
    "niter": 5381,
    "logz": -20.526894403577327,
    "logzerr": 0.2283109488133994,
    "logz_bs": -20.51773490940047,
    "logz_single": -20.526894403577327,
    "logzerr_tail": 0.01754983570415547,
    "logzerr_bs": 0.22763543795910124,
    "ess": 1765.6194846840447,
    "H": 9.131557486589154,
    "Herr": 0.07629425755187633,
    "posterior": {
        "mean": [
            -5.047595849820191,
            1.8861421518866655,
            21.454537448857387
        ],
        "stdev": [
            0.1411749639650086,
            0.31474150631978765,
            0.3990121929841225
        ],
        "median": [
            -5.047734382894155,
            1.884544561361432,
            21.548334153717914
        ],
        "errlo": [
            -5.19218195058947,
            1.559137880916679,
            21.25313837514902
        ],
        "errup": [
            -4.903663548357511,
            2.200238007636089,
            21.7221654348976
        ],
        "information_gain_bits": [
            3.2102011354083646,
            2.5076536434024,
            0.5078004247036371
        ]
    },
    "maximum_likelihood": {
        "logl": -9.639552629670762,
        "point": [
            -5.005791133052654,
            1.9645285472529874,
            21.608822005956576
        ],
        "point_untransformed": [
            0.2994208866947346,
            0.38188681132715285,
            0.3726888579937967
        ]
    },
    "ncall": 14109,
    "paramnames": [
        "src1.lognorm",
        "pl1.PhoIndex",
        "src1.lognH"
    ],
    "logzerr_single": 0.15109233506856953,
    "insertion_order_MWW_test": {
        "independent_iterations": Infinity,
        "converged": true
    }
}