{
    "niter": 3646,
    "logz": -58.21182160978997,
    "logzerr": 0.4418914830655358,
    "logz_bs": -58.14027267362322,
    "logz_single": -58.21182160978997,
    "logzerr_tail": 0.009928697331439196,
    "logzerr_bs": 0.4417799268585654,
    "ess": 910.7889759565859,
    "H": 12.225790915403252,
    "Herr": 0.2072451660054671,
    "posterior": {
        "mean": [
            -2.009235444356689,
            -2.483998069324349,
            -0.12377590942290663,
            19.661934112312704
        ],
        "stdev": [
            0.09721497040655773,
            0.1231560893065584,
            0.028302487307684022,
            0.42213542601274456
        ],
        "median": [
            -2.005816592386843,
            -2.479644533500257,
            -0.12387851113418957,
            19.62001880626677
        ],
        "errlo": [
            -2.1071739598883603,
            -2.6059066055906417,
            -0.15252979260956315,
            19.20413114802553
        ],
        "errup": [
            -1.9098647889191245,
            -2.3592885002172608,
            -0.09542354211480886,
            20.116212640159926
        ],
        "information_gain_bits": [
            3.4666576470411257,
            3.281109318823199,
            3.6717381124073603,
            1.2869271506205533
        ]
    },
    "maximum_likelihood": {
        "logl": -44.07183359449537,
        "point": [
            -2.0085645127854717,
            -2.4813521146159836,
            -0.12301906464034396,
            19.011662214712665
        ],
        "point_untransformed": [
            0.5991435487214528,
            0.5518647885384016,
            0.719245233839914,
            0.0016660306732378186
        ]
    },
    "ncall": 12986,
    "paramnames": [
        "src1.lognorm",
        "src2.lognorm",
        "src1.logkT",
        "src1.lognH"
    ],
    "logzerr_single": 0.17482699244827193,
    "insertion_order_MWW_test": {
        "independent_iterations": Infinity,
        "converged": true
    }
}