{
    "niter": 4328,
    "logz": -9.743830841039998,
    "logzerr": 0.2346354577038287,
    "logz_bs": -9.72815613204952,
    "logz_single": -9.743830841039998,
    "logzerr_tail": 0.02013396070521445,
    "logzerr_bs": 0.23377001868975,
    "ess": 1437.7641710330943,
    "H": 6.512114454278442,
    "Herr": 0.08795860142460919,
    "posterior": {
        "mean": [
            -5.055826136943844,
            2.2008114417572955,
            20.590276018262237
        ],
        "stdev": [
            0.1846171832485205,
            0.5545636056419672,
            0.8286334863386139
        ],
        "median": [
            -5.097463590547015,
            2.0979865409046266,
            20.69145971664538
        ],
        "errlo": [
            -5.207707782916172,
            1.7304243759167273,
            19.57578624157125
        ],
        "errup": [
            -4.88852398311046,
            2.639529781451561,
            21.496562143739393
        ],
        "information_gain_bits": [
            2.6957436910772965,
            1.0345799005024086,
            -0.4646987489319464
        ]
    },
    "maximum_likelihood": {
        "logl": -1.899041342700079,
        "point": [
            -4.981312606003085,
            2.3109146580046813,
            21.312722034510607
        ],
        "point_untransformed": [
            0.3018687393996915,
            0.4085318967695909,
            0.3303888620729436
        ]
    },
    "ncall": 12994,
    "paramnames": [
        "src1.lognorm",
        "pl1.PhoIndex",
        "src1.lognH"
    ],
    "logzerr_single": 0.12759422453895045,
    "insertion_order_MWW_test": {
        "independent_iterations": Infinity,
        "converged": true
    }
}