{
    "niter": 6075,
    "logz": -57.76181716119027,
    "logzerr": 0.2843731093629115,
    "logz_bs": -57.77677683549603,
    "logz_single": -57.76181716119027,
    "logzerr_tail": 0.009922390793413172,
    "logzerr_bs": 0.28419994984108143,
    "ess": 1425.6250991709874,
    "H": 12.88884666583428,
    "Herr": 0.13089263633755008,
    "posterior": {
        "mean": [
            -4.560361618657039,
            -5.52650485664735,
            2.663347395695241,
            20.07474857906448
        ],
        "stdev": [
            0.04378383832989075,
            0.059300631054349615,
            0.15373318855792548,
            0.5861284828682812
        ],
        "median": [
            -4.565217062196596,
            -5.528093141403834,
            2.6497574044763352,
            20.106922635967866
        ],
        "errlo": [
            -4.599800567735494,
            -5.584350907040474,
            2.5190900116988857,
            19.36728331284253
        ],
        "errup": [
            -4.519344714456483,
            -5.470438303727113,
            2.801410027852511,
            20.735777629359898
        ],
        "information_gain_bits": [
            3.817917464170049,
            3.708103700490378,
            3.224922311921585,
            0.7263289493513686
        ]
    },
    "maximum_likelihood": {
        "logl": -43.24797407927909,
        "point": [
            -4.555040710880947,
            -5.518286367316902,
            2.667935750501556,
            20.42089991808829
        ],
        "point_untransformed": [
            0.3444959289119053,
            0.2481713632683098,
            0.4359950577308889,
            0.20298570258404097
        ]
    },
    "ncall": 32234,
    "paramnames": [
        "src1.lognorm",
        "src2.lognorm",
        "pl1.PhoIndex",
        "src1.lognH"
    ],
    "logzerr_single": 0.17950519954749417,
    "insertion_order_MWW_test": {
        "independent_iterations": Infinity,
        "converged": true
    }
}