{
    "niter": 5122,
    "logz": -15.13225294932812,
    "logzerr": 0.22064151502764695,
    "logz_bs": -15.128981991946656,
    "logz_single": -15.13225294932812,
    "logzerr_tail": 0.022694082594728826,
    "logzerr_bs": 0.2194713119496008,
    "ess": 1728.6735628291533,
    "H": 7.881453727942162,
    "Herr": 0.0933406847402596,
    "posterior": {
        "mean": [
            -5.148392616943115,
            2.1257411457110282,
            22.432903938261575
        ],
        "stdev": [
            0.41000231422764677,
            0.6712871302657852,
            0.25894257569748663
        ],
        "median": [
            -5.155353307011806,
            2.121259164591325,
            22.471803867657467
        ],
        "errlo": [
            -5.535955360752278,
            1.475806827200553,
            22.267503542995296
        ],
        "errup": [
            -4.746611765310483,
            2.772778415198532,
            22.637315636913122
        ],
        "information_gain_bits": [
            1.3623282625408062,
            0.7233703904771432,
            0.801204576288798
        ]
    },
    "maximum_likelihood": {
        "logl": -5.675619472124542,
        "point": [
            -5.107214704944517,
            2.16734177246561,
            22.49151868507955
        ],
        "point_untransformed": [
            0.28927852950554833,
            0.3974878286512008,
            0.49878838358279326
        ]
    },
    "ncall": 15136,
    "paramnames": [
        "src1.lognorm",
        "pl1.PhoIndex",
        "src1.lognH"
    ],
    "logzerr_single": 0.14036963460754395,
    "insertion_order_MWW_test": {
        "independent_iterations": Infinity,
        "converged": true
    }
}