"src1.lognorm_mean","src1.lognorm_stdev","src1.lognorm_median","src1.lognorm_errlo","src1.lognorm_errup","src1.logkT_mean","src1.logkT_stdev","src1.logkT_median","src1.logkT_errlo","src1.logkT_errup","src1.lognH_mean","src1.lognH_stdev","src1.lognH_median","src1.lognH_errlo","src1.lognH_errup"
-2.708416613180677501e+00,2.234103853505102488e-01,-2.703058598492962261e+00,-2.942959838862535982e+00,-2.485719098585442488e+00,1.494064757369469865e-01,6.306121460331795547e-02,1.429039125347513206e-01,8.840688278490062280e-02,2.113081741227482713e-01,2.263262964651046616e+01,1.117195965676024139e-01,2.263579012522893663e+01,2.252549700772998875e+01,2.274054405302372928e+01
