{
    "niter": 3306,
    "logz": -37.015724096438824,
    "logzerr": 0.34405867486093067,
    "logz_bs": -37.00839113755339,
    "logz_single": -37.015724096438824,
    "logzerr_tail": 0.020644473219874726,
    "logzerr_bs": 0.34343875359739684,
    "ess": 910.5656218402229,
    "H": 10.189312421439677,
    "Herr": 0.1554138409561284,
    "posterior": {
        "mean": [
            -2.7084166131806775,
            0.149406475736947,
            22.632629646510466
        ],
        "stdev": [
            0.22341038535051025,
            0.06306121460331796,
            0.11171959656760241
        ],
        "median": [
            -2.7030585984929623,
            0.14290391253475132,
            22.635790125228937
        ],
        "errlo": [
            -2.942959838862536,
            0.08840688278490062,
            22.52549700772999
        ],
        "errup": [
            -2.4857190985854425,
            0.21130817412274827,
            22.74054405302373
        ],
        "information_gain_bits": [
            2.5955402347325225,
            3.0550957981822164,
            2.938325129390878
        ]
    },
    "maximum_likelihood": {
        "logl": -25.25360820344417,
        "point": [
            -2.666246463460472,
            0.13458181308791417,
            22.656364892766547
        ],
        "point_untransformed": [
            0.5333753536539528,
            0.7836454532719785,
            0.5223378418237924
        ]
    },
    "ncall": 13457,
    "paramnames": [
        "src1.lognorm",
        "src1.logkT",
        "src1.lognH"
    ],
    "logzerr_single": 0.1596035120340376,
    "insertion_order_MWW_test": {
        "independent_iterations": Infinity,
        "converged": true
    }
}