{
    "niter": 2874,
    "logz": -13.025666374496161,
    "logzerr": 0.26268104484993626,
    "logz_bs": -13.028541996932825,
    "logz_single": -13.025666374496161,
    "logzerr_tail": 0.018787926264225874,
    "logzerr_bs": 0.26200829214004706,
    "ess": 1091.4508385661313,
    "H": 7.6259601332335105,
    "Herr": 0.11775515401619288,
    "posterior": {
        "mean": [
            -2.269634879628382,
            -0.16233103948939506,
            21.610481213819295
        ],
        "stdev": [
            0.41825563904906216,
            0.08357844779846506,
            0.7951149758729869
        ],
        "median": [
            -2.3100358465973576,
            -0.16157454963089712,
            21.906952443593788
        ],
        "errlo": [
            -2.7159516580797094,
            -0.24569345720190272,
            20.87281064570598
        ],
        "errup": [
            -1.8515996834204538,
            -0.07645568690549565,
            22.21193548834538
        ],
        "information_gain_bits": [
            1.5496626315001465,
            2.7729680862748345,
            -0.744246950142451
        ]
    },
    "maximum_likelihood": {
        "logl": -3.401022109614685,
        "point": [
            -2.0541638554031234,
            -0.20628632507099498,
            22.090961895712347
        ],
        "point_untransformed": [
            0.5945836144596877,
            0.6984284187322513,
            0.4415659851017636
        ]
    },
    "ncall": 9762,
    "paramnames": [
        "src1.lognorm",
        "src1.logkT",
        "src1.lognH"
    ],
    "logzerr_single": 0.13807570507907527,
    "insertion_order_MWW_test": {
        "independent_iterations": Infinity,
        "converged": true
    }
}