{
    "niter": 2586,
    "logz": -39.503527187126494,
    "logzerr": 0.4076425865760202,
    "logz_bs": -39.47891638705199,
    "logz_single": -39.503527187126494,
    "logzerr_tail": 0.07130617513060855,
    "logzerr_bs": 0.40135758094077545,
    "ess": 746.1214373897334,
    "H": 8.796390975419893,
    "Herr": 0.14664017820693798,
    "posterior": {
        "mean": [
            -2.0142737894689726,
            -0.04045256528790676,
            20.17632123489542
        ],
        "stdev": [
            0.10524818269028365,
            0.03174748437347321,
            0.7010575926031013
        ],
        "median": [
            -2.019279311249301,
            -0.041602509958283296,
            20.113411106356196
        ],
        "errlo": [
            -2.1118801821131186,
            -0.070855055349206,
            19.393422915886234
        ],
        "errup": [
            -1.9116577755303075,
            -0.009771678670811301,
            21.01238683505836
        ],
        "information_gain_bits": [
            3.3644456337654804,
            3.5796040612039204,
            0.047398485820779546
        ]
    },
    "maximum_likelihood": {
        "logl": -29.633207951725,
        "point": [
            -2.035310141931335,
            -0.03662482365591346,
            19.700123546379174
        ],
        "point_untransformed": [
            0.5964689858068665,
            0.7408437940860216,
            0.1000176494827394
        ]
    },
    "ncall": 6495,
    "paramnames": [
        "src1.lognorm",
        "src1.logkT",
        "src1.lognH"
    ],
    "logzerr_single": 0.1482935515744017,
    "insertion_order_MWW_test": {
        "independent_iterations": Infinity,
        "converged": true
    }
}