{
    "niter": 5245,
    "logz": -36.79110924671165,
    "logzerr": 0.238499194215879,
    "logz_bs": -36.778335386762976,
    "logz_single": -36.79110924671165,
    "logzerr_tail": 0.02148337110391907,
    "logzerr_bs": 0.23752964111376684,
    "ess": 1584.7244602739627,
    "H": 9.083964950209754,
    "Herr": 0.0959513435078112,
    "posterior": {
        "mean": [
            -5.090934727771288,
            0.37814204557528724,
            23.326606741900406
        ],
        "stdev": [
            0.666990694847099,
            0.8165937415104756,
            0.17004007467207324
        ],
        "median": [
            -5.113729868424965,
            0.3475275060867,
            23.343767853792514
        ],
        "errlo": [
            -5.760263537060681,
            -0.4237101525591235,
            23.175930252629698
        ],
        "errup": [
            -4.431025262617267,
            1.201156050195909,
            23.4900022377739
        ],
        "information_gain_bits": [
            -0.13945686275319974,
            0.08080379489530337,
            2.182590305208577
        ]
    },
    "maximum_likelihood": {
        "logl": -26.18047402776126,
        "point": [
            -5.006956192194641,
            0.47929223092713125,
            23.372287975745863
        ],
        "point_untransformed": [
            0.29930438078053584,
            0.26763786391747163,
            0.6246125679636948
        ]
    },
    "ncall": 23414,
    "paramnames": [
        "src1.lognorm",
        "pl1.PhoIndex",
        "src1.lognH"
    ],
    "logzerr_single": 0.15069808351642824,
    "insertion_order_MWW_test": {
        "independent_iterations": Infinity,
        "converged": true
    }
}