{
    "niter": 5877,
    "logz": -25.418059342947853,
    "logzerr": 0.18573367819181483,
    "logz_bs": -25.43659217915322,
    "logz_single": -25.418059342947853,
    "logzerr_tail": 0.0099481528838119,
    "logzerr_bs": 0.18546706842148808,
    "ess": 1692.6455045859527,
    "H": 10.314098705059187,
    "Herr": 0.11287282844274127,
    "posterior": {
        "mean": [
            -4.625186374547511,
            -4.8825811885064265,
            1.1716558011696758,
            20.82772422356194
        ],
        "stdev": [
            0.054565986931777555,
            0.07069549763636615,
            0.20636825676706808,
            0.6393900265947667
        ],
        "median": [
            -4.626009548791414,
            -4.879640059686317,
            1.193697318947164,
            21.05561578366552
        ],
        "errlo": [
            -4.678507754665915,
            -4.954324563668131,
            0.9378870283095332,
            20.10047230087143
        ],
        "errup": [
            -4.572565187107101,
            -4.8135321589997115,
            1.3936778145245738,
            21.3763581475437
        ],
        "information_gain_bits": [
            3.7632267953185328,
            3.6270814434202894,
            0.3916001327382782,
            0.23563318206041994
        ]
    },
    "maximum_likelihood": {
        "logl": -13.19887012756389,
        "point": [
            -4.613060710060122,
            -4.866226129833631,
            1.1151128452945942,
            21.26643420660114
        ],
        "point_untransformed": [
            0.3386939289939878,
            0.31337738701663687,
            0.8538592292422773,
            0.3237763152287341
        ]
    },
    "ncall": 27475,
    "paramnames": [
        "src1.lognorm",
        "src2.lognorm",
        "src1.logkT",
        "src1.lognH"
    ],
    "logzerr_single": 0.1605778526529981,
    "insertion_order_MWW_test": {
        "independent_iterations": Infinity,
        "converged": true
    }
}