{
    "niter": 4655,
    "logz": -32.32036961410899,
    "logzerr": 0.34828680604181855,
    "logz_bs": -32.33595236260033,
    "logz_single": -32.32036961410899,
    "logzerr_tail": 0.03730186787502987,
    "logzerr_bs": 0.3462835108922242,
    "ess": 1522.8209978003063,
    "H": 7.840575104825064,
    "Herr": 0.13270934049402405,
    "posterior": {
        "mean": [
            -4.310868090676112,
            0.6060583597781983,
            19.74238043336209
        ],
        "stdev": [
            0.026736703101446668,
            0.08080244859801457,
            0.4802598671209614
        ],
        "median": [
            -4.31082354820976,
            0.5971906613503537,
            19.692225101521508
        ],
        "errlo": [
            -4.337936689500913,
            0.5255592749620412,
            19.2143526550958
        ],
        "errup": [
            -4.28472501005133,
            0.6877345140440065,
            20.283830936972514
        ],
        "information_gain_bits": [
            4.084322459425294,
            1.8879680013171183,
            1.114675780840959
        ]
    },
    "maximum_likelihood": {
        "logl": -23.153913672179254,
        "point": [
            -4.314592140386064,
            0.5995428576727582,
            19.022049271098364
        ],
        "point_untransformed": [
            0.3685407859613936,
            0.6457265079879101,
            0.0031498958711946995
        ]
    },
    "ncall": 10050,
    "paramnames": [
        "src1.lognorm",
        "src1.logkT",
        "src1.lognH"
    ],
    "logzerr_single": 0.14000513477034568,
    "insertion_order_MWW_test": {
        "independent_iterations": Infinity,
        "converged": true
    }
}