{
    "niter": 2688,
    "logz": -22.996903916753617,
    "logzerr": 0.23364727711010594,
    "logz_bs": -23.02037233145953,
    "logz_single": -22.996903916753617,
    "logzerr_tail": 0.03045993313241624,
    "logzerr_bs": 0.23165328094921378,
    "ess": 845.2719610146686,
    "H": 8.138972158430292,
    "Herr": 0.14316026029978282,
    "posterior": {
        "mean": [
            -2.1226430409966874,
            -0.23211535356134405,
            19.864216090538438
        ],
        "stdev": [
            0.19440948663492397,
            0.0580280614922594,
            0.5613227766354272
        ],
        "median": [
            -2.1280533965777577,
            -0.23024591315941878,
            19.779614821123424
        ],
        "errlo": [
            -2.303863495112167,
            -0.28801766423372044,
            19.245682271625896
        ],
        "errup": [
            -1.9284995899854591,
            -0.1746675248104803,
            20.498055007501037
        ],
        "information_gain_bits": [
            2.719172610935409,
            3.1074491291751096,
            0.6446840460290976
        ]
    },
    "maximum_likelihood": {
        "logl": -13.454680829592649,
        "point": [
            -2.161994990948683,
            -0.22108936753870712,
            19.087816521951545
        ],
        "point_untransformed": [
            0.5838005009051317,
            0.6947276581153232,
            0.012545217421649352
        ]
    },
    "ncall": 6560,
    "paramnames": [
        "src1.lognorm",
        "src1.logkT",
        "src1.lognH"
    ],
    "logzerr_single": 0.142644419435447,
    "insertion_order_MWW_test": {
        "independent_iterations": Infinity,
        "converged": true
    }
}