{
    "niter": 4219,
    "logz": -68.62590242550993,
    "logzerr": 0.6431369209540688,
    "logz_bs": -68.61122885020292,
    "logz_single": -68.62590242550993,
    "logzerr_tail": 0.00992040597905941,
    "logzerr_bs": 0.6430604051249702,
    "ess": 921.0720356173691,
    "H": 17.4069530406027,
    "Herr": 0.24522797486815734,
    "posterior": {
        "mean": [
            -1.6309771057497895,
            -1.6806510323361918,
            -1.5590449335155425,
            -0.24818221202270396,
            19.734384243861275
        ],
        "stdev": [
            0.0890354477528429,
            0.08820040225514832,
            0.0884489595464962,
            0.022914745881780708,
            0.4817564595775212
        ],
        "median": [
            -1.6301688741070839,
            -1.68360089388311,
            -1.5573769627654297,
            -0.24848696101999224,
            19.671082761788284
        ],
        "errlo": [
            -1.7222561229851125,
            -1.7696517303671495,
            -1.6464731290674062,
            -0.2712058324953566,
            19.21733968191148
        ],
        "errup": [
            -1.5478547303707502,
            -1.588300148427325,
            -1.4736640278651123,
            -0.22463992328539995,
            20.259320380129342
        ],
        "information_gain_bits": [
            3.530672624484779,
            3.5279131410710316,
            3.51197207978262,
            3.7844142991800873,
            1.041432360973424
        ]
    },
    "maximum_likelihood": {
        "logl": -48.93192185136077,
        "point": [
            -1.6299795390837257,
            -1.6759869711304614,
            -1.5506945734300812,
            -0.2489636524009895,
            19.003068283940763
        ],
        "point_untransformed": [
            0.6370020460916275,
            0.6324013028869538,
            0.6449305426569919,
            0.6877590868997526,
            0.00043832627725174517
        ]
    },
    "ncall": 40027,
    "paramnames": [
        "src1.lognorm",
        "src2.lognorm",
        "src3.lognorm",
        "src1.logkT",
        "src1.lognH"
    ],
    "logzerr_single": 0.20860820358151488,
    "insertion_order_MWW_test": {
        "independent_iterations": Infinity,
        "converged": true
    }
}