{
    "niter": 5082,
    "logz": -18.149461190019725,
    "logzerr": 0.22762126209303263,
    "logz_bs": -18.111961368281264,
    "logz_single": -18.149461190019725,
    "logzerr_tail": 0.015570698819757922,
    "logzerr_bs": 0.22708807167063938,
    "ess": 1704.4804983292204,
    "H": 7.599688845042968,
    "Herr": 0.08267163534310694,
    "posterior": {
        "mean": [
            -5.238418962151645,
            2.1388617295484016,
            20.91374220203534
        ],
        "stdev": [
            0.163691594797653,
            0.3761919483230684,
            0.7854318528110218
        ],
        "median": [
            -5.266991033267534,
            2.0973150699080474,
            21.18678908746746
        ],
        "errlo": [
            -5.392572646424576,
            1.7690354215768602,
            19.926430071372284
        ],
        "errup": [
            -5.074488730451559,
            2.5001327123343096,
            21.615834615563983
        ],
        "information_gain_bits": [
            3.081674255470809,
            2.2283712585026065,
            -0.20773571542651192
        ]
    },
    "maximum_likelihood": {
        "logl": -8.84320911370303,
        "point": [
            -5.146361019618858,
            2.3211959011308316,
            21.496981954291925
        ],
        "point_untransformed": [
            0.2853638980381141,
            0.4093227616254486,
            0.35671170775598926
        ]
    },
    "ncall": 14443,
    "paramnames": [
        "src1.lognorm",
        "pl1.PhoIndex",
        "src1.lognH"
    ],
    "logzerr_single": 0.13783766579787768,
    "insertion_order_MWW_test": {
        "independent_iterations": Infinity,
        "converged": true
    }
}