{
    "niter": 2855,
    "logz": -20.057215555242735,
    "logzerr": 0.2833055276408999,
    "logz_bs": -20.060828883994752,
    "logz_single": -20.057215555242735,
    "logzerr_tail": 0.036451452631641956,
    "logzerr_bs": 0.2809507316113127,
    "ess": 882.2787511487005,
    "H": 8.258292581575942,
    "Herr": 0.14710700709024427,
    "posterior": {
        "mean": [
            -1.8587909653359784,
            -0.23762670574324274,
            19.94634693803409
        ],
        "stdev": [
            0.14391393538600103,
            0.039692565691135495,
            0.5968866252802162
        ],
        "median": [
            -1.8619222918241505,
            -0.23775628997098686,
            19.87366516824317
        ],
        "errlo": [
            -2.001289224907997,
            -0.2781051370783263,
            19.284753068670653
        ],
        "errup": [
            -1.7134539364938313,
            -0.19601413297644,
            20.61596528009284
        ],
        "information_gain_bits": [
            3.1139781627212053,
            3.4545771021330585,
            0.4933772610163424
        ]
    },
    "maximum_likelihood": {
        "logl": -10.496088467988328,
        "point": [
            -1.8740344420365949,
            -0.23442304786269252,
            19.056446563997323
        ],
        "point_untransformed": [
            0.6125965557963405,
            0.6913942380343269,
            0.00806379485676044
        ]
    },
    "ncall": 6648,
    "paramnames": [
        "src1.lognorm",
        "src1.logkT",
        "src1.lognH"
    ],
    "logzerr_single": 0.1436862256931396,
    "insertion_order_MWW_test": {
        "independent_iterations": Infinity,
        "converged": true
    }
}