{
    "niter": 3072,
    "logz": -27.56113655383396,
    "logzerr": 0.3739221204207312,
    "logz_bs": -27.612969623869713,
    "logz_single": -27.56113655383396,
    "logzerr_tail": 0.022547693282159997,
    "logzerr_bs": 0.3732416826502494,
    "ess": 999.7795123087511,
    "H": 8.693293248202622,
    "Herr": 0.153093355161798,
    "posterior": {
        "mean": [
            -2.6878626547972497,
            0.19252841762882597,
            22.310800835763075
        ],
        "stdev": [
            0.30537389294458656,
            0.09797201933220313,
            0.3241527123046769
        ],
        "median": [
            -2.6837221706636614,
            0.1794856299862304,
            22.363778548240177
        ],
        "errlo": [
            -2.9842790687437777,
            0.10276966890671273,
            22.12079630675517
        ],
        "errup": [
            -2.3886626674680795,
            0.27928232879965975,
            22.54554860330767
        ],
        "information_gain_bits": [
            1.9195493020902967,
            2.2091925750841312,
            0.3243497664658673
        ]
    },
    "maximum_likelihood": {
        "logl": -17.17150093537617,
        "point": [
            -2.5925924121165984,
            0.1574859190265374,
            22.420067614794437
        ],
        "point_untransformed": [
            0.5407407587883402,
            0.7893714797566344,
            0.48858108782777687
        ]
    },
    "ncall": 10989,
    "paramnames": [
        "src1.lognorm",
        "src1.logkT",
        "src1.lognH"
    ],
    "logzerr_single": 0.14742195603269737,
    "insertion_order_MWW_test": {
        "independent_iterations": Infinity,
        "converged": true
    }
}