{
    "niter": 5074,
    "logz": -109.42412611502341,
    "logzerr": 0.33243515275402996,
    "logz_bs": -109.41684345028033,
    "logz_single": -109.42412611502341,
    "logzerr_tail": 0.009950222231665862,
    "logzerr_bs": 0.3322862077549047,
    "ess": 1048.2374691405764,
    "H": 18.46402734197231,
    "Herr": 0.18222816482089005,
    "posterior": {
        "mean": [
            -1.9039606711889148,
            -2.4185207427510615,
            -2.3992984625053206,
            0.12306678108664955,
            19.838253129150456
        ],
        "stdev": [
            0.0461356465505378,
            0.053093210382613866,
            0.06944947519506477,
            0.016210766563494895,
            0.5294584540052504
        ],
        "median": [
            -1.9006746221043684,
            -2.421344500893226,
            -2.3970061040423705,
            0.12200006323143686,
            19.765755599842866
        ],
        "errlo": [
            -1.9508200692967108,
            -2.4699646669558257,
            -2.4690811241973116,
            0.10749118164970595,
            19.254436641383688
        ],
        "errup": [
            -1.8593988229696716,
            -2.363099314613914,
            -2.331059047273829,
            0.13968129032493157,
            20.443504750812718
        ],
        "information_gain_bits": [
            3.8470511558126286,
            3.749495075237031,
            3.6599095357873455,
            3.903478091766515,
            0.9784689121781015
        ]
    },
    "maximum_likelihood": {
        "logl": -88.78724696819206,
        "point": [
            -1.9134660430851822,
            -2.4223339465349607,
            -2.4003744188404594,
            0.12541313421612488,
            19.347499803913426
        ],
        "point_untransformed": [
            0.6086533956914818,
            0.5577666053465039,
            0.5599625581159541,
            0.7813532835540312,
            0.04964282913048955
        ]
    },
    "ncall": 36019,
    "paramnames": [
        "src1.lognorm",
        "src2.lognorm",
        "src3.lognorm",
        "src1.logkT",
        "src1.lognH"
    ],
    "logzerr_single": 0.2148489431087125,
    "insertion_order_MWW_test": {
        "independent_iterations": Infinity,
        "converged": true
    }
}