{
    "niter": 5397,
    "logz": -18.112036460570618,
    "logzerr": 0.2343220146489546,
    "logz_bs": -18.07911224893872,
    "logz_single": -18.112036460570618,
    "logzerr_tail": 0.01556416713141573,
    "logzerr_bs": 0.2338045406972462,
    "ess": 1856.45279125031,
    "H": 8.503385928607422,
    "Herr": 0.10679079520713806,
    "posterior": {
        "mean": [
            -3.9208034150359916,
            2.6412326043801775,
            21.52925218341238
        ],
        "stdev": [
            0.19518266724442576,
            0.4582104669368987,
            0.4703497029551241
        ],
        "median": [
            -3.931039065167697,
            2.6108382966334753,
            21.640346193088348
        ],
        "errlo": [
            -4.117242368288265,
            2.161953690933155,
            21.27860467840848
        ],
        "errup": [
            -3.7194786173077485,
            3.1029941368376788,
            21.86104408599917
        ],
        "information_gain_bits": [
            2.9114030602987917,
            1.901526662192564,
            0.20893193570171853
        ]
    },
    "maximum_likelihood": {
        "logl": -7.7903188458350705,
        "point": [
            -3.863262444060096,
            2.74801713598816,
            21.71822573570226
        ],
        "point_untransformed": [
            0.41367375559399044,
            0.4421551643067816,
            0.3883179622431797
        ]
    },
    "ncall": 16571,
    "paramnames": [
        "src1.lognorm",
        "pl1.PhoIndex",
        "src1.lognH"
    ],
    "logzerr_single": 0.14580282857859292,
    "insertion_order_MWW_test": {
        "independent_iterations": Infinity,
        "converged": true
    }
}