{
    "niter": 4328,
    "logz": -26.81684624854175,
    "logzerr": 0.2657469454167777,
    "logz_bs": -26.787732952978264,
    "logz_single": -26.81684624854175,
    "logzerr_tail": 0.035977721086506875,
    "logzerr_bs": 0.26330028975253583,
    "ess": 1450.6930367585794,
    "H": 6.88218128836726,
    "Herr": 0.1142974317679781,
    "posterior": {
        "mean": [
            -4.384087934930935,
            0.9976144916189179,
            19.81954894410001
        ],
        "stdev": [
            0.03431687613494481,
            0.19069171822221914,
            0.5119303790064473
        ],
        "median": [
            -4.384114464176379,
            0.9808635910243859,
            19.79567876363963
        ],
        "errlo": [
            -4.418240817189943,
            0.7950646365015248,
            19.24177388132366
        ],
        "errup": [
            -4.348844062853332,
            1.2036574885423708,
            20.400310025447677
        ],
        "information_gain_bits": [
            3.8281529378427486,
            0.46197258593561896,
            1.0330413012108308
        ]
    },
    "maximum_likelihood": {
        "logl": -18.716506384161043,
        "point": [
            -4.396398653361203,
            0.9302412883428148,
            19.221242311348817
        ],
        "point_untransformed": [
            0.36036013466387967,
            0.7792276153882751,
            0.03160604447840256
        ]
    },
    "ncall": 8513,
    "paramnames": [
        "src1.lognorm",
        "src1.logkT",
        "src1.lognH"
    ],
    "logzerr_single": 0.13116955904827213,
    "insertion_order_MWW_test": {
        "independent_iterations": Infinity,
        "converged": true
    }
}