{
    "niter": 6716,
    "logz": -77.1572083630339,
    "logzerr": 0.2685751762612307,
    "logz_bs": -77.16293783425567,
    "logz_single": -77.1572083630339,
    "logzerr_tail": 0.024739445150601114,
    "logzerr_bs": 0.2674333284341941,
    "ess": 1600.29160876927,
    "H": 13.073572491548006,
    "Herr": 0.12131883264540637,
    "posterior": {
        "mean": [
            -3.7060655319138336,
            2.8167044763541256,
            22.307562565276317
        ],
        "stdev": [
            0.07851107166920232,
            0.146402664009944,
            0.03786757357207042
        ],
        "median": [
            -3.7062187362764,
            2.812244521141443,
            22.308256546682415
        ],
        "errlo": [
            -3.784815698563011,
            2.669048551094563,
            22.26734693555268
        ],
        "errup": [
            -3.6275106701251962,
            2.964275005943075,
            22.346137166090237
        ],
        "information_gain_bits": [
            3.6119650763995215,
            3.347969525213393,
            3.7597907867117755
        ]
    },
    "maximum_likelihood": {
        "logl": -62.592825469235486,
        "point": [
            -3.6971910383672046,
            2.8298390278770595,
            22.31263686278604
        ],
        "point_untransformed": [
            0.4302808961632795,
            0.448449155990543,
            0.4732338375408626
        ]
    },
    "ncall": 17695,
    "paramnames": [
        "src1.lognorm",
        "pl1.PhoIndex",
        "src1.lognH"
    ],
    "logzerr_single": 0.18078697748695843,
    "insertion_order_MWW_test": {
        "independent_iterations": Infinity,
        "converged": true
    }
}