{
    "niter": 7306,
    "logz": -61.39626312234259,
    "logzerr": 0.2664711138284596,
    "logz_bs": -61.47981369918218,
    "logz_single": -61.39626312234259,
    "logzerr_tail": 0.009933657022848763,
    "logzerr_bs": 0.2662858932860175,
    "ess": 1685.7086189883216,
    "H": 15.127780851861175,
    "Herr": 0.16895420376280695,
    "posterior": {
        "mean": [
            -4.405722516855495,
            -4.5310676345361784,
            1.8548001957808826,
            22.038675558134916
        ],
        "stdev": [
            0.1043162230521023,
            0.09221961586127335,
            0.1714862241261193,
            0.07313242867098532
        ],
        "median": [
            -4.408989064318842,
            -4.534514828052357,
            1.8486942186177178,
            22.042569937029025
        ],
        "errlo": [
            -4.506335855164487,
            -4.622492443950716,
            1.6801560355787934,
            21.965183546480475
        ],
        "errup": [
            -4.296734928914349,
            -4.430774281860475,
            2.034635626528001,
            22.110370459435753
        ],
        "information_gain_bits": [
            3.408162172301457,
            3.5319940432854815,
            3.234331682754863,
            3.371479904499911
        ]
    },
    "maximum_likelihood": {
        "logl": -44.27525702280954,
        "point": [
            -4.399479126972826,
            -4.524365639185731,
            1.867355180105772,
            22.044109092262392
        ],
        "point_untransformed": [
            0.36005208730271737,
            0.34756343608142687,
            0.3744119369312132,
            0.4348727274660561
        ]
    },
    "ncall": 38211,
    "paramnames": [
        "src1.lognorm",
        "src2.lognorm",
        "pl1.PhoIndex",
        "src1.lognH"
    ],
    "logzerr_single": 0.1944722399975198,
    "insertion_order_MWW_test": {
        "independent_iterations": Infinity,
        "converged": true
    }
}