{
    "niter": 4053,
    "logz": -11.908112128556446,
    "logzerr": 0.10103461245763759,
    "logz_bs": -11.94089163575321,
    "logz_single": -11.908112128556446,
    "logzerr_tail": 0.037037049559311086,
    "logzerr_bs": 0.0940013291097852,
    "ess": 1591.2888812747815,
    "H": 6.2103962854652055,
    "Herr": 0.08841771226278342,
    "posterior": {
        "mean": [
            -4.324350268336576,
            1.0588708892628365,
            21.505611358772306
        ],
        "stdev": [
            0.1050647534887107,
            0.2844865878879071,
            0.5814575701334073
        ],
        "median": [
            -4.327964170156978,
            1.103511481908745,
            21.65998356707856
        ],
        "errlo": [
            -4.425839525765434,
            0.7279923576354936,
            21.1548363260299
        ],
        "errup": [
            -4.218971674908876,
            1.3674267108641067,
            21.929718785387426
        ],
        "information_gain_bits": [
            3.3193125085760475,
            -0.7898805033931636,
            -0.1759100923142788
        ]
    },
    "maximum_likelihood": {
        "logl": -4.283735213227543,
        "point": [
            -4.322316394595385,
            1.0526778678274331,
            21.72933916020071
        ],
        "point_untransformed": [
            0.3677683605404616,
            0.8286545779365718,
            0.3899055943143869
        ]
    },
    "ncall": 10442,
    "paramnames": [
        "src1.lognorm",
        "src1.logkT",
        "src1.lognH"
    ],
    "logzerr_single": 0.12460333347733123,
    "insertion_order_MWW_test": {
        "independent_iterations": Infinity,
        "converged": true
    }
}