{
    "niter": 3766,
    "logz": -16.238981349330984,
    "logzerr": 0.21973381034281075,
    "logz_bs": -16.23348960531658,
    "logz_single": -16.238981349330984,
    "logzerr_tail": 0.032275979246680464,
    "logzerr_bs": 0.21735042804521498,
    "ess": 1414.8953786033321,
    "H": 5.928964271449614,
    "Herr": 0.09513117440160353,
    "posterior": {
        "mean": [
            -4.67477294144103,
            0.6604561472442078,
            19.869207088154322
        ],
        "stdev": [
            0.06170914919078085,
            0.249082087871616,
            0.5519034478838258
        ],
        "median": [
            -4.673161840772588,
            0.6094914037364185,
            19.813664038655148
        ],
        "errlo": [
            -4.73674005767042,
            0.42624525755123477,
            19.259405230459173
        ],
        "errup": [
            -4.6127779371593505,
            0.9060176507884756,
            20.48804269712185
        ],
        "information_gain_bits": [
            3.7317827536604073,
            -0.8361831073061199,
            0.689259884729097
        ]
    },
    "maximum_likelihood": {
        "logl": -8.993803922365823,
        "point": [
            -4.678274898020079,
            0.5587225210953981,
            19.01069276109373
        ],
        "point_untransformed": [
            0.3321725101979921,
            0.6292475663537107,
            0.0015275372991043756
        ]
    },
    "ncall": 10390,
    "paramnames": [
        "src1.lognorm",
        "src1.logkT",
        "src1.lognH"
    ],
    "logzerr_single": 0.12174732308607049,
    "insertion_order_MWW_test": {
        "independent_iterations": Infinity,
        "converged": true
    }
}