{
    "niter": 5176,
    "logz": -37.33506750267596,
    "logzerr": 0.21609277272126676,
    "logz_bs": -37.34475293417491,
    "logz_single": -37.33506750267596,
    "logzerr_tail": 0.04445825073511145,
    "logzerr_bs": 0.2114699750885194,
    "ess": 1487.5622106367007,
    "H": 9.768394273523228,
    "Herr": 0.11243473751475327,
    "posterior": {
        "mean": [
            -4.0100829957250275,
            1.2216247828012505,
            22.73742795604789
        ],
        "stdev": [
            0.04055307697982506,
            0.1748531999711295,
            0.044040748498091115
        ],
        "median": [
            -4.012024574981283,
            1.2475082751553859,
            22.735709900261075
        ],
        "errlo": [
            -4.048133728847611,
            1.0423469560221539,
            22.694498230828263
        ],
        "errup": [
            -3.9767190431618324,
            1.401632898518824,
            22.78013172458095
        ],
        "information_gain_bits": [
            3.83798216442186,
            0.5800728156813537,
            3.691275488410591
        ]
    },
    "maximum_likelihood": {
        "logl": -26.303199797129977,
        "point": [
            -4.0216399172502495,
            1.28967487128675,
            22.727329938475812
        ],
        "point_untransformed": [
            0.39783600827497506,
            0.9243289430924018,
            0.5324757054965448
        ]
    },
    "ncall": 15233,
    "paramnames": [
        "src1.lognorm",
        "src1.logkT",
        "src1.lognH"
    ],
    "logzerr_single": 0.1562721526178227,
    "insertion_order_MWW_test": {
        "independent_iterations": Infinity,
        "converged": true
    }
}