{
    "niter": 6731,
    "logz": -85.27931342980298,
    "logzerr": 0.4028724074963171,
    "logz_bs": -85.25429560722289,
    "logz_single": -85.27931342980298,
    "logzerr_tail": 0.02433941746002688,
    "logzerr_bs": 0.40213650602697726,
    "ess": 1688.7301813145093,
    "H": 12.881341909318607,
    "Herr": 0.12576715382631523,
    "posterior": {
        "mean": [
            -3.4831433181536187,
            2.694502464411657,
            22.607777000598283
        ],
        "stdev": [
            0.1000832330663776,
            0.161978395512378,
            0.034774117605306194
        ],
        "median": [
            -3.4860316893644345,
            2.691960956207999,
            22.607842611967712
        ],
        "errlo": [
            -3.579476240685252,
            2.5320282873825866,
            22.574774823283732
        ],
        "errup": [
            -3.3836250222108637,
            2.852785362165468,
            22.642051109059068
        ],
        "information_gain_bits": [
            3.4409793004712235,
            3.263276112260815,
            3.8219873493317267
        ]
    },
    "maximum_likelihood": {
        "logl": -70.85180343391615,
        "point": [
            -3.4773191948694153,
            2.7016237098112628,
            22.61059630330565
        ],
        "point_untransformed": [
            0.4522680805130585,
            0.438586439216251,
            0.515799471900807
        ]
    },
    "ncall": 18807,
    "paramnames": [
        "src1.lognorm",
        "pl1.PhoIndex",
        "src1.lognH"
    ],
    "logzerr_single": 0.1794529319161337,
    "insertion_order_MWW_test": {
        "independent_iterations": Infinity,
        "converged": true
    }
}