{
    "niter": 2973,
    "logz": -26.41521856674853,
    "logzerr": 0.19035686484160086,
    "logz_bs": -26.45719819571897,
    "logz_single": -26.41521856674853,
    "logzerr_tail": 0.03155091540788746,
    "logzerr_bs": 0.18772393488643857,
    "ess": 830.4322650397102,
    "H": 8.937903278842736,
    "Herr": 0.11304385710566921,
    "posterior": {
        "mean": [
            -0.9305339997924621,
            -0.3297409202514664,
            19.682234546960764
        ],
        "stdev": [
            0.13271096137370006,
            0.03677225871766878,
            0.45624018844220354
        ],
        "median": [
            -0.9325950495090698,
            -0.32874115219849376,
            19.609209651771117
        ],
        "errlo": [
            -1.0623334582446553,
            -0.36731594257084943,
            19.196724072708253
        ],
        "errup": [
            -0.7978795096466609,
            -0.2924271255108728,
            20.186899925525925
        ],
        "information_gain_bits": [
            3.1833342538179776,
            3.4881667083286336,
            1.0626943832426723
        ]
    },
    "maximum_likelihood": {
        "logl": -16.2552133528664,
        "point": [
            -0.9347124720989415,
            -0.32861514752167276,
            19.021734866073153
        ],
        "point_untransformed": [
            0.7065287527901059,
            0.6678462131195818,
            0.0031049808675931434
        ]
    },
    "ncall": 6384,
    "paramnames": [
        "src1.lognorm",
        "src1.logkT",
        "src1.lognH"
    ],
    "logzerr_single": 0.14948163163782646,
    "insertion_order_MWW_test": {
        "independent_iterations": Infinity,
        "converged": true
    }
}