{
    "niter": 4852,
    "logz": -19.72116006840982,
    "logzerr": 0.2945598379677248,
    "logz_bs": -19.72938730746473,
    "logz_single": -19.72116006840982,
    "logzerr_tail": 0.023181454147913172,
    "logzerr_bs": 0.2936462469148218,
    "ess": 1602.5655976931732,
    "H": 8.083870448699885,
    "Herr": 0.11648746627761945,
    "posterior": {
        "mean": [
            -3.89700848105907,
            0.7606083491378787,
            22.797064463864253
        ],
        "stdev": [
            0.14040006877353386,
            0.2433480713365186,
            0.09044531759427606
        ],
        "median": [
            -3.9174811246448447,
            0.7220970601012744,
            22.795597213099988
        ],
        "errlo": [
            -4.03289655610829,
            0.5308147023295884,
            22.707512559750892
        ],
        "errup": [
            -3.759531000691717,
            0.9962428541359662,
            22.888348309478566
        ],
        "information_gain_bits": [
            3.1297788783020244,
            -0.8082237864156756,
            3.214135376552058
        ]
    },
    "maximum_likelihood": {
        "logl": -10.09221483356355,
        "point": [
            -3.8591337305664073,
            0.6343685015067253,
            22.826097883252494
        ],
        "point_untransformed": [
            0.4140866269433593,
            0.6597854256802168,
            0.5465854118932135
        ]
    },
    "ncall": 15166,
    "paramnames": [
        "src1.lognorm",
        "src1.logkT",
        "src1.lognH"
    ],
    "logzerr_single": 0.14216074043754032,
    "insertion_order_MWW_test": {
        "independent_iterations": Infinity,
        "converged": true
    }
}