{
    "niter": 6421,
    "logz": -28.991814764136723,
    "logzerr": 0.265661339967348,
    "logz_bs": -28.980168592247807,
    "logz_single": -28.991814764136723,
    "logzerr_tail": 0.00994998694299909,
    "logzerr_bs": 0.26547494291002494,
    "ess": 1738.3015486610605,
    "H": 11.278120188140104,
    "Herr": 0.12388618134560042,
    "posterior": {
        "mean": [
            -3.475495595320996,
            -3.4244306679964263,
            1.1262265547958237,
            23.392428558765275
        ],
        "stdev": [
            0.14818953612006008,
            0.1457261677367887,
            0.25015222779189705,
            0.08322077940402099
        ],
        "median": [
            -3.4925006298114862,
            -3.443718301354589,
            1.1721771231321214,
            23.392664307830277
        ],
        "errlo": [
            -3.595774451389228,
            -3.5436823212575295,
            0.8646965707108347,
            23.311214308530886
        ],
        "errup": [
            -3.3696632147329,
            -3.329270447793802,
            1.3866220828863942,
            23.474226733707226
        ],
        "information_gain_bits": [
            2.734142247260271,
            2.7361011253228384,
            -0.7054680490832725,
            3.274708022671832
        ]
    },
    "maximum_likelihood": {
        "logl": -15.773074527581137,
        "point": [
            -3.525275209704387,
            -3.468460738605427,
            1.4540105301770612,
            23.37120523622902
        ],
        "point_untransformed": [
            0.4474724790295613,
            0.4531539261394573,
            0.9906703297230329,
            0.62445789088986
        ]
    },
    "ncall": 48725,
    "paramnames": [
        "src1.lognorm",
        "src2.lognorm",
        "src1.logkT",
        "src1.lognH"
    ],
    "logzerr_single": 0.1679145630085439,
    "insertion_order_MWW_test": {
        "independent_iterations": 2338,
        "converged": true
    }
}