{
    "niter": 2938,
    "logz": -17.095378219654062,
    "logzerr": 0.31684001937820816,
    "logz_bs": -17.129436052307355,
    "logz_single": -17.095378219654062,
    "logzerr_tail": 0.01212221258970203,
    "logzerr_bs": 0.3166080381820926,
    "ess": 820.7022829335799,
    "H": 8.006492016228338,
    "Herr": 0.1305655465775942,
    "posterior": {
        "mean": [
            -2.2595315948455825,
            -0.09051617851135646,
            20.4894190797784
        ],
        "stdev": [
            0.183188546329327,
            0.05011351759751138,
            0.8009886283140321
        ],
        "median": [
            -2.2826917304521874,
            -0.08910973781587139,
            20.54941113278943
        ],
        "errlo": [
            -2.4283518927960737,
            -0.13952705354947856,
            19.539358605139956
        ],
        "errup": [
            -2.074911732086761,
            -0.039508011281513565,
            21.390463204955406
        ],
        "information_gain_bits": [
            2.7782665305380605,
            3.231400591082884,
            -0.342976039764862
        ]
    },
    "maximum_likelihood": {
        "logl": -7.769834500799865,
        "point": [
            -2.199503712736174,
            -0.10583928532773346,
            21.227964011132514
        ],
        "point_untransformed": [
            0.5800496287263825,
            0.7235401786680666,
            0.31828057301893053
        ]
    },
    "ncall": 8089,
    "paramnames": [
        "src1.lognorm",
        "src1.logkT",
        "src1.lognH"
    ],
    "logzerr_single": 0.1414787264593898,
    "insertion_order_MWW_test": {
        "independent_iterations": Infinity,
        "converged": true
    }
}