{
    "niter": 3440,
    "logz": -49.81595550825929,
    "logzerr": 0.4561258584008767,
    "logz_bs": -49.793882884007125,
    "logz_single": -49.81595550825929,
    "logzerr_tail": 0.024620101933464866,
    "logzerr_bs": 0.4554609195998296,
    "ess": 1004.719478931171,
    "H": 10.39451964986496,
    "Herr": 0.14589652556260704,
    "posterior": {
        "mean": [
            -1.8118628482780015,
            -0.11546254145508054,
            21.513638599018186
        ],
        "stdev": [
            0.1131839910122702,
            0.025931430866144467,
            0.33730771199263315
        ],
        "median": [
            -1.8110102174497253,
            -0.11701216585441587,
            21.585193023993057
        ],
        "errlo": [
            -1.9248898145769955,
            -0.1408521937274667,
            21.34816239546103
        ],
        "errup": [
            -1.699082912242286,
            -0.08910259768415774,
            21.741587210497748
        ],
        "information_gain_bits": [
            3.311057090836018,
            3.6997241953389453,
            0.7422915242229284
        ]
    },
    "maximum_likelihood": {
        "logl": -37.75454519165829,
        "point": [
            -1.7721203654421886,
            -0.12374882971210477,
            21.641835355138156
        ],
        "point_untransformed": [
            0.6227879634557811,
            0.7190627925719738,
            0.3774050507340222
        ]
    },
    "ncall": 10036,
    "paramnames": [
        "src1.lognorm",
        "src1.logkT",
        "src1.lognH"
    ],
    "logzerr_single": 0.16120266475670433,
    "insertion_order_MWW_test": {
        "independent_iterations": Infinity,
        "converged": true
    }
}