{
    "niter": 5870,
    "logz": -45.47207442915906,
    "logzerr": 0.2713017881830981,
    "logz_bs": -45.47136258918955,
    "logz_single": -45.47207442915906,
    "logzerr_tail": 0.02205488946422207,
    "logzerr_bs": 0.2704038500503785,
    "ess": 1642.1623865686229,
    "H": 10.829114362910595,
    "Herr": 0.1287928488465699,
    "posterior": {
        "mean": [
            -3.9143743707470247,
            0.4165810966931042,
            22.264888758127938
        ],
        "stdev": [
            0.06752707975248977,
            0.06949971858971599,
            0.06049161180505486
        ],
        "median": [
            -3.914399747903698,
            0.4106610637767185,
            22.267420270474933
        ],
        "errlo": [
            -3.9819041834766566,
            0.3490409270688595,
            22.203872207379213
        ],
        "errup": [
            -3.8480546939650058,
            0.4827868633741115,
            22.327035099476298
        ],
        "information_gain_bits": [
            3.6940449884345496,
            2.111401247054717,
            3.51396569035322
        ]
    },
    "maximum_likelihood": {
        "logl": -33.059997574392185,
        "point": [
            -3.9041217963422463,
            0.40301933482541297,
            22.276652090158176
        ],
        "point_untransformed": [
            0.40958782036577535,
            0.5663910606524563,
            0.4680931557368822
        ]
    },
    "ncall": 15342,
    "paramnames": [
        "src1.lognorm",
        "src1.logkT",
        "src1.lognH"
    ],
    "logzerr_single": 0.16453809864975494,
    "insertion_order_MWW_test": {
        "independent_iterations": Infinity,
        "converged": true
    }
}