{
    "niter": 3882,
    "logz": -11.772647236435823,
    "logzerr": 0.16090020436218214,
    "logz_bs": -11.758420727508918,
    "logz_single": -11.772647236435823,
    "logzerr_tail": 0.051668976937738975,
    "logzerr_bs": 0.15237845184277,
    "ess": 1337.5792140638573,
    "H": 5.8406201495972345,
    "Herr": 0.0770504067508876,
    "posterior": {
        "mean": [
            -4.45060304189784,
            0.976510621051685,
            19.96136444858439
        ],
        "stdev": [
            0.06311114212449893,
            0.25688864429010383,
            0.5755655196879802
        ],
        "median": [
            -4.449154851000804,
            0.9623093001837622,
            19.954119744067164
        ],
        "errlo": [
            -4.514974803563247,
            0.6984444662070004,
            19.312280679693398
        ],
        "errup": [
            -4.388723665615263,
            1.2760416693315701,
            20.605689298728954
        ],
        "information_gain_bits": [
            3.7279648689511657,
            -0.36502948077979425,
            0.6424366240437598
        ]
    },
    "maximum_likelihood": {
        "logl": -4.989556587258212,
        "point": [
            -4.471239968777033,
            0.8988801515758384,
            19.16840401889755
        ],
        "point_untransformed": [
            0.3528760031222967,
            0.7665672998275315,
            0.024057716985364297
        ]
    },
    "ncall": 8371,
    "paramnames": [
        "src1.lognorm",
        "src1.logkT",
        "src1.lognH"
    ],
    "logzerr_single": 0.12083687505887053,
    "insertion_order_MWW_test": {
        "independent_iterations": Infinity,
        "converged": true
    }
}