{
    "niter": 7743,
    "logz": -66.73648261151585,
    "logzerr": 0.82089652717186,
    "logz_bs": -66.71270195236659,
    "logz_single": -66.73648261151585,
    "logzerr_tail": 0.009940365382234972,
    "logzerr_bs": 0.8208363402401773,
    "ess": 1803.8350753309956,
    "H": 17.742300552402448,
    "Herr": 0.2038879743651744,
    "posterior": {
        "mean": [
            -4.964102822947627,
            -5.009554950838087,
            -4.876121153549436,
            2.220675708239517,
            21.505197292018096
        ],
        "stdev": [
            0.10325903237196643,
            0.10285804762997373,
            0.10106734248935038,
            0.23249385603394163,
            0.1944605014524216
        ],
        "median": [
            -4.965210406766611,
            -5.0088021497526904,
            -4.8741247011292295,
            2.2219459977840126,
            21.537196774843395
        ],
        "errlo": [
            -5.071504586919294,
            -5.110532799313364,
            -4.9780900268156785,
            1.986647947856203,
            21.349300982684383
        ],
        "errup": [
            -4.858501781475894,
            -4.904936888196579,
            -4.773732510487364,
            2.45913190286889,
            21.67043092603688
        ],
        "information_gain_bits": [
            3.4237208695016617,
            3.464450779963473,
            3.468164493657398,
            2.9254394620162123,
            1.6337307271754495
        ]
    },
    "maximum_likelihood": {
        "logl": -46.38006554822634,
        "point": [
            -4.943236469564177,
            -4.981721192869133,
            -4.854611615079957,
            2.2573276152874335,
            21.561108389262962
        ],
        "point_untransformed": [
            0.3056763530435823,
            0.30182788071308664,
            0.3145388384920043,
            0.40440981656057184,
            0.36587262703756596
        ]
    },
    "ncall": 96410,
    "paramnames": [
        "src1.lognorm",
        "src2.lognorm",
        "src3.lognorm",
        "pl1.PhoIndex",
        "src1.lognH"
    ],
    "logzerr_single": 0.21060805155787876,
    "insertion_order_MWW_test": {
        "independent_iterations": Infinity,
        "converged": true
    }
}