{
    "niter": 7432,
    "logz": -250.55864631805468,
    "logzerr": 0.35945922287652854,
    "logz_bs": -250.5464226248058,
    "logz_single": -250.55864631805468,
    "logzerr_tail": 0.022743202209852598,
    "logzerr_bs": 0.3587390133010899,
    "ess": 1601.732624376094,
    "H": 15.267292210780482,
    "Herr": 0.15098965045812482,
    "posterior": {
        "mean": [
            -3.3081318690435664,
            1.6343766166454539,
            22.41759239323759
        ],
        "stdev": [
            0.034795831653491455,
            0.05539315717566621,
            0.01734894017843853
        ],
        "median": [
            -3.3091577192779065,
            1.633862940568946,
            22.41757815525442
        ],
        "errlo": [
            -3.3433374394479065,
            1.58003966562337,
            22.400840575774694
        ],
        "errup": [
            -3.2729575019465917,
            1.689155238505446,
            22.43529275178258
        ],
        "information_gain_bits": [
            3.9191891471311084,
            3.823055648448587,
            3.8192836613610743
        ]
    },
    "maximum_likelihood": {
        "logl": -233.81215878310118,
        "point": [
            -3.3074174764395154,
            1.6360039845664023,
            22.418251996136185
        ],
        "point_untransformed": [
            0.46925825235604846,
            0.35661569112049246,
            0.48832171373374067
        ]
    },
    "ncall": 17627,
    "paramnames": [
        "src1.lognorm",
        "pl1.PhoIndex",
        "src1.lognH"
    ],
    "logzerr_single": 0.19536691256953212,
    "insertion_order_MWW_test": {
        "independent_iterations": Infinity,
        "converged": true
    }
}