{
    "niter": 2692,
    "logz": -44.93035442695771,
    "logzerr": 0.26116891426791083,
    "logz_bs": -44.93415858323321,
    "logz_single": -44.93035442695771,
    "logzerr_tail": 0.03717435011672876,
    "logzerr_bs": 0.2585097086634818,
    "ess": 812.2797460947611,
    "H": 8.751947005345514,
    "Herr": 0.13162906309821187,
    "posterior": {
        "mean": [
            -1.934464971802327,
            -0.1386962328242467,
            19.825225989751388
        ],
        "stdev": [
            0.10737788136567455,
            0.03391719473851949,
            0.5210061194333307
        ],
        "median": [
            -1.9366638665943587,
            -0.13884011056346157,
            19.749809556285964
        ],
        "errlo": [
            -2.0432738016901624,
            -0.17158859709687002,
            19.256370752822313
        ],
        "errup": [
            -1.8317181865167493,
            -0.10637257074264188,
            20.401136711814747
        ],
        "information_gain_bits": [
            3.382810362016954,
            3.5483137659661685,
            0.8221502771903619
        ]
    },
    "maximum_likelihood": {
        "logl": -34.859392503156386,
        "point": [
            -1.9301025750812668,
            -0.13931874219835994,
            19.04487463374882
        ],
        "point_untransformed": [
            0.6069897424918733,
            0.71517031445041,
            0.006410661964117131
        ]
    },
    "ncall": 6301,
    "paramnames": [
        "src1.lognorm",
        "src1.logkT",
        "src1.lognH"
    ],
    "logzerr_single": 0.1479184488607279,
    "insertion_order_MWW_test": {
        "independent_iterations": Infinity,
        "converged": true
    }
}