{
    "niter": 4322,
    "logz": -11.1941810374463,
    "logzerr": 0.28187853979052074,
    "logz_bs": -11.177587082644965,
    "logz_single": -11.1941810374463,
    "logzerr_tail": 0.019306654914158727,
    "logzerr_bs": 0.28121657893954577,
    "ess": 1388.975158815396,
    "H": 7.006575983389368,
    "Herr": 0.09505844573111816,
    "posterior": {
        "mean": [
            -4.445441002731355,
            0.8588354167795734,
            22.82013068233221
        ],
        "stdev": [
            0.2722006852868728,
            0.3631289708467281,
            0.15957567003267475
        ],
        "median": [
            -4.52645969630833,
            0.8596601291376378,
            22.81126328451132
        ],
        "errlo": [
            -4.642977009362528,
            0.4649837211079378,
            22.664209900015038
        ],
        "errup": [
            -4.240892365934249,
            1.2874399460239963,
            22.969703128407883
        ],
        "information_gain_bits": [
            1.8997736318397234,
            -2.0607242918933224,
            2.434005149307692
        ]
    },
    "maximum_likelihood": {
        "logl": -2.9270279090832876,
        "point": [
            -4.355931436976976,
            0.5656085956975223,
            22.881580247454295
        ],
        "point_untransformed": [
            0.36440685630230235,
            0.6320274361679171,
            0.554511463922042
        ]
    },
    "ncall": 17355,
    "paramnames": [
        "src1.lognorm",
        "src1.logkT",
        "src1.lognH"
    ],
    "logzerr_single": 0.13234968816915824,
    "insertion_order_MWW_test": {
        "independent_iterations": Infinity,
        "converged": true
    }
}