{
    "niter": 2492,
    "logz": -16.37704604442495,
    "logzerr": 0.3961885243632947,
    "logz_bs": -16.359216508536758,
    "logz_single": -16.37704604442495,
    "logzerr_tail": 0.04752861525460261,
    "logzerr_bs": 0.39332731607294313,
    "ess": 772.4577131651929,
    "H": 7.772597222106132,
    "Herr": 0.1170848868414613,
    "posterior": {
        "mean": [
            -2.7052602733950466,
            -0.028249610499697063,
            20.253356336276813
        ],
        "stdev": [
            0.15871584378501374,
            0.049601773962084615,
            0.7346453717365087
        ],
        "median": [
            -2.703790448238472,
            -0.03041748935886046,
            20.264406272584417
        ],
        "errlo": [
            -2.8653531749063585,
            -0.07831333895683867,
            19.37777136663813
        ],
        "errup": [
            -2.5538034797359552,
            0.025011535080853964,
            21.082146860290692
        ],
        "information_gain_bits": [
            3.03443293159163,
            3.283319723403522,
            -0.04742422885213482
        ]
    },
    "maximum_likelihood": {
        "logl": -7.4140198144410805,
        "point": [
            -2.685755398098161,
            -0.03479392354505828,
            20.753678484297883
        ],
        "point_untransformed": [
            0.5314244601901839,
            0.7413015191137354,
            0.25052549775684013
        ]
    },
    "ncall": 6082,
    "paramnames": [
        "src1.lognorm",
        "src1.logkT",
        "src1.lognH"
    ],
    "logzerr_single": 0.13939689040744535,
    "insertion_order_MWW_test": {
        "independent_iterations": Infinity,
        "converged": true
    }
}