{
    "niter": 2747,
    "logz": -13.61116263537044,
    "logzerr": 0.3308240324117507,
    "logz_bs": -13.593378121012721,
    "logz_single": -13.61116263537044,
    "logzerr_tail": 0.03611768971940066,
    "logzerr_bs": 0.3288465491844246,
    "ess": 876.4924242010558,
    "H": 7.662892264780746,
    "Herr": 0.12555344817640882,
    "posterior": {
        "mean": [
            -2.583290696101654,
            -0.058073948261388626,
            20.04131149050061
        ],
        "stdev": [
            0.18661576384234219,
            0.056162850426150455,
            0.6475186532002501
        ],
        "median": [
            -2.582286794918998,
            -0.05986943701798886,
            20.008643962895405
        ],
        "errlo": [
            -2.7764551333523952,
            -0.11413857961645028,
            19.305383368490872
        ],
        "errup": [
            -2.3949733537296245,
            -0.0019866102840455646,
            20.76220501604704
        ],
        "information_gain_bits": [
            2.8460335672317845,
            3.118318398666384,
            0.15019893780038518
        ]
    },
    "maximum_likelihood": {
        "logl": -4.6969167705327015,
        "point": [
            -2.584436070350339,
            -0.05971222832995693,
            19.03147765636487
        ],
        "point_untransformed": [
            0.541556392964966,
            0.7350719429175108,
            0.004496808052124393
        ]
    },
    "ncall": 6253,
    "paramnames": [
        "src1.lognorm",
        "src1.logkT",
        "src1.lognH"
    ],
    "logzerr_single": 0.13840964800891542,
    "insertion_order_MWW_test": {
        "independent_iterations": Infinity,
        "converged": true
    }
}