{
    "niter": 4283,
    "logz": -22.268495756316838,
    "logzerr": 0.24279678887771114,
    "logz_bs": -22.24997985783113,
    "logz_single": -22.268495756316838,
    "logzerr_tail": 0.06072186484146158,
    "logzerr_bs": 0.23508112603844467,
    "ess": 1464.5794373333529,
    "H": 7.278288236422618,
    "Herr": 0.09874934737341777,
    "posterior": {
        "mean": [
            -4.215983406103372,
            0.38249967894556014,
            19.9926552526664
        ],
        "stdev": [
            0.04433335407904506,
            0.07856392702603328,
            0.5816351849606279
        ],
        "median": [
            -4.2158612127547235,
            0.37854186603813567,
            19.958129433575206
        ],
        "errlo": [
            -4.260100721375993,
            0.30326980242168733,
            19.325116719949182
        ],
        "errup": [
            -4.171291098819208,
            0.4597326861841285,
            20.650121822467604
        ],
        "information_gain_bits": [
            3.8497071064318367,
            1.8533579947084227,
            0.6514996178844683
        ]
    },
    "maximum_likelihood": {
        "logl": -13.831233677326992,
        "point": [
            -4.220010360557891,
            0.36667111235926253,
            19.72164240787988
        ],
        "point_untransformed": [
            0.37799896394421084,
            0.5517174864796555,
            0.10309177255426848
        ]
    },
    "ncall": 11128,
    "paramnames": [
        "src1.lognorm",
        "src1.logkT",
        "src1.lognH"
    ],
    "logzerr_single": 0.13489151415510373,
    "insertion_order_MWW_test": {
        "independent_iterations": Infinity,
        "converged": true
    }
}