{
    "niter": 5847,
    "logz": -34.30745660142217,
    "logzerr": 0.22099646849728688,
    "logz_bs": -34.319046312579914,
    "logz_single": -34.30745660142217,
    "logzerr_tail": 0.0170346677926716,
    "logzerr_bs": 0.2203389642833642,
    "ess": 1643.8219156196035,
    "H": 10.039576366006596,
    "Herr": 0.12410889712133014,
    "posterior": {
        "mean": [
            -4.480365732133645,
            1.9237314616462997,
            22.921964678411687
        ],
        "stdev": [
            0.342152998393816,
            0.48279434100962204,
            0.10057574953941935
        ],
        "median": [
            -4.491559688772819,
            1.9094696938851943,
            22.92212071158673
        ],
        "errlo": [
            -4.817966640392264,
            1.4427327443786044,
            22.82155042560446
        ],
        "errup": [
            -4.131407845870678,
            2.412091181157872,
            23.02307836214454
        ],
        "information_gain_bits": [
            1.8493381034556435,
            1.680968098133114,
            3.1261053968152246
        ]
    },
    "maximum_likelihood": {
        "logl": -22.69075653947456,
        "point": [
            -4.478234203305084,
            1.9277622667039598,
            22.92673586158531
        ],
        "point_untransformed": [
            0.35217657966949156,
            0.3790586359003046,
            0.5609622659407587
        ]
    },
    "ncall": 18674,
    "paramnames": [
        "src1.lognorm",
        "pl1.PhoIndex",
        "src1.lognH"
    ],
    "logzerr_single": 0.15842645269971958,
    "insertion_order_MWW_test": {
        "independent_iterations": Infinity,
        "converged": true
    }
}