{
    "niter": 3493,
    "logz": -54.402948681743325,
    "logzerr": 0.3063462742997163,
    "logz_bs": -54.407012362752425,
    "logz_single": -54.402948681743325,
    "logzerr_tail": 0.023860931146401754,
    "logzerr_bs": 0.3054156114905453,
    "ess": 948.2765069356866,
    "H": 11.054552534456313,
    "Herr": 0.14156314180529486,
    "posterior": {
        "mean": [
            -1.7051007756133985,
            -0.10719647403141924,
            21.78506067354283
        ],
        "stdev": [
            0.10967998702983872,
            0.024463927647758562,
            0.13873203172346948
        ],
        "median": [
            -1.7100405569993953,
            -0.10727753232629089,
            21.80121206543404
        ],
        "errlo": [
            -1.8139844621611416,
            -0.13203584681181724,
            21.65999918861824
        ],
        "errup": [
            -1.591838477381509,
            -0.0834222044408897,
            21.915802877067215
        ],
        "information_gain_bits": [
            3.377409652015141,
            3.699906656319057,
            2.354414096076966
        ]
    },
    "maximum_likelihood": {
        "logl": -41.79384198180568,
        "point": [
            -1.6801991054254533,
            -0.11284910931072156,
            21.82861407459808
        ],
        "point_untransformed": [
            0.6319800894574547,
            0.7217877226723196,
            0.40408772494258277
        ]
    },
    "ncall": 9276,
    "paramnames": [
        "src1.lognorm",
        "src1.logkT",
        "src1.lognH"
    ],
    "logzerr_single": 0.1662419361537298,
    "insertion_order_MWW_test": {
        "independent_iterations": Infinity,
        "converged": true
    }
}