{
    "niter": 5143,
    "logz": -22.83398010377124,
    "logzerr": 0.25403873113442055,
    "logz_bs": -22.844237413114637,
    "logz_single": -22.83398010377124,
    "logzerr_tail": 0.02089216151713913,
    "logzerr_bs": 0.25317818725855545,
    "ess": 1765.0640896370999,
    "H": 8.408888248730353,
    "Herr": 0.1155457482952115,
    "posterior": {
        "mean": [
            -4.459557453593658,
            2.791196717439332,
            21.295819412573397
        ],
        "stdev": [
            0.1367136319218273,
            0.3842437919631166,
            0.45733787274183596
        ],
        "median": [
            -4.455927400862354,
            2.792880162925221,
            21.41934258020076
        ],
        "errlo": [
            -4.604474442081458,
            2.3806725447525574,
            21.047329580626837
        ],
        "errup": [
            -4.32720506540321,
            3.176697796063756,
            21.612033837389703
        ],
        "information_gain_bits": [
            3.2782899609367377,
            2.227769790205364,
            0.4611421647634205
        ]
    },
    "maximum_likelihood": {
        "logl": -12.711205015028888,
        "point": [
            -4.410657201000802,
            2.897287711598529,
            21.49520181230529
        ],
        "point_untransformed": [
            0.35893427989991983,
            0.4536375162768099,
            0.35645740175789875
        ]
    },
    "ncall": 14815,
    "paramnames": [
        "src1.lognorm",
        "pl1.PhoIndex",
        "src1.lognH"
    ],
    "logzerr_single": 0.14499041562057088,
    "insertion_order_MWW_test": {
        "independent_iterations": Infinity,
        "converged": true
    }
}