{
    "niter": 4001,
    "logz": -124.92882988596442,
    "logzerr": 0.6643150573364582,
    "logz_bs": -124.9190802521496,
    "logz_single": -124.92882988596442,
    "logzerr_tail": 0.009920502858832947,
    "logzerr_bs": 0.6642409796353803,
    "ess": 891.7782106491607,
    "H": 14.780188459317301,
    "Herr": 0.2549755966339982,
    "posterior": {
        "mean": [
            -1.2364309160218931,
            -1.437921599853933,
            -0.2290004573313611,
            19.721543381015643
        ],
        "stdev": [
            0.0609105874336236,
            0.0633886490147416,
            0.017254172822527315,
            0.48407547779797555
        ],
        "median": [
            -1.2358200846312073,
            -1.4364693524520904,
            -0.229771007153325,
            19.64781459586014
        ],
        "errlo": [
            -1.298535172093768,
            -1.5018460283469253,
            -0.24555300693665494,
            19.18993446287832
        ],
        "errup": [
            -1.1747315652255494,
            -1.3763066378362137,
            -0.21153125549216606,
            20.26085715523279
        ],
        "information_gain_bits": [
            3.6925635177910854,
            3.684910806682194,
            3.8152738408515483,
            1.1952542354472246
        ]
    },
    "maximum_likelihood": {
        "logl": -108.29352572826653,
        "point": [
            -1.2423001339453164,
            -1.44577705869657,
            -0.22786638497464162,
            19.04689763137771
        ],
        "point_untransformed": [
            0.6757699866054684,
            0.655422294130343,
            0.6930334037563396,
            0.0066996616253873695
        ]
    },
    "ncall": 16495,
    "paramnames": [
        "src1.lognorm",
        "src2.lognorm",
        "src1.logkT",
        "src1.lognH"
    ],
    "logzerr_single": 0.19222505338350995,
    "insertion_order_MWW_test": {
        "independent_iterations": Infinity,
        "converged": true
    }
}