{
    "niter": 7177,
    "logz": -41.64000966039996,
    "logzerr": 0.2677884146559597,
    "logz_bs": -41.56401213537773,
    "logz_single": -41.64000966039996,
    "logzerr_tail": 0.009950208303976638,
    "logzerr_bs": 0.2676034909687459,
    "ess": 1781.1441757998155,
    "H": 13.723926867713633,
    "Herr": 0.13020307475863432,
    "posterior": {
        "mean": [
            -3.7221711351567803,
            -3.4964576449451616,
            1.2644638348537784,
            22.532561535320085
        ],
        "stdev": [
            0.048735274213440184,
            0.042649984855309214,
            0.1548195720933698,
            0.053498567094978355
        ],
        "median": [
            -3.722470012471325,
            -3.49711987138995,
            1.29230844596783,
            22.533365852612192
        ],
        "errlo": [
            -3.7704234962372403,
            -3.5372055356041514,
            1.095865876855564,
            22.47938489458656
        ],
        "errup": [
            -3.6734778798801058,
            -3.453074664184959,
            1.4283338726226027,
            22.582347730012984
        ],
        "information_gain_bits": [
            3.82203218618046,
            3.8385640379228314,
            1.1606266590918533,
            3.6185116893994054
        ]
    },
    "maximum_likelihood": {
        "logl": -25.871277555883616,
        "point": [
            -3.7204762723678657,
            -3.4959617481578817,
            1.4635877631717347,
            22.508074718540946
        ],
        "point_untransformed": [
            0.4279523727632134,
            0.4504038251842118,
            0.9945366051330178,
            0.5011535312201352
        ]
    },
    "ncall": 38319,
    "paramnames": [
        "src1.lognorm",
        "src2.lognorm",
        "src1.logkT",
        "src1.lognH"
    ],
    "logzerr_single": 0.1852290937441634,
    "insertion_order_MWW_test": {
        "independent_iterations": Infinity,
        "converged": true
    }
}