{
    "niter": 6239,
    "logz": -27.046621450016797,
    "logzerr": 0.27641784601247826,
    "logz_bs": -27.07103836502005,
    "logz_single": -27.046621450016797,
    "logzerr_tail": 0.009949990125278418,
    "logzerr_bs": 0.27623870708263354,
    "ess": 1700.5173585851753,
    "H": 11.616620799720696,
    "Herr": 0.14045694771144251,
    "posterior": {
        "mean": [
            -5.27990641986781,
            -5.532338034080279,
            1.3797356639871972,
            20.742476282927775
        ],
        "stdev": [
            0.11473185275050533,
            0.11911422653310785,
            0.23202471035705746,
            0.7456546360806132
        ],
        "median": [
            -5.296361637816181,
            -5.540613604754681,
            1.3521289734038744,
            20.987556263061308
        ],
        "errlo": [
            -5.391502851813483,
            -5.646793005381859,
            1.1644938808357148,
            19.76576847996791
        ],
        "errup": [
            -5.166216318128875,
            -5.414075256967072,
            1.6114433078196608,
            21.447778577065932
        ],
        "information_gain_bits": [
            3.3666671749331027,
            3.3353688601931633,
            2.9300111093431966,
            0.015845311359020897
        ]
    },
    "maximum_likelihood": {
        "logl": -13.244357501818824,
        "point": [
            -5.194548290974113,
            -5.447931863937892,
            1.5259503406303843,
            21.39729946213266
        ],
        "point_untransformed": [
            0.2805451709025887,
            0.2552068136062108,
            0.34815002620233726,
            0.3424713517332371
        ]
    },
    "ncall": 33316,
    "paramnames": [
        "src1.lognorm",
        "src2.lognorm",
        "pl1.PhoIndex",
        "src1.lognH"
    ],
    "logzerr_single": 0.17041582085974805,
    "insertion_order_MWW_test": {
        "independent_iterations": Infinity,
        "converged": true
    }
}