{
    "niter": 3775,
    "logz": -32.93843992126981,
    "logzerr": 0.5081028074734347,
    "logz_bs": -32.89549978622693,
    "logz_single": -32.93843992126981,
    "logzerr_tail": 0.009923163969133952,
    "logzerr_bs": 0.5080058993547496,
    "ess": 917.6921003057146,
    "H": 12.23122935734689,
    "Herr": 0.1865765890920167,
    "posterior": {
        "mean": [
            -2.112611103950887,
            -2.385305480779428,
            -0.10740300486911425,
            19.817513581518348
        ],
        "stdev": [
            0.10250941901373375,
            0.11100629977219817,
            0.03077063626115514,
            0.5372568407712849
        ],
        "median": [
            -2.117084875227624,
            -2.384932957679311,
            -0.10781162204979244,
            19.758799788477944
        ],
        "errlo": [
            -2.2085527468764568,
            -2.4939425249720966,
            -0.13681541177787127,
            19.218284318528724
        ],
        "errup": [
            -2.010412660806384,
            -2.2749905832813635,
            -0.0768267326873997,
            20.41883311944343
        ],
        "information_gain_bits": [
            3.4040264550226618,
            3.3639247880988434,
            3.578046151373101,
            0.8416054045358573
        ]
    },
    "maximum_likelihood": {
        "logl": -18.96119472206618,
        "point": [
            -2.1228209656649124,
            -2.38554517570505,
            -0.10483080574241521,
            19.108067959878937
        ],
        "point_untransformed": [
            0.5877179034335087,
            0.561445482429495,
            0.7237922985643962,
            0.015438279982705125
        ]
    },
    "ncall": 13867,
    "paramnames": [
        "src1.lognorm",
        "src2.lognorm",
        "src1.logkT",
        "src1.lognH"
    ],
    "logzerr_single": 0.1748658725805788,
    "insertion_order_MWW_test": {
        "independent_iterations": Infinity,
        "converged": true
    }
}