{
    "niter": 7199,
    "logz": -49.111670395660425,
    "logzerr": 0.379908494220304,
    "logz_bs": -49.104744073513054,
    "logz_single": -49.111670395660425,
    "logzerr_tail": 0.00994710035016766,
    "logzerr_bs": 0.379778250003028,
    "ess": 1741.5549076036807,
    "H": 14.23490853106032,
    "Herr": 0.1630243333168049,
    "posterior": {
        "mean": [
            -3.6621685263164325,
            -3.4621141982838632,
            2.5381994607191882,
            21.592781376074278
        ],
        "stdev": [
            0.09426083751000022,
            0.08968275228432995,
            0.2410086241955748,
            0.10931076519331909
        ],
        "median": [
            -3.6682259679085103,
            -3.4649000448903813,
            2.527129487034591,
            21.603415347780622
        ],
        "errlo": [
            -3.7518286350308605,
            -3.550638363339285,
            2.2989274452014916,
            21.488980227682376
        ],
        "errup": [
            -3.5662125087100227,
            -3.371817690099385,
            2.779353873752086,
            21.699723865101248
        ],
        "information_gain_bits": [
            3.472521160880494,
            3.527284494431245,
            2.8764318522274945,
            2.884597545336494
        ]
    },
    "maximum_likelihood": {
        "logl": -32.88537830046626,
        "point": [
            -3.644280067721211,
            -3.4390839376448312,
            2.5789320057708203,
            21.62065559701201
        ],
        "point_untransformed": [
            0.43557199322787893,
            0.4560916062355169,
            0.42914861582852465,
            0.3743793710017159
        ]
    },
    "ncall": 38484,
    "paramnames": [
        "src1.lognorm",
        "src2.lognorm",
        "pl1.PhoIndex",
        "src1.lognH"
    ],
    "logzerr_single": 0.18864588871123272,
    "insertion_order_MWW_test": {
        "independent_iterations": Infinity,
        "converged": true
    }
}