{
    "niter": 8784,
    "logz": -105.30764479362591,
    "logzerr": 0.2924750977450116,
    "logz_bs": -105.31604739837333,
    "logz_single": -105.30764479362591,
    "logzerr_tail": 0.00995384256395937,
    "logzerr_bs": 0.29230566846909767,
    "ess": 1998.3197681463134,
    "H": 18.976521850772272,
    "Herr": 0.14598531729437705,
    "posterior": {
        "mean": [
            -3.543003063966782,
            -4.059805861819428,
            -4.053539723463756,
            1.393590398542977,
            22.009462204976103
        ],
        "stdev": [
            0.02257149337620884,
            0.03455090971293576,
            0.06381530336067882,
            0.07214303523745615,
            0.039467208858636554
        ],
        "median": [
            -3.5427291452959,
            -4.058770694647325,
            -4.0522202322084615,
            1.4135417033623967,
            22.009855405132598
        ],
        "errlo": [
            -3.565581621170172,
            -4.093986985274896,
            -4.116564040595804,
            1.322385110203344,
            21.970206439261933
        ],
        "errup": [
            -3.5196338831649774,
            -4.024507749765685,
            -3.9884339269767377,
            1.4613934242871673,
            22.048892331212926
        ],
        "information_gain_bits": [
            4.144254740243984,
            3.9674663658917666,
            3.679211036801736,
            2.539312216245676,
            3.74601055537442
        ]
    },
    "maximum_likelihood": {
        "logl": -83.44266235377127,
        "point": [
            -3.5352143554519824,
            -4.055580886574161,
            -4.041017288038179,
            1.474469449315202,
            22.00223265428045
        ],
        "point_untransformed": [
            0.4464785644548017,
            0.3944419113425839,
            0.3958982711961821,
            0.9989294809854754,
            0.42889037918292144
        ]
    },
    "ncall": 60132,
    "paramnames": [
        "src1.lognorm",
        "src2.lognorm",
        "src3.lognorm",
        "src1.logkT",
        "src1.lognH"
    ],
    "logzerr_single": 0.21781024913196964,
    "insertion_order_MWW_test": {
        "independent_iterations": Infinity,
        "converged": true
    }
}