{
    "niter": 5251,
    "logz": -21.744200320632828,
    "logzerr": 0.2718012866852899,
    "logz_bs": -21.728538991742163,
    "logz_single": -21.744200320632828,
    "logzerr_tail": 0.018555892261765905,
    "logzerr_bs": 0.2711671409041827,
    "ess": 1755.7346308077294,
    "H": 8.57642681608258,
    "Herr": 0.11301600354946423,
    "posterior": {
        "mean": [
            -4.999693405702993,
            2.765065026536025,
            21.61906774500279
        ],
        "stdev": [
            0.18706707896670313,
            0.4692562856126374,
            0.3950483181710536
        ],
        "median": [
            -5.001158640670182,
            2.750825937926243,
            21.708132568190823
        ],
        "errlo": [
            -5.192288294963594,
            2.3015934599090633,
            21.419860464816313
        ],
        "errup": [
            -4.813257962903112,
            3.239447528242345,
            21.889089968178382
        ],
        "information_gain_bits": [
            2.853637630119608,
            1.6946472250822233,
            0.4803753330711496
        ]
    },
    "maximum_likelihood": {
        "logl": -11.431788275513771,
        "point": [
            -4.958004576917883,
            2.829437744200792,
            21.75203939717797
        ],
        "point_untransformed": [
            0.30419954230821167,
            0.44841828801544553,
            0.3931484853111386
        ]
    },
    "ncall": 16966,
    "paramnames": [
        "src1.lognorm",
        "pl1.PhoIndex",
        "src1.lognH"
    ],
    "logzerr_single": 0.14642768536109027,
    "insertion_order_MWW_test": {
        "independent_iterations": Infinity,
        "converged": true
    }
}