{
    "niter": 4695,
    "logz": -12.090856095846485,
    "logzerr": 0.25673664687209297,
    "logz_bs": -12.099511944662645,
    "logz_single": -12.090856095846485,
    "logzerr_tail": 0.017839048744221486,
    "logzerr_bs": 0.256116134179452,
    "ess": 1648.0802994153164,
    "H": 7.419920955083871,
    "Herr": 0.1251743040864537,
    "posterior": {
        "mean": [
            -4.07774591383086,
            2.350192752837853,
            22.992276933743614
        ],
        "stdev": [
            0.9014516951484758,
            1.2535272768027346,
            0.33352338604564635
        ],
        "median": [
            -4.1270977246261005,
            2.276892874139592,
            23.03838782010654
        ],
        "errlo": [
            -4.946455612920376,
            1.129168422959903,
            22.763210191882784
        ],
        "errup": [
            -3.197919862533771,
            3.584247252203058,
            23.236571664696925
        ],
        "information_gain_bits": [
            -1.5265220981175196,
            -1.8110237264891373,
            0.2127308863815297
        ]
    },
    "maximum_likelihood": {
        "logl": -3.01780855760771,
        "point": [
            -4.132521497315675,
            2.2723970997607195,
            23.03498183583032
        ],
        "point_untransformed": [
            0.38674785026843245,
            0.40556900767390147,
            0.5764259765471885
        ]
    },
    "ncall": 17993,
    "paramnames": [
        "src1.lognorm",
        "pl1.PhoIndex",
        "src1.lognH"
    ],
    "logzerr_single": 0.13619765925929006,
    "insertion_order_MWW_test": {
        "independent_iterations": Infinity,
        "converged": true
    }
}