{
    "niter": 2912,
    "logz": -36.471175663867655,
    "logzerr": 0.29396989967718823,
    "logz_bs": -36.49731432651502,
    "logz_single": -36.471175663867655,
    "logzerr_tail": 0.035924369273985235,
    "logzerr_bs": 0.2917665875464195,
    "ess": 894.400160422999,
    "H": 8.281995962141231,
    "Herr": 0.14636500751226586,
    "posterior": {
        "mean": [
            -0.3060426451538328,
            -0.3883566629367512,
            19.914245750849698
        ],
        "stdev": [
            0.18663067284182333,
            0.04807923397303136,
            0.5679944536116414
        ],
        "median": [
            -0.31674354662050286,
            -0.3869780630067319,
            19.85595938843523
        ],
        "errlo": [
            -0.4925252702057623,
            -0.4361611644262817,
            19.289700072537478
        ],
        "errup": [
            -0.13002474994651259,
            -0.34238815985758464,
            20.556238239670805
        ],
        "information_gain_bits": [
            2.760812370129796,
            3.2886411552157147,
            0.5679022463754837
        ]
    },
    "maximum_likelihood": {
        "logl": -26.925769159399117,
        "point": [
            -0.36792898836581145,
            -0.37409965942685686,
            19.104209134064796
        ],
        "point_untransformed": [
            0.7632071011634188,
            0.6564750851432858,
            0.014887019152113837
        ]
    },
    "ncall": 6497,
    "paramnames": [
        "src1.lognorm",
        "src1.logkT",
        "src1.lognH"
    ],
    "logzerr_single": 0.1438922857743009,
    "insertion_order_MWW_test": {
        "independent_iterations": Infinity,
        "converged": true
    }
}