{
    "niter": 5330,
    "logz": -17.47118133686559,
    "logzerr": 0.17150210371518548,
    "logz_bs": -17.47151800800884,
    "logz_single": -17.47118133686559,
    "logzerr_tail": 0.023292069522902636,
    "logzerr_bs": 0.16991306917384108,
    "ess": 1730.291296798582,
    "H": 8.646187759838847,
    "Herr": 0.090507246784667,
    "posterior": {
        "mean": [
            -4.941465278418773,
            2.0656186300295327,
            21.985690798104983
        ],
        "stdev": [
            0.24093795406943394,
            0.4719538017747815,
            0.2506205207834968
        ],
        "median": [
            -4.9501771017631455,
            2.044233011097866,
            22.02004683153502
        ],
        "errlo": [
            -5.177387351393179,
            1.6085289575430464,
            21.80185415370339
        ],
        "errup": [
            -4.706606874054314,
            2.5390134920953047,
            22.189633806003407
        ],
        "information_gain_bits": [
            2.43442840746876,
            1.6456732835497672,
            0.9322598258750388
        ]
    },
    "maximum_likelihood": {
        "logl": -7.2505844382129085,
        "point": [
            -4.920267560010149,
            2.1009929979143465,
            22.041365558383745
        ],
        "point_untransformed": [
            0.3079732439989851,
            0.39238407676264203,
            0.434480794054821
        ]
    },
    "ncall": 15804,
    "paramnames": [
        "src1.lognorm",
        "pl1.PhoIndex",
        "src1.lognH"
    ],
    "logzerr_single": 0.14702200311380986,
    "insertion_order_MWW_test": {
        "independent_iterations": Infinity,
        "converged": true
    }
}