{
    "niter": 3066,
    "logz": -27.579706625824528,
    "logzerr": 0.24845120228304104,
    "logz_bs": -27.548925326423713,
    "logz_single": -27.579706625824528,
    "logzerr_tail": 0.029621360525606377,
    "logzerr_bs": 0.24667909298621282,
    "ess": 892.2983960787428,
    "H": 8.940300048357763,
    "Herr": 0.11394213333972963,
    "posterior": {
        "mean": [
            -0.7862408253815507,
            -0.3606412528820962,
            19.77479961096898
        ],
        "stdev": [
            0.12936991647870777,
            0.03300045571881143,
            0.5109508883834843
        ],
        "median": [
            -0.7856668226899259,
            -0.3605450743167431,
            19.685757862007932
        ],
        "errlo": [
            -0.9158858425243785,
            -0.3920504862357128,
            19.226032786747673
        ],
        "errup": [
            -0.6542300028668064,
            -0.3263492749458692,
            20.361589625033538
        ],
        "information_gain_bits": [
            3.2392146234746124,
            3.5831896722561583,
            0.9191519201149058
        ]
    },
    "maximum_likelihood": {
        "logl": -17.344011600980792,
        "point": [
            -0.7943551233393009,
            -0.35987545258926446,
            19.033965706440217
        ],
        "point_untransformed": [
            0.72056448766607,
            0.6600311368526839,
            0.004852243777173637
        ]
    },
    "ncall": 6442,
    "paramnames": [
        "src1.lognorm",
        "src1.logkT",
        "src1.lognH"
    ],
    "logzerr_single": 0.1495016726357749,
    "insertion_order_MWW_test": {
        "independent_iterations": Infinity,
        "converged": true
    }
}