{
    "niter": 3715,
    "logz": -60.65744906149529,
    "logzerr": 0.44030279630883323,
    "logz_bs": -60.62109351158991,
    "logz_single": -60.65744906149529,
    "logzerr_tail": 0.024624504145712933,
    "logzerr_bs": 0.4396136783961069,
    "ess": 981.3630348250246,
    "H": 11.497079800078595,
    "Herr": 0.17184066176761895,
    "posterior": {
        "mean": [
            -2.0787727569624446,
            -0.015419304614738165,
            22.035718479530384
        ],
        "stdev": [
            0.11189600279449768,
            0.02753516076341632,
            0.09901157789834272
        ],
        "median": [
            -2.0816795378706763,
            -0.014141958321187698,
            22.045683461958454
        ],
        "errlo": [
            -2.1897542800320213,
            -0.04370966689028588,
            21.936752692217187
        ],
        "errup": [
            -1.9629870961510338,
            0.01125893252005783,
            22.132389494839046
        ],
        "information_gain_bits": [
            3.3654682865822654,
            3.6717973869629037,
            3.063630429085048
        ]
    },
    "maximum_likelihood": {
        "logl": -47.58377643230221,
        "point": [
            -2.0727964267779004,
            -0.01683825414000273,
            22.054132268982887
        ],
        "point_untransformed": [
            0.59272035732221,
            0.7457904364649993,
            0.4363046098546981
        ]
    },
    "ncall": 9504,
    "paramnames": [
        "src1.lognorm",
        "src1.logkT",
        "src1.lognH"
    ],
    "logzerr_single": 0.16953672021186586,
    "insertion_order_MWW_test": {
        "independent_iterations": Infinity,
        "converged": true
    }
}