{
    "niter": 4801,
    "logz": -19.06620173870419,
    "logzerr": 0.18335979643365352,
    "logz_bs": -19.061287555586024,
    "logz_single": -19.06620173870419,
    "logzerr_tail": 0.03660003743973306,
    "logzerr_bs": 0.17966984223180305,
    "ess": 1473.0536520796293,
    "H": 8.343048997364678,
    "Herr": 0.096021501929907,
    "posterior": {
        "mean": [
            -5.380677049074456,
            2.0552966314278778,
            19.836605990964575
        ],
        "stdev": [
            0.04786403345568718,
            0.16729241312798485,
            0.5173657939385248
        ],
        "median": [
            -5.3825268526074,
            2.047073102317958,
            19.82686865348464
        ],
        "errlo": [
            -5.427319859357881,
            1.8900788210049138,
            19.240682482892424
        ],
        "errup": [
            -5.332250269901052,
            2.213142663271935,
            20.40847263335438
        ],
        "information_gain_bits": [
            3.7415202449449576,
            3.1720750024974405,
            0.9082560314713632
        ]
    },
    "maximum_likelihood": {
        "logl": -9.478106229357474,
        "point": [
            -5.390760031185516,
            2.027955333133873,
            19.003205501503263
        ],
        "point_untransformed": [
            0.2609239968814484,
            0.3867657948564518,
            0.00045792878618056143
        ]
    },
    "ncall": 11875,
    "paramnames": [
        "src1.lognorm",
        "pl1.PhoIndex",
        "src1.lognH"
    ],
    "logzerr_single": 0.14442168290603627,
    "insertion_order_MWW_test": {
        "independent_iterations": Infinity,
        "converged": true
    }
}