{
    "niter": 2720,
    "logz": -21.531300999516667,
    "logzerr": 0.5941828457815077,
    "logz_bs": -21.524848664556927,
    "logz_single": -21.531300999516667,
    "logzerr_tail": 0.03791865630372371,
    "logzerr_bs": 0.5929716938650031,
    "ess": 803.9575318316752,
    "H": 8.41982601136722,
    "Herr": 0.18529344053592767,
    "posterior": {
        "mean": [
            -1.8976645254529698,
            -0.1695665461530166,
            19.9078291886178
        ],
        "stdev": [
            0.10248421669401535,
            0.030482014066277575,
            0.5767193720264328
        ],
        "median": [
            -1.8984589659233109,
            -0.16985882040443467,
            19.8645106604965
        ],
        "errlo": [
            -1.9974726909523906,
            -0.1994648614320158,
            19.247303132808504
        ],
        "errup": [
            -1.8024264406774362,
            -0.14042821227134672,
            20.57251492874984
        ],
        "information_gain_bits": [
            3.401833859820338,
            3.610712557198447,
            0.6969238513472488
        ]
    },
    "maximum_likelihood": {
        "logl": -11.906440817394193,
        "point": [
            -1.914990517361546,
            -0.16627548756409372,
            19.050009534176326
        ],
        "point_untransformed": [
            0.6085009482638454,
            0.7084311281089766,
            0.007144219168046667
        ]
    },
    "ncall": 6073,
    "paramnames": [
        "src1.lognorm",
        "src1.logkT",
        "src1.lognH"
    ],
    "logzerr_single": 0.14508468226666127,
    "insertion_order_MWW_test": {
        "independent_iterations": Infinity,
        "converged": true
    }
}