{
    "niter": 5446,
    "logz": -31.317398030082202,
    "logzerr": 0.23905725796258998,
    "logz_bs": -31.30226280309035,
    "logz_single": -31.317398030082202,
    "logzerr_tail": 0.01566975361249945,
    "logzerr_bs": 0.23854314370007756,
    "ess": 1849.2822029390734,
    "H": 8.667667191619156,
    "Herr": 0.10192558879708345,
    "posterior": {
        "mean": [
            -5.362073351061443,
            1.58219232075973,
            20.914292492451093
        ],
        "stdev": [
            0.11115297352594765,
            0.23812108156888784,
            0.6621751559632443
        ],
        "median": [
            -5.369480186931481,
            1.5736163478223824,
            21.15522024549015
        ],
        "errlo": [
            -5.47739930295149,
            1.332792097057098,
            20.200287829069946
        ],
        "errup": [
            -5.247975418349562,
            1.8325679885099655,
            21.470795192805312
        ],
        "information_gain_bits": [
            3.4720874899599106,
            2.9663994550720822,
            0.14546492716653814
        ]
    },
    "maximum_likelihood": {
        "logl": -20.745414159322834,
        "point": [
            -5.302752025318378,
            1.6844137697892112,
            21.353449501876078
        ],
        "point_untransformed": [
            0.26972479746816214,
            0.36033952075301623,
            0.3362070716965824
        ]
    },
    "ncall": 14826,
    "paramnames": [
        "src1.lognorm",
        "pl1.PhoIndex",
        "src1.lognH"
    ],
    "logzerr_single": 0.147204510729284,
    "insertion_order_MWW_test": {
        "independent_iterations": Infinity,
        "converged": true
    }
}