{
    "niter": 3389,
    "logz": -36.013082217977505,
    "logzerr": 0.6061803004410005,
    "logz_bs": -36.00319588560675,
    "logz_single": -36.013082217977505,
    "logzerr_tail": 0.021457544168214326,
    "logzerr_bs": 0.6058004047877574,
    "ess": 957.0050175561788,
    "H": 10.57956662843337,
    "Herr": 0.206964535027779,
    "posterior": {
        "mean": [
            -2.4245759668822684,
            0.082410801731994,
            22.17416387556047
        ],
        "stdev": [
            0.16470429251920518,
            0.04409376487585631,
            0.1438302939422232
        ],
        "median": [
            -2.4202146049104707,
            0.0799042208015992,
            22.189232377249024
        ],
        "errlo": [
            -2.5915837853325954,
            0.038531490537471846,
            22.038670934763587
        ],
        "errup": [
            -2.261398890941676,
            0.1251225721783804,
            22.314368261732227
        ],
        "information_gain_bits": [
            3.0135182547481465,
            3.3555191514720737,
            2.4930989406364636
        ]
    },
    "maximum_likelihood": {
        "logl": -23.821796160996257,
        "point": [
            -2.3840544256319056,
            0.07167445719507981,
            22.22280864294586
        ],
        "point_untransformed": [
            0.5615945574368094,
            0.76791861429877,
            0.4604012347065517
        ]
    },
    "ncall": 10028,
    "paramnames": [
        "src1.lognorm",
        "src1.logkT",
        "src1.lognH"
    ],
    "logzerr_single": 0.16263122876951838,
    "insertion_order_MWW_test": {
        "independent_iterations": Infinity,
        "converged": true
    }
}