{
    "niter": 6785,
    "logz": -43.710161979603335,
    "logzerr": 0.21808522434768746,
    "logz_bs": -43.71806119372012,
    "logz_single": -43.710161979603335,
    "logzerr_tail": 0.009948010000393026,
    "logzerr_bs": 0.21785821576386155,
    "ess": 1692.8500361700833,
    "H": 12.79553022174747,
    "Herr": 0.11891721365808715,
    "posterior": {
        "mean": [
            -4.31412783878692,
            -4.327298595703571,
            1.2605887680852768,
            22.087604146521063
        ],
        "stdev": [
            0.06740234718994623,
            0.04045566042125813,
            0.15465718827066657,
            0.06750232779144497
        ],
        "median": [
            -4.313326320626217,
            -4.327433229908986,
            1.284647917514266,
            22.09043425896149
        ],
        "errlo": [
            -4.382836080583787,
            -4.36814416612696,
            1.0868774839227222,
            22.021014390469514
        ],
        "errup": [
            -4.24493551865843,
            -4.288573993949537,
            1.423303916898126,
            22.155261753815186
        ],
        "information_gain_bits": [
            3.666525600067185,
            3.8946480135437787,
            1.2027898930517702,
            3.453304531639063
        ]
    },
    "maximum_likelihood": {
        "logl": -28.868295269419946,
        "point": [
            -4.303303366072106,
            -4.3186830862903545,
            1.4734079051375675,
            22.059406027952164
        ],
        "point_untransformed": [
            0.36966966339278945,
            0.3681316913709646,
            0.9985009415364628,
            0.4370580039931661
        ]
    },
    "ncall": 30484,
    "paramnames": [
        "src1.lognorm",
        "src2.lognorm",
        "src1.logkT",
        "src1.lognH"
    ],
    "logzerr_single": 0.17885420194775598,
    "insertion_order_MWW_test": {
        "independent_iterations": Infinity,
        "converged": true
    }
}