{
    "niter": 4768,
    "logz": -27.790891237170786,
    "logzerr": 0.22735756588300526,
    "logz_bs": -27.784388564669158,
    "logz_single": -27.790891237170786,
    "logzerr_tail": 0.06082423315345409,
    "logzerr_bs": 0.21907048049780542,
    "ess": 1453.2931062011091,
    "H": 8.792092957350754,
    "Herr": 0.13752019448503924,
    "posterior": {
        "mean": [
            -4.967947809365495,
            1.5918560896601037,
            19.99103738382535
        ],
        "stdev": [
            0.04812289092214024,
            0.1284823993129757,
            0.5918381183874318
        ],
        "median": [
            -4.969784681391233,
            1.588319271358725,
            19.96186652535559
        ],
        "errlo": [
            -5.015461278650093,
            1.4630697755999504,
            19.30525484857186
        ],
        "errup": [
            -4.9221065532461425,
            1.7166031507332065,
            20.675295133418583
        ],
        "information_gain_bits": [
            3.8256990914283873,
            3.423108144696652,
            0.6540943810225093
        ]
    },
    "maximum_likelihood": {
        "logl": -17.844970094662,
        "point": [
            -4.9835581465569785,
            1.55314314993492,
            19.24859871002287
        ],
        "point_untransformed": [
            0.3016441853443022,
            0.35024178076422463,
            0.035514101431838446
        ]
    },
    "ncall": 11364,
    "paramnames": [
        "src1.lognorm",
        "pl1.PhoIndex",
        "src1.lognH"
    ],
    "logzerr_single": 0.1482573181781489,
    "insertion_order_MWW_test": {
        "independent_iterations": Infinity,
        "converged": true
    }
}