{
    "niter": 5105,
    "logz": -31.953053768690733,
    "logzerr": 0.2501319268733729,
    "logz_bs": -31.953878483200544,
    "logz_single": -31.953053768690733,
    "logzerr_tail": 0.022299777969589485,
    "logzerr_bs": 0.24913590817843456,
    "ess": 1399.1548104868154,
    "H": 9.134642040714084,
    "Herr": 0.12975477844179445,
    "posterior": {
        "mean": [
            -4.796334843455558,
            1.9678872365972802,
            20.17413465289395
        ],
        "stdev": [
            0.05065162680775022,
            0.1338744910146922,
            0.6411218409778042
        ],
        "median": [
            -4.803166999478129,
            1.957276979028526,
            20.21487727338514
        ],
        "errlo": [
            -4.8427300463917895,
            1.8430198130535107,
            19.427082222347455
        ],
        "errup": [
            -4.750501658575799,
            2.0980549966028597,
            20.89973732934126
        ],
        "information_gain_bits": [
            3.77176599574913,
            3.3791001911768475,
            0.5122409989673394
        ]
    },
    "maximum_likelihood": {
        "logl": -21.621891273817152,
        "point": [
            -4.777567276276239,
            1.9994374552044798,
            20.747213308479378
        ],
        "point_untransformed": [
            0.3222432723723761,
            0.38457211193880614,
            0.24960190121133957
        ]
    },
    "ncall": 13099,
    "paramnames": [
        "src1.lognorm",
        "pl1.PhoIndex",
        "src1.lognH"
    ],
    "logzerr_single": 0.15111785169788913,
    "insertion_order_MWW_test": {
        "independent_iterations": Infinity,
        "converged": true
    }
}