{
    "niter": 6304,
    "logz": -55.60169899226758,
    "logzerr": 0.32927647027464746,
    "logz_bs": -55.60250536594924,
    "logz_single": -55.60169899226758,
    "logzerr_tail": 0.021740881239928456,
    "logzerr_bs": 0.3285579522084987,
    "ess": 1662.9076094897002,
    "H": 11.396515249383697,
    "Herr": 0.13229504214613302,
    "posterior": {
        "mean": [
            -4.353737686675995,
            2.207755405688522,
            22.46661994972416
        ],
        "stdev": [
            0.14851603792168291,
            0.2444559903845348,
            0.06384639470945924
        ],
        "median": [
            -4.355108782915924,
            2.204291612517477,
            22.468641347084336
        ],
        "errlo": [
            -4.503417275344452,
            1.9601249259334992,
            22.40214639767164
        ],
        "errup": [
            -4.203130654664013,
            2.4542949184451297,
            22.531289622227636
        ],
        "information_gain_bits": [
            3.1297055164618954,
            2.8561505031517744,
            3.4751360092190633
        ]
    },
    "maximum_likelihood": {
        "logl": -42.70185510558997,
        "point": [
            -4.351478724910569,
            2.208367046211076,
            22.471589909715632
        ],
        "point_untransformed": [
            0.36485212750894314,
            0.4006436189393135,
            0.49594141567366185
        ]
    },
    "ncall": 18461,
    "paramnames": [
        "src1.lognorm",
        "pl1.PhoIndex",
        "src1.lognH"
    ],
    "logzerr_single": 0.1687936258377645,
    "insertion_order_MWW_test": {
        "independent_iterations": Infinity,
        "converged": true
    }
}