{
    "niter": 3963,
    "logz": -98.64373096205594,
    "logzerr": 0.27126024697073486,
    "logz_bs": -98.6070105533781,
    "logz_single": -98.64373096205594,
    "logzerr_tail": 0.023295684559556662,
    "logzerr_bs": 0.27025808529538153,
    "ess": 892.0816530458101,
    "H": 13.849415341565347,
    "Herr": 0.15858485361156194,
    "posterior": {
        "mean": [
            -1.480655345657069,
            -0.06162613709236092,
            22.02983961420209
        ],
        "stdev": [
            0.05988156460732783,
            0.01365812239520476,
            0.04995960481714533
        ],
        "median": [
            -1.4812720545338358,
            -0.06185555771406426,
            22.030345068344904
        ],
        "errlo": [
            -1.5397575241390644,
            -0.07473057759220003,
            21.98262286582068
        ],
        "errup": [
            -1.4252403678355767,
            -0.04841904827123367,
            22.077913875216094
        ],
        "information_gain_bits": [
            3.681199090731106,
            3.9500042965092255,
            3.6459109025131258
        ]
    },
    "maximum_likelihood": {
        "logl": -83.38695645812214,
        "point": [
            -1.4737719820622885,
            -0.06332058274613006,
            22.039892254536323
        ],
        "point_untransformed": [
            0.6526228017937712,
            0.7341698543134675,
            0.43427032207661737
        ]
    },
    "ncall": 9364,
    "paramnames": [
        "src1.lognorm",
        "src1.logkT",
        "src1.lognH"
    ],
    "logzerr_single": 0.18607401310745508,
    "insertion_order_MWW_test": {
        "independent_iterations": Infinity,
        "converged": true
    }
}