{
    "niter": 5352,
    "logz": -25.326665500025808,
    "logzerr": 0.21670622270141077,
    "logz_bs": -25.364866439145803,
    "logz_single": -25.326665500025808,
    "logzerr_tail": 0.02412844689746052,
    "logzerr_bs": 0.21535878205411052,
    "ess": 1579.4739064958833,
    "H": 9.52247678725298,
    "Herr": 0.12027967695020521,
    "posterior": {
        "mean": [
            -4.509567190782129,
            2.1511878556028634,
            22.125166604999883
        ],
        "stdev": [
            0.18176954559155048,
            0.3376004442344324,
            0.12986151491193507
        ],
        "median": [
            -4.5164904287710765,
            2.1379036378976255,
            22.13404890341166
        ],
        "errlo": [
            -4.684276911913765,
            1.8211990890227376,
            22.00072504967703
        ],
        "errup": [
            -4.329649113501297,
            2.4943525409415184,
            22.25249175838069
        ],
        "information_gain_bits": [
            2.883487821166016,
            2.323940831096953,
            2.685145774341099
        ]
    },
    "maximum_likelihood": {
        "logl": -14.295793372846866,
        "point": [
            -4.498497877009559,
            2.1573122870635073,
            22.149418787739684
        ],
        "point_untransformed": [
            0.35015021229904414,
            0.3967163297741159,
            0.44991696967709793
        ]
    },
    "ncall": 16531,
    "paramnames": [
        "src1.lognorm",
        "pl1.PhoIndex",
        "src1.lognH"
    ],
    "logzerr_single": 0.1542925531843078,
    "insertion_order_MWW_test": {
        "independent_iterations": Infinity,
        "converged": true
    }
}