{
    "niter": 5945,
    "logz": -95.96657481894465,
    "logzerr": 0.23753555552021455,
    "logz_bs": -95.9483593366156,
    "logz_single": -95.96657481894465,
    "logzerr_tail": 0.02681835521649134,
    "logzerr_bs": 0.2360167705053584,
    "ess": 1695.9924792574998,
    "H": 11.096492094309113,
    "Herr": 0.12486682843424307,
    "posterior": {
        "mean": [
            -3.420750628264741,
            0.935912666260476,
            22.74134949772031
        ],
        "stdev": [
            0.04365623990229928,
            0.15799750116946631,
            0.03401016948685734
        ],
        "median": [
            -3.4256047752463674,
            0.9116757948938419,
            22.74234200589569
        ],
        "errlo": [
            -3.4647097631510855,
            0.7876712169680813,
            22.707112992988566
        ],
        "errup": [
            -3.3769873243427044,
            1.0874539777992456,
            22.77437720597494
        ],
        "information_gain_bits": [
            3.8297770330662524,
            0.6587323744676586,
            3.829138236764152
        ]
    },
    "maximum_likelihood": {
        "logl": -83.27428732172808,
        "point": [
            -3.4111830829018963,
            0.8621286539107105,
            22.751397821521568
        ],
        "point_untransformed": [
            0.45888169170981036,
            0.7517309257117689,
            0.5359139745030811
        ]
    },
    "ncall": 16690,
    "paramnames": [
        "src1.lognorm",
        "src1.logkT",
        "src1.lognH"
    ],
    "logzerr_single": 0.16655698795239057,
    "insertion_order_MWW_test": {
        "independent_iterations": Infinity,
        "converged": true
    }
}