{
    "niter": 6673,
    "logz": -147.71041916141877,
    "logzerr": 0.43921102618570074,
    "logz_bs": -147.7139026145659,
    "logz_single": -147.71041916141877,
    "logzerr_tail": 0.00993887211495803,
    "logzerr_bs": 0.43909855880448845,
    "ess": 1752.3208088775687,
    "H": 11.876074684573524,
    "Herr": 0.15047960485147444,
    "posterior": {
        "mean": [
            -3.845575123573053,
            1.4452796013569031,
            21.74712188765369
        ],
        "stdev": [
            0.02559798388060845,
            0.03183898954363293,
            0.06494903892529312
        ],
        "median": [
            -3.845645179366633,
            1.454484183176652,
            21.7498000976776
        ],
        "errlo": [
            -3.8716091652530444,
            1.4186056566798495,
            21.683447115859284
        ],
        "errup": [
            -3.818996817949361,
            1.4716125264887117,
            21.81013719372532
        ],
        "information_gain_bits": [
            3.9066800546448026,
            3.353093384294524,
            3.482691931961567
        ]
    },
    "maximum_likelihood": {
        "logl": -133.88835000436768,
        "point": [
            -3.8398861107812836,
            1.4770477646719287,
            21.753561537800525
        ],
        "point_untransformed": [
            0.4160113889218716,
            0.9999703324786408,
            0.39336593397150366
        ]
    },
    "ncall": 14613,
    "paramnames": [
        "src1.lognorm",
        "src1.logkT",
        "src1.lognH"
    ],
    "logzerr_single": 0.1723084058060831,
    "insertion_order_MWW_test": {
        "independent_iterations": Infinity,
        "converged": true
    }
}