{
    "niter": 6002,
    "logz": -63.83425370764141,
    "logzerr": 0.20529517143977222,
    "logz_bs": -63.871639366103075,
    "logz_single": -63.83425370764141,
    "logzerr_tail": 0.01772631473335906,
    "logzerr_bs": 0.20452844590046482,
    "ess": 1672.3513766370584,
    "H": 11.03719484700553,
    "Herr": 0.147719222126052,
    "posterior": {
        "mean": [
            -3.8491028213403924,
            0.6502832820167889,
            22.29407192682936
        ],
        "stdev": [
            0.05342788416628855,
            0.09881055741148151,
            0.04816657428388521
        ],
        "median": [
            -3.8493195909589097,
            0.6401812649015318,
            22.295987016477447
        ],
        "errlo": [
            -3.9027687669220756,
            0.5570694016173412,
            22.24562023511615
        ],
        "errup": [
            -3.7948271654708616,
            0.7415212187159512,
            22.34189357357553
        ],
        "information_gain_bits": [
            3.803969276864755,
            1.291441552559068,
            3.6676572064664374
        ]
    },
    "maximum_likelihood": {
        "logl": -51.13257757823604,
        "point": [
            -3.8296856481503605,
            0.6051202709474768,
            22.312064625487324
        ],
        "point_untransformed": [
            0.41703143518496394,
            0.6479780785414678,
            0.473152089355332
        ]
    },
    "ncall": 15090,
    "paramnames": [
        "src1.lognorm",
        "src1.logkT",
        "src1.lognH"
    ],
    "logzerr_single": 0.16611136962144954,
    "insertion_order_MWW_test": {
        "independent_iterations": Infinity,
        "converged": true
    }
}