{
    "niter": 2485,
    "logz": -20.256164743525915,
    "logzerr": 0.4048395824687225,
    "logz_bs": -20.212521554295368,
    "logz_single": -20.256164743525915,
    "logzerr_tail": 0.05774345311870377,
    "logzerr_bs": 0.4007003633082675,
    "ess": 746.0667038467303,
    "H": 8.262364064962718,
    "Herr": 0.15853466695809523,
    "posterior": {
        "mean": [
            -1.5958975383495837,
            -0.25716292380853395,
            20.121982607300076
        ],
        "stdev": [
            0.17819072325209814,
            0.04799541220190609,
            0.6847320934165666
        ],
        "median": [
            -1.605741660069178,
            -0.2555603841317198,
            20.082623156468404
        ],
        "errlo": [
            -1.7630086110419194,
            -0.30585153042233504,
            19.342228141954344
        ],
        "errup": [
            -1.4249785476905144,
            -0.20801133388399703,
            20.897683936733202
        ],
        "information_gain_bits": [
            2.7034561727708137,
            3.208655918190799,
            0.04305894105644048
        ]
    },
    "maximum_likelihood": {
        "logl": -10.83668435537686,
        "point": [
            -1.6447191124794998,
            -0.24606545263383017,
            19.279738903839675
        ],
        "point_untransformed": [
            0.63552808875205,
            0.6884836368415425,
            0.03996270054852483
        ]
    },
    "ncall": 5706,
    "paramnames": [
        "src1.lognorm",
        "src1.logkT",
        "src1.lognH"
    ],
    "logzerr_single": 0.1437216412458708,
    "insertion_order_MWW_test": {
        "independent_iterations": Infinity,
        "converged": true
    }
}