{
    "niter": 5162,
    "logz": -19.907212827645115,
    "logzerr": 0.31547063066512593,
    "logz_bs": -19.90875706101517,
    "logz_single": -19.907212827645115,
    "logzerr_tail": 0.018309601541581344,
    "logzerr_bs": 0.3149388469268928,
    "ess": 1762.488408289217,
    "H": 8.304417210715984,
    "Herr": 0.10600014937373259,
    "posterior": {
        "mean": [
            -3.955580992608525,
            2.985307263807209,
            21.47376699176541
        ],
        "stdev": [
            0.17522482880412302,
            0.560016451979731,
            0.3572376191470806
        ],
        "median": [
            -3.957317816267028,
            2.9564045358402296,
            21.551290829201903
        ],
        "errlo": [
            -4.132623287701929,
            2.432869765195499,
            21.294236008724333
        ],
        "errup": [
            -3.77908695898292,
            3.550873147872944,
            21.719151877261965
        ],
        "information_gain_bits": [
            2.9440799529708452,
            1.3759783045623402,
            0.6938110530317428
        ]
    },
    "maximum_likelihood": {
        "logl": -9.856515088094973,
        "point": [
            -3.91987207483579,
            3.0634993183543395,
            21.5882465986339
        ],
        "point_untransformed": [
            0.40801279251642103,
            0.46642302448879536,
            0.3697495140905572
        ]
    },
    "ncall": 15550,
    "paramnames": [
        "src1.lognorm",
        "pl1.PhoIndex",
        "src1.lognH"
    ],
    "logzerr_single": 0.14408692871593162,
    "insertion_order_MWW_test": {
        "independent_iterations": Infinity,
        "converged": true
    }
}