{
    "niter": 3260,
    "logz": -35.85431892839823,
    "logzerr": 0.4921239514010655,
    "logz_bs": -35.82755199787758,
    "logz_single": -35.85431892839823,
    "logzerr_tail": 0.017910044875641518,
    "logzerr_bs": 0.4917979400476895,
    "ess": 837.1409396864328,
    "H": 10.78505814428609,
    "Herr": 0.19515496256345385,
    "posterior": {
        "mean": [
            -2.14403485461431,
            -0.003433438085859396,
            22.42250047047878
        ],
        "stdev": [
            0.15051442049782213,
            0.03424856839769379,
            0.08482018755108399
        ],
        "median": [
            -2.1492108446050944,
            -0.0034915306561407178,
            22.42474974272271
        ],
        "errlo": [
            -2.2916981461192236,
            -0.03863590743978573,
            22.335783000937354
        ],
        "errup": [
            -1.9875520051577498,
            0.03173664297290113,
            22.508847214054086
        ],
        "information_gain_bits": [
            3.104977589125882,
            3.5766295372354944,
            3.2885425052392665
        ]
    },
    "maximum_likelihood": {
        "logl": -23.533350759660394,
        "point": [
            -2.12598654141021,
            -0.008363464525233955,
            22.436969964577646
        ],
        "point_untransformed": [
            0.587401345858979,
            0.7479091338686915,
            0.49099570922537816
        ]
    },
    "ncall": 8410,
    "paramnames": [
        "src1.lognorm",
        "src1.logkT",
        "src1.lognH"
    ],
    "logzerr_single": 0.1642030613621903,
    "insertion_order_MWW_test": {
        "independent_iterations": Infinity,
        "converged": true
    }
}