{
    "niter": 9446,
    "logz": -100.84814515928588,
    "logzerr": 0.18200553939426345,
    "logz_bs": -100.85031257859956,
    "logz_single": -100.84814515928588,
    "logzerr_tail": 0.009931971164746756,
    "logzerr_bs": 0.1817343454578122,
    "ess": 1937.4460058348961,
    "H": 20.201256316658274,
    "Herr": 0.1202374814653409,
    "posterior": {
        "mean": [
            -4.46376785033033,
            -4.983659816178434,
            -4.965772976926712,
            0.939857439576195,
            21.76730672535054
        ],
        "stdev": [
            0.06791570484286268,
            0.07254347505250648,
            0.08628679066108826,
            0.11248949645707623,
            0.1011952509609582
        ],
        "median": [
            -4.465756598477265,
            -4.984362075489537,
            -4.966654258304393,
            0.9382869079198766,
            21.776041311718682
        ],
        "errlo": [
            -4.529843624359589,
            -5.0562222604018885,
            -5.048155763763826,
            0.8267539347553168,
            21.671399019590304
        ],
        "errup": [
            -4.397017050672415,
            -4.910984479093746,
            -4.880146155303841,
            1.0514489836659482,
            21.863657404183044
        ],
        "information_gain_bits": [
            3.685156099712017,
            3.659360060786651,
            3.525878693367456,
            3.537137481769119,
            3.043488100467413
        ]
    },
    "maximum_likelihood": {
        "logl": -78.17909644952356,
        "point": [
            -4.449009272347181,
            -4.96853388914535,
            -4.945426419371781,
            0.9590732999221676,
            21.805966657054164
        ],
        "point_untransformed": [
            0.35509907276528196,
            0.30314661108546503,
            0.3054573580628219,
            0.3045440999940129,
            0.4008523795791665
        ]
    },
    "ncall": 79834,
    "paramnames": [
        "src1.lognorm",
        "src2.lognorm",
        "src3.lognorm",
        "pl1.PhoIndex",
        "src1.lognH"
    ],
    "logzerr_single": 0.22472903860348284,
    "insertion_order_MWW_test": {
        "independent_iterations": 3627,
        "converged": true
    }
}