{
    "niter": 5193,
    "logz": -35.15814449622447,
    "logzerr": 0.30559207325447046,
    "logz_bs": -35.15114031443391,
    "logz_single": -35.15814449622447,
    "logzerr_tail": 0.023587857268829282,
    "logzerr_bs": 0.3046803705942196,
    "ess": 1419.4210209600033,
    "H": 9.367430823999921,
    "Herr": 0.15101163595384756,
    "posterior": {
        "mean": [
            -4.027527586538218,
            1.0716311226489583,
            22.72179985355565
        ],
        "stdev": [
            0.052047144247932206,
            0.20735792721368715,
            0.04739055806337676
        ],
        "median": [
            -4.034810682833275,
            1.0709777261760194,
            22.721979197940545
        ],
        "errlo": [
            -4.073251674573551,
            0.8544827492343328,
            22.674290201954996
        ],
        "errup": [
            -3.981477716357882,
            1.2993153706945604,
            22.767435483715623
        ],
        "information_gain_bits": [
            3.7565904372904924,
            0.18242696819829152,
            3.682865290198351
        ]
    },
    "maximum_likelihood": {
        "logl": -24.50639450569591,
        "point": [
            -4.038989958485603,
            1.0373384966084327,
            22.72295377463343
        ],
        "point_untransformed": [
            0.39610100415143973,
            0.8224621595437401,
            0.5318505392333474
        ]
    },
    "ncall": 14651,
    "paramnames": [
        "src1.lognorm",
        "src1.logkT",
        "src1.lognH"
    ],
    "logzerr_single": 0.15303129438124674,
    "insertion_order_MWW_test": {
        "independent_iterations": Infinity,
        "converged": true
    }
}