{
    "niter": 4845,
    "logz": -18.217844911412648,
    "logzerr": 0.2099184756512661,
    "logz_bs": -18.252444728740972,
    "logz_single": -18.217844911412648,
    "logzerr_tail": 0.01490921694394487,
    "logzerr_bs": 0.20938835132325195,
    "ess": 1879.1926182429886,
    "H": 7.18309256859504,
    "Herr": 0.11216658177054097,
    "posterior": {
        "mean": [
            -5.29273414228147,
            1.9185134094628047,
            21.52318831226158
        ],
        "stdev": [
            0.2774844440850262,
            0.5919259382611716,
            0.6743413988396572
        ],
        "median": [
            -5.295292493752741,
            1.876225890413071,
            21.752430362721583
        ],
        "errlo": [
            -5.598940988828228,
            1.2989466397197271,
            20.99662091690244
        ],
        "errup": [
            -5.018654914102277,
            2.5192234824069244,
            22.017863084821492
        ],
        "information_gain_bits": [
            2.38694575994279,
            1.2129963909121748,
            -0.37308551274287516
        ]
    },
    "maximum_likelihood": {
        "logl": -9.107037654454361,
        "point": [
            -5.213499638065688,
            2.032521688464671,
            21.83962015706176
        ],
        "point_untransformed": [
            0.27865003619343115,
            0.3871170529588209,
            0.4056600224373942
        ]
    },
    "ncall": 16140,
    "paramnames": [
        "src1.lognorm",
        "pl1.PhoIndex",
        "src1.lognH"
    ],
    "logzerr_single": 0.13400646037220593,
    "insertion_order_MWW_test": {
        "independent_iterations": Infinity,
        "converged": true
    }
}