{
    "niter": 6471,
    "logz": -98.74191538044805,
    "logzerr": 0.2566680028707746,
    "logz_bs": -98.71493083148425,
    "logz_single": -98.74191538044805,
    "logzerr_tail": 0.027481427645795975,
    "logzerr_bs": 0.2551925446250749,
    "ess": 1621.0392720261968,
    "H": 12.183248555569477,
    "Herr": 0.14622345956842628,
    "posterior": {
        "mean": [
            -3.9542172378102207,
            1.6619336181360196,
            22.74358919366314
        ],
        "stdev": [
            0.12485163617818001,
            0.18392132305291267,
            0.044171479994466065
        ],
        "median": [
            -3.955981418209708,
            1.661560983917595,
            22.74510602098161
        ],
        "errlo": [
            -4.076467618276843,
            1.476973682010989,
            22.69991138415941
        ],
        "errup": [
            -3.830629915701457,
            1.8422480040344462,
            22.7874678553577
        ],
        "information_gain_bits": [
            3.254832770414167,
            3.1416715155721278,
            3.687503998148396
        ]
    },
    "maximum_likelihood": {
        "logl": -85.12487741946758,
        "point": [
            -3.9527903537467077,
            1.662620748343782,
            22.746760570312546
        ],
        "point_untransformed": [
            0.40472096462532925,
            0.3586631344879832,
            0.5352515100446497
        ]
    },
    "ncall": 17874,
    "paramnames": [
        "src1.lognorm",
        "pl1.PhoIndex",
        "src1.lognH"
    ],
    "logzerr_single": 0.1745225526656188,
    "insertion_order_MWW_test": {
        "independent_iterations": Infinity,
        "converged": true
    }
}