{
    "niter": 5055,
    "logz": -19.03076812249785,
    "logzerr": 0.26093761509122504,
    "logz_bs": -19.006680372405217,
    "logz_single": -19.03076812249785,
    "logzerr_tail": 0.014897481878616503,
    "logzerr_bs": 0.26051200356830506,
    "ess": 1580.7614800505048,
    "H": 7.960560170015656,
    "Herr": 0.09733419011800234,
    "posterior": {
        "mean": [
            -5.121238426236143,
            2.1632952155603125,
            20.863587988973908
        ],
        "stdev": [
            0.14966128384363403,
            0.36225857935573647,
            0.764397124323938
        ],
        "median": [
            -5.153204311528942,
            2.1138278162095556,
            21.104680981902433
        ],
        "errlo": [
            -5.264886925506585,
            1.8095552927163077,
            19.92122873942238
        ],
        "errup": [
            -4.968797353363873,
            2.538219372462999,
            21.578963102427796
        ],
        "information_gain_bits": [
            3.174190110236922,
            2.2974314687526043,
            -0.17027106493771427
        ]
    },
    "maximum_likelihood": {
        "logl": -9.379534844274735,
        "point": [
            -5.033965280879592,
            2.350030656477327,
            21.451918274722225
        ],
        "point_untransformed": [
            0.2966034719120408,
            0.4115408197290252,
            0.35027403924603223
        ]
    },
    "ncall": 15009,
    "paramnames": [
        "src1.lognorm",
        "pl1.PhoIndex",
        "src1.lognH"
    ],
    "logzerr_single": 0.14107232338428094,
    "insertion_order_MWW_test": {
        "independent_iterations": Infinity,
        "converged": true
    }
}