{
    "niter": 4460,
    "logz": -14.218714808526801,
    "logzerr": 0.28569718462376903,
    "logz_bs": -14.197222886964738,
    "logz_single": -14.218714808526801,
    "logzerr_tail": 0.01448835628193379,
    "logzerr_bs": 0.2853295793187165,
    "ess": 1577.7171061841507,
    "H": 6.571642678184621,
    "Herr": 0.10439088699356062,
    "posterior": {
        "mean": [
            -4.847241301357951,
            1.2222993714491748,
            20.958352434494973
        ],
        "stdev": [
            0.0754827882458964,
            0.18682583875770697,
            0.6867586607038956
        ],
        "median": [
            -4.846706844427318,
            1.2574371283839092,
            21.208248534498427
        ],
        "errlo": [
            -4.924398836031347,
            1.0137506930754934,
            20.215980087386274
        ],
        "errup": [
            -4.772676453878692,
            1.4130859001077796,
            21.533977174095245
        ],
        "information_gain_bits": [
            3.629156008478563,
            0.5384287094797675,
            -0.011941510130920041
        ]
    },
    "maximum_likelihood": {
        "logl": -6.050882407573905,
        "point": [
            -4.799229700103881,
            1.4700867631888621,
            21.33185928570433
        ],
        "point_untransformed": [
            0.3200770299896119,
            0.9971602151015427,
            0.33312275510061834
        ]
    },
    "ncall": 9943,
    "paramnames": [
        "src1.lognorm",
        "src1.logkT",
        "src1.lognH"
    ],
    "logzerr_single": 0.12817607692335395,
    "insertion_order_MWW_test": {
        "independent_iterations": Infinity,
        "converged": true
    }
}