{
    "niter": 6015,
    "logz": -46.88123599139401,
    "logzerr": 0.28588483576075535,
    "logz_bs": -46.91457288213971,
    "logz_single": -46.88123599139401,
    "logzerr_tail": 0.021021127865552103,
    "logzerr_bs": 0.28511094595124575,
    "ess": 1674.6011413716678,
    "H": 10.772801151730661,
    "Herr": 0.15751626860698506,
    "posterior": {
        "mean": [
            -4.565200529533347,
            1.861537977112833,
            21.426214615308215
        ],
        "stdev": [
            0.07220481299479159,
            0.15918399933491315,
            0.1627153620557525
        ],
        "median": [
            -4.563937329772621,
            1.8581756029456376,
            21.446142695255958
        ],
        "errlo": [
            -4.639334680170063,
            1.7068246366856719,
            21.283071182699132
        ],
        "errup": [
            -4.4925698692563145,
            2.018226230306605,
            21.569109878578278
        ],
        "information_gain_bits": [
            3.6267072737650046,
            3.280332817252616,
            1.9613105317829862
        ]
    },
    "maximum_likelihood": {
        "logl": -34.545935198714304,
        "point": [
            -4.5556688041896125,
            1.8827529230576205,
            21.464841985713363
        ],
        "point_untransformed": [
            0.3444331195810387,
            0.37559637869674006,
            0.35212028367333753
        ]
    },
    "ncall": 15282,
    "paramnames": [
        "src1.lognorm",
        "pl1.PhoIndex",
        "src1.lognH"
    ],
    "logzerr_single": 0.16410972816785316,
    "insertion_order_MWW_test": {
        "independent_iterations": Infinity,
        "converged": true
    }
}