{
    "niter": 3827,
    "logz": -69.08954010879515,
    "logzerr": 0.34253872018545367,
    "logz_bs": -69.07477427947626,
    "logz_single": -69.08954010879515,
    "logzerr_tail": 0.020380632215903915,
    "logzerr_bs": 0.34193187136733627,
    "ess": 952.2634054840692,
    "H": 12.15982776607001,
    "Herr": 0.17869953018394136,
    "posterior": {
        "mean": [
            -1.766512218593793,
            -0.04227728942607225,
            21.917424551780456
        ],
        "stdev": [
            0.08008446962003724,
            0.01909653133162447,
            0.07964238612042666
        ],
        "median": [
            -1.7680259593199654,
            -0.04241327326240274,
            21.920913853977623
        ],
        "errlo": [
            -1.847364774556852,
            -0.06136802853118173,
            21.84132549785083
        ],
        "errup": [
            -1.6844022339908387,
            -0.02336056963311961,
            21.99725614318391
        ],
        "information_gain_bits": [
            3.608366303719092,
            3.833344566608375,
            3.3308971652705046
        ]
    },
    "maximum_likelihood": {
        "logl": -55.38575251263397,
        "point": [
            -1.7521644388187703,
            -0.0455566370399918,
            21.938017938257985
        ],
        "point_untransformed": [
            0.624783556118123,
            0.738610840740002,
            0.4197168483225692
        ]
    },
    "ncall": 9781,
    "paramnames": [
        "src1.lognorm",
        "src1.logkT",
        "src1.lognH"
    ],
    "logzerr_single": 0.17435472295058435,
    "insertion_order_MWW_test": {
        "independent_iterations": Infinity,
        "converged": true
    }
}