{
    "niter": 7262,
    "logz": -84.55828019748064,
    "logzerr": 0.5119728532656407,
    "logz_bs": -84.52403007000194,
    "logz_single": -84.55828019748064,
    "logzerr_tail": 0.00993440092518938,
    "logzerr_bs": 0.5118764598604031,
    "ess": 1870.8411857800832,
    "H": 13.928545838946263,
    "Herr": 0.16119911923131078,
    "posterior": {
        "mean": [
            -3.2718648318085735,
            -4.048509647874215,
            1.3680052344277756,
            22.549390009775724
        ],
        "stdev": [
            0.03278896624503741,
            0.06303601007663912,
            0.09580151421894485,
            0.04421217575813082
        ],
        "median": [
            -3.2721295470069016,
            -4.047734258205303,
            1.3931499688419064,
            22.550176652745265
        ],
        "errlo": [
            -3.3038603392020605,
            -4.111262393706276,
            1.2745587089728545,
            22.5049290202539
        ],
        "errup": [
            -3.2387141166231213,
            -3.984347158618926,
            1.4557850353723985,
            22.592940757866966
        ],
        "information_gain_bits": [
            4.029358598049283,
            3.6793180832426082,
            2.0658940359052975,
            3.70736176300312
        ]
    },
    "maximum_likelihood": {
        "logl": -68.30188969396063,
        "point": [
            -3.263614734071087,
            -4.039488584776748,
            1.4754746890645927,
            22.543653219943327
        ],
        "point_untransformed": [
            0.4736385265928913,
            0.3960511415223251,
            0.9993352906516253,
            0.5062361742776181
        ]
    },
    "ncall": 35747,
    "paramnames": [
        "src1.lognorm",
        "src2.lognorm",
        "src1.logkT",
        "src1.lognH"
    ],
    "logzerr_single": 0.18660483540724676,
    "insertion_order_MWW_test": {
        "independent_iterations": Infinity,
        "converged": true
    }
}