{
    "niter": 2894,
    "logz": -15.091369178975022,
    "logzerr": 0.2866161357168317,
    "logz_bs": -15.098286587205807,
    "logz_single": -15.091369178975022,
    "logzerr_tail": 0.04170609684275561,
    "logzerr_bs": 0.2835655316490211,
    "ess": 884.7671711646324,
    "H": 8.091887788958369,
    "Herr": 0.12031072261199673,
    "posterior": {
        "mean": [
            -2.564479293172531,
            -0.03420102075998925,
            19.94050810060391
        ],
        "stdev": [
            0.1482217888346382,
            0.04681812232328761,
            0.5940910198439917
        ],
        "median": [
            -2.559931583125171,
            -0.034841158385535476,
            19.893484437281934
        ],
        "errlo": [
            -2.7163902952349575,
            -0.08243963830790824,
            19.276040145050583
        ],
        "errup": [
            -2.4169477520397424,
            0.012475363234266013,
            20.601202935273736
        ],
        "information_gain_bits": [
            3.1015388919024542,
            3.3253247855498245,
            0.43643973959789917
        ]
    },
    "maximum_likelihood": {
        "logl": -5.793824419844631,
        "point": [
            -2.5591194534792443,
            -0.03704400973070632,
            19.06372603988697
        ],
        "point_untransformed": [
            0.5440880546520755,
            0.7407389975673234,
            0.009103719983852773
        ]
    },
    "ncall": 6242,
    "paramnames": [
        "src1.lognorm",
        "src1.logkT",
        "src1.lognH"
    ],
    "logzerr_single": 0.14223121834673258,
    "insertion_order_MWW_test": {
        "independent_iterations": Infinity,
        "converged": true
    }
}