{
    "niter": 7117,
    "logz": -42.61069650092877,
    "logzerr": 0.28577764457670934,
    "logz_bs": -42.553886866432904,
    "logz_single": -42.61069650092877,
    "logzerr_tail": 0.009924813102273333,
    "logzerr_bs": 0.2856052524459187,
    "ess": 1872.8127814612321,
    "H": 13.55169484095769,
    "Herr": 0.14059225360990277,
    "posterior": {
        "mean": [
            -5.2989628732987475,
            -5.309577076935235,
            0.8197274751507932,
            21.748920710290044
        ],
        "stdev": [
            0.13720990703712194,
            0.125140961311836,
            0.21050299277246387,
            0.23044965137953724
        ],
        "median": [
            -5.2988612606212895,
            -5.3109218665465985,
            0.81749878417678,
            21.78062465957519
        ],
        "errlo": [
            -5.436694468951357,
            -5.431634155879584,
            0.6120674843991565,
            21.584801248989034
        ],
        "errup": [
            -5.164444050775358,
            -5.186364422582783,
            1.020925901950613,
            21.934409286016297
        ],
        "information_gain_bits": [
            3.1889963094917095,
            3.2352340803604265,
            2.9969868760513774,
            1.3557975838196974
        ]
    },
    "maximum_likelihood": {
        "logl": -26.932767178358176,
        "point": [
            -5.282200099772791,
            -5.298537853355114,
            0.8448716085582557,
            21.801713143183456
        ],
        "point_untransformed": [
            0.27177999002272085,
            0.2701462146644886,
            0.2957593545044812,
            0.40024473474049377
        ]
    },
    "ncall": 35832,
    "paramnames": [
        "src1.lognorm",
        "src2.lognorm",
        "pl1.PhoIndex",
        "src1.lognH"
    ],
    "logzerr_single": 0.1840631334689112,
    "insertion_order_MWW_test": {
        "independent_iterations": Infinity,
        "converged": true
    }
}