{
    "niter": 4526,
    "logz": -17.09179261862947,
    "logzerr": 0.28456056108692845,
    "logz_bs": -17.067462531793236,
    "logz_single": -17.09179261862947,
    "logzerr_tail": 0.057787658937577646,
    "logzerr_bs": 0.2786311170716971,
    "ess": 1474.641296810081,
    "H": 7.97908827732828,
    "Herr": 0.10451270539649059,
    "posterior": {
        "mean": [
            -4.711099486899662,
            2.0816035663496515,
            20.138135584590206
        ],
        "stdev": [
            0.07099905731474793,
            0.22503502271339915,
            0.669523560732296
        ],
        "median": [
            -4.7186360009199015,
            2.0680761948522504,
            20.13969028202288
        ],
        "errlo": [
            -4.777771479753739,
            1.8634135257830051,
            19.3448985950032
        ],
        "errup": [
            -4.647199113888128,
            2.296803676827686,
            20.908630538071694
        ],
        "information_gain_bits": [
            3.6196858889190713,
            2.8653281844235026,
            0.3206827595526571
        ]
    },
    "maximum_likelihood": {
        "logl": -7.92359061307797,
        "point": [
            -4.712237556359396,
            2.0640433065058152,
            20.47683174404199
        ],
        "point_untransformed": [
            0.32877624436406044,
            0.3895417928081396,
            0.2109759634345702
        ]
    },
    "ncall": 11523,
    "paramnames": [
        "src1.lognorm",
        "pl1.PhoIndex",
        "src1.lognH"
    ],
    "logzerr_single": 0.14123640002959825,
    "insertion_order_MWW_test": {
        "independent_iterations": Infinity,
        "converged": true
    }
}