{
    "niter": 5588,
    "logz": -24.704290105334465,
    "logzerr": 0.27277830673238573,
    "logz_bs": -24.69833332285159,
    "logz_single": -24.704290105334465,
    "logzerr_tail": 0.022925119121762094,
    "logzerr_bs": 0.2718132512167877,
    "ess": 1701.9235602662893,
    "H": 9.319312210714813,
    "Herr": 0.11395706465839095,
    "posterior": {
        "mean": [
            -4.510746587203339,
            2.0706117890199436,
            22.524848320961652
        ],
        "stdev": [
            0.30476109773938287,
            0.4861231608848308,
            0.13144035088210013
        ],
        "median": [
            -4.51725158690498,
            2.0711622510384986,
            22.532754166919418
        ],
        "errlo": [
            -4.823412040186414,
            1.5777874908948997,
            22.398668426568214
        ],
        "errup": [
            -4.214103353909842,
            2.549672647980344,
            22.651601520426773
        ],
        "information_gain_bits": [
            2.0325341080734605,
            1.601180734465487,
            2.6738865019133073
        ]
    },
    "maximum_likelihood": {
        "logl": -13.848032669162095,
        "point": [
            -4.462596688116655,
            2.1429334882512148,
            22.55816817438963
        ],
        "point_untransformed": [
            0.35374033118833453,
            0.3956102683270165,
            0.5083097391985183
        ]
    },
    "ncall": 16424,
    "paramnames": [
        "src1.lognorm",
        "pl1.PhoIndex",
        "src1.lognH"
    ],
    "logzerr_single": 0.15263774279904374,
    "insertion_order_MWW_test": {
        "independent_iterations": Infinity,
        "converged": true
    }
}