{
    "niter": 2102,
    "logz": -14.324787483181213,
    "logzerr": 0.34038035952409595,
    "logz_bs": -14.294738226499105,
    "logz_single": -14.324787483181213,
    "logzerr_tail": 0.020271982474895367,
    "logzerr_bs": 0.33977615554404395,
    "ess": 715.0054837984663,
    "H": 7.142675379294882,
    "Herr": 0.17111517934671244,
    "posterior": {
        "mean": [
            -2.803490086981382,
            0.16791439962179072,
            22.517454755644813
        ],
        "stdev": [
            0.7019613705928107,
            0.1942163599840611,
            0.6988159120851654
        ],
        "median": [
            -2.8486528298073415,
            0.1428815462045614,
            22.669659699755094
        ],
        "errlo": [
            -3.400405607567112,
            -0.00010676295640399402,
            22.208159776074304
        ],
        "errup": [
            -2.208295492933246,
            0.3180884877789816,
            23.00377379697146
        ],
        "information_gain_bits": [
            -0.4411519004067499,
            0.9805082358999646,
            -1.4879701842467203
        ]
    },
    "maximum_likelihood": {
        "logl": -5.44214500465489,
        "point": [
            -2.677024691295789,
            0.0994098258090772,
            22.71684220387232
        ],
        "point_untransformed": [
            0.5322975308704211,
            0.7748524564522693,
            0.5309774576960458
        ]
    },
    "ncall": 12868,
    "paramnames": [
        "src1.lognorm",
        "src1.logkT",
        "src1.lognH"
    ],
    "logzerr_single": 0.13362892070295715,
    "insertion_order_MWW_test": {
        "independent_iterations": Infinity,
        "converged": true
    }
}