{
    "niter": 4300,
    "logz": -461.0411570242849,
    "logzerr": 0.2686295602600333,
    "logz_bs": -461.01741788413057,
    "logz_single": -461.0411570242849,
    "logzerr_tail": 0.06485033915055283,
    "logzerr_bs": 0.2606842422501927,
    "ess": 1409.5099131404547,
    "H": 7.790284899238259,
    "Herr": 0.12008174985047332,
    "posterior": {
        "mean": [
            -5.285289468362158,
            1.4120119041057864,
            20.275317308010543
        ],
        "stdev": [
            0.09181446061517852,
            0.2501397976387233,
            0.7692646101522499
        ],
        "median": [
            -5.299288735227102,
            1.3848663518765019,
            20.280327535561533
        ],
        "errlo": [
            -5.362147197637026,
            1.1768373188820798,
            19.36106832953715
        ],
        "errup": [
            -5.2188245580654264,
            1.6322126602864593,
            21.137768324611514
        ],
        "information_gain_bits": [
            3.328283416016799,
            2.5981856515337842,
            -0.2368345084888145
        ]
    },
    "maximum_likelihood": {
        "logl": -452.1076416325582,
        "point": [
            -5.322353996887126,
            1.3136951682052924,
            19.067128322682333
        ],
        "point_untransformed": [
            0.26776460031128735,
            0.33182270524656093,
            0.009589760383190343
        ]
    },
    "ncall": 14101,
    "paramnames": [
        "src1.lognorm",
        "pl1.PhoIndex",
        "src1.lognH"
    ],
    "logzerr_single": 0.1395554092398272,
    "insertion_order_MWW_test": {
        "independent_iterations": Infinity,
        "converged": true
    }
}