{
    "niter": 3430,
    "logz": -40.86008567292554,
    "logzerr": 0.38930899673002806,
    "logz_bs": -40.78369023241262,
    "logz_single": -40.86008567292554,
    "logzerr_tail": 0.024393927308253183,
    "logzerr_bs": 0.38854398881647967,
    "ess": 892.9509881464854,
    "H": 11.427962955639558,
    "Herr": 0.17651314179653346,
    "posterior": {
        "mean": [
            -2.491077851805486,
            0.12528285679528894,
            22.470727169458343
        ],
        "stdev": [
            0.1553344805334718,
            0.043240992628649916,
            0.08799006120475894
        ],
        "median": [
            -2.4913555897927426,
            0.12441830027043,
            22.48214755789351
        ],
        "errlo": [
            -2.6422790492603774,
            0.0830271256643122,
            22.381529408145116
        ],
        "errup": [
            -2.34294873304835,
            0.16649631057459002,
            22.557674724332873
        ],
        "information_gain_bits": [
            3.0388996402474047,
            3.369617424800878,
            3.2410841528067658
        ]
    },
    "maximum_likelihood": {
        "logl": -27.917656992107275,
        "point": [
            -2.466064878393893,
            0.11710803011592796,
            22.489325477552235
        ],
        "point_untransformed": [
            0.5533935121606107,
            0.779277007528982,
            0.49847506822174786
        ]
    },
    "ncall": 11529,
    "paramnames": [
        "src1.lognorm",
        "src1.logkT",
        "src1.lognH"
    ],
    "logzerr_single": 0.1690263511677954,
    "insertion_order_MWW_test": {
        "independent_iterations": Infinity,
        "converged": true
    }
}