{
    "niter": 6404,
    "logz": -40.19714691313749,
    "logzerr": 0.34035382595919483,
    "logz_bs": -40.19265188815283,
    "logz_single": -40.19714691313749,
    "logzerr_tail": 0.009947768455688788,
    "logzerr_bs": 0.3402084195721997,
    "ess": 1588.0591363409128,
    "H": 12.020371603119546,
    "Herr": 0.1424281720757866,
    "posterior": {
        "mean": [
            -5.217571236725823,
            -5.659192076570481,
            1.5298260274271451,
            19.891744001928636
        ],
        "stdev": [
            0.05377515329755136,
            0.0807525204835454,
            0.14115026486322177,
            0.5685588452491965
        ],
        "median": [
            -5.216249121772007,
            -5.656210935412421,
            1.5255952616534607,
            19.816258270120223
        ],
        "errlo": [
            -5.274124867680965,
            -5.739371661422657,
            1.3908529585807257,
            19.26494204493344
        ],
        "errup": [
            -5.1661149465345275,
            -5.579326039283776,
            1.6733437780674354,
            20.537294550494384
        ],
        "information_gain_bits": [
            3.7738200609551833,
            3.5248668193070647,
            3.3821091258379075,
            0.6869001029238084
        ]
    },
    "maximum_likelihood": {
        "logl": -26.50105664159543,
        "point": [
            -5.226758443686347,
            -5.658984937966601,
            1.5153538349181543,
            19.137237807369424
        ],
        "point_untransformed": [
            0.2773241556313653,
            0.2341015062033399,
            0.34733491037831954,
            0.01960540105277487
        ]
    },
    "ncall": 24578,
    "paramnames": [
        "src1.lognorm",
        "src2.lognorm",
        "pl1.PhoIndex",
        "src1.lognH"
    ],
    "logzerr_single": 0.17335203779534542,
    "insertion_order_MWW_test": {
        "independent_iterations": Infinity,
        "converged": true
    }
}