{
    "niter": 2993,
    "logz": -23.49515910043698,
    "logzerr": 0.285706681862191,
    "logz_bs": -23.44102139825119,
    "logz_single": -23.49515910043698,
    "logzerr_tail": 0.027227565481965144,
    "logzerr_bs": 0.2844063426483814,
    "ess": 852.1100425383554,
    "H": 8.346016895555602,
    "Herr": 0.1283607213489631,
    "posterior": {
        "mean": [
            -1.9072375105233883,
            -0.20007840361692567,
            19.810739771685995
        ],
        "stdev": [
            0.13614367838996186,
            0.03904975458254707,
            0.5352602202978755
        ],
        "median": [
            -1.9075405066118893,
            -0.20114547415795503,
            19.760487311405395
        ],
        "errlo": [
            -2.0488167238807184,
            -0.23839731636773198,
            19.213156566139208
        ],
        "errup": [
            -1.7688549198067847,
            -0.16058533317981638,
            20.400934470904186
        ],
        "information_gain_bits": [
            3.1699332361291437,
            3.467824975348887,
            0.769868631332048
        ]
    },
    "maximum_likelihood": {
        "logl": -13.916040579007177,
        "point": [
            -1.912387563435371,
            -0.19970625414051613,
            19.0892439764091
        ],
        "point_untransformed": [
            0.6087612436564629,
            0.700073436464871,
            0.012749139487014567
        ]
    },
    "ncall": 6346,
    "paramnames": [
        "src1.lognorm",
        "src1.logkT",
        "src1.lognH"
    ],
    "logzerr_single": 0.14444736840416653,
    "insertion_order_MWW_test": {
        "independent_iterations": Infinity,
        "converged": true
    }
}