{
    "niter": 3727,
    "logz": -44.047587438515116,
    "logzerr": 0.5223521461254536,
    "logz_bs": -43.984257737381185,
    "logz_single": -44.047587438515116,
    "logzerr_tail": 0.016442049632068745,
    "logzerr_bs": 0.5220933092520568,
    "ess": 881.8831568861797,
    "H": 12.447785003423611,
    "Herr": 0.24008028556118352,
    "posterior": {
        "mean": [
            -2.7660172402533614,
            -2.7798490216331353,
            0.15467719711520062,
            20.1222363844289
        ],
        "stdev": [
            0.10190998456438459,
            0.0881806222723825,
            0.03324911402767924,
            0.6483962350315318
        ],
        "median": [
            -2.7665922245387558,
            -2.782500761625702,
            0.15387737097761223,
            20.10246374376441
        ],
        "errlo": [
            -2.865809368088895,
            -2.864681036256984,
            0.12243397962058378,
            19.365512830985992
        ],
        "errup": [
            -2.6583671708195773,
            -2.6934980562172823,
            0.18768230023044863,
            20.87807437562545
        ],
        "information_gain_bits": [
            3.3971090055031756,
            3.5276777357298963,
            3.5321803335333586,
            0.3714085851889646
        ]
    },
    "maximum_likelihood": {
        "logl": -30.087408257424272,
        "point": [
            -2.765730360074035,
            -2.780514110628861,
            0.15473271215027617,
            20.421882789312537
        ],
        "point_untransformed": [
            0.5234269639925965,
            0.5219485889371139,
            0.788683178037569,
            0.20312611275893366
        ]
    },
    "ncall": 15640,
    "paramnames": [
        "src1.lognorm",
        "src2.lognorm",
        "src1.logkT",
        "src1.lognH"
    ],
    "logzerr_single": 0.1764070931356192,
    "insertion_order_MWW_test": {
        "independent_iterations": Infinity,
        "converged": true
    }
}