{
    "niter": 4133,
    "logz": -14.575082900032074,
    "logzerr": 0.27089176886788224,
    "logz_bs": -14.605170196304899,
    "logz_single": -14.575082900032074,
    "logzerr_tail": 0.019050786074890524,
    "logzerr_bs": 0.27022105393603013,
    "ess": 1390.4056604211032,
    "H": 6.999453589814237,
    "Herr": 0.08321507899195206,
    "posterior": {
        "mean": [
            -3.8242874167855843,
            2.940612160698689,
            23.0954126412065
        ],
        "stdev": [
            1.4209098285809367,
            1.8809017346085606,
            0.4382137784227256
        ],
        "median": [
            -4.072494252707492,
            2.6385798543300014,
            23.139663179985924
        ],
        "errlo": [
            -5.145834916734983,
            1.197094655781271,
            22.778030943660436
        ],
        "errup": [
            -2.352013884098417,
            4.8597654053208865,
            23.46780592784502
        ],
        "information_gain_bits": [
            -3.173999953311553,
            -3.2573315213608454,
            -0.45274999360703594
        ]
    },
    "maximum_likelihood": {
        "logl": -6.12230708298544,
        "point": [
            -4.542577130813997,
            2.0195949539801354,
            22.987373206615377
        ],
        "point_untransformed": [
            0.3457422869186003,
            0.3861226887677027,
            0.5696247438021966
        ]
    },
    "ncall": 18179,
    "paramnames": [
        "src1.lognorm",
        "pl1.PhoIndex",
        "src1.lognH"
    ],
    "logzerr_single": 0.13228240236152197,
    "insertion_order_MWW_test": {
        "independent_iterations": Infinity,
        "converged": true
    }
}