{
    "niter": 2801,
    "logz": -464.76538591658016,
    "logzerr": 0.33289717909339284,
    "logz_bs": -464.76788891683424,
    "logz_single": -464.76538591658016,
    "logzerr_tail": 0.028981523096888395,
    "logzerr_bs": 0.33163323592083316,
    "ess": 849.6215149787503,
    "H": 8.512178444530207,
    "Herr": 0.15862194321315756,
    "posterior": {
        "mean": [
            -1.9650560822960306,
            -0.17141994572259453,
            19.99654875549683
        ],
        "stdev": [
            0.15028053446586725,
            0.04836847808366629,
            0.6385531446633004
        ],
        "median": [
            -1.9688029316670725,
            -0.17101844813435285,
            19.936849868697745
        ],
        "errlo": [
            -2.1132700602496977,
            -0.21929215630596352,
            19.281362284993737
        ],
        "errup": [
            -1.8222988150052108,
            -0.12282143539656346,
            20.7069647567238
        ],
        "information_gain_bits": [
            3.0504825161976563,
            3.3104955061492,
            0.2453145513986894
        ]
    },
    "maximum_likelihood": {
        "logl": -454.8997349454072,
        "point": [
            -1.9818701960870921,
            -0.16686650469384734,
            19.042352627543085
        ],
        "point_untransformed": [
            0.6018129803912908,
            0.7082833738265382,
            0.006050375363297639
        ]
    },
    "ncall": 7503,
    "paramnames": [
        "src1.lognorm",
        "src1.logkT",
        "src1.lognH"
    ],
    "logzerr_single": 0.14587818929272983,
    "insertion_order_MWW_test": {
        "independent_iterations": Infinity,
        "converged": true
    }
}