{
    "niter": 3770,
    "logz": -10.33164593953349,
    "logzerr": 0.2284978240726219,
    "logz_bs": -10.32126970186707,
    "logz_single": -10.33164593953349,
    "logzerr_tail": 0.0414383509293792,
    "logzerr_bs": 0.2247089643921143,
    "ess": 1324.8695787038228,
    "H": 5.846816131427264,
    "Herr": 0.07718756102226441,
    "posterior": {
        "mean": [
            -5.075076302064416,
            0.9192686262270409,
            19.924690647194787
        ],
        "stdev": [
            0.06752819009099194,
            0.25933724900528005,
            0.5919590218351022
        ],
        "median": [
            -5.071179358488873,
            0.8953951831841389,
            19.86603816877529
        ],
        "errlo": [
            -5.140688172628721,
            0.6485509051248186,
            19.272393216820323
        ],
        "errup": [
            -5.008676932047251,
            1.2287320614197124,
            20.587145914844783
        ],
        "information_gain_bits": [
            3.653069586261683,
            -0.49489711150742266,
            0.41315014271873696
        ]
    },
    "maximum_likelihood": {
        "logl": -3.4012521568511507,
        "point": [
            -5.094816457044148,
            0.7872527752246963,
            19.20502412168652
        ],
        "point_untransformed": [
            0.29051835429558515,
            0.7215039521458391,
            0.02928916024093163
        ]
    },
    "ncall": 9635,
    "paramnames": [
        "src1.lognorm",
        "src1.logkT",
        "src1.lognH"
    ],
    "logzerr_single": 0.12090095255442845,
    "insertion_order_MWW_test": {
        "independent_iterations": Infinity,
        "converged": true
    }
}