{
    "niter": 5679,
    "logz": -40.40179957039833,
    "logzerr": 0.17702330895041227,
    "logz_bs": -40.402583236465645,
    "logz_single": -40.40179957039833,
    "logzerr_tail": 0.015675588869228818,
    "logzerr_bs": 0.17632789860188325,
    "ess": 1538.9362656565834,
    "H": 9.745357473725694,
    "Herr": 0.09153908594546,
    "posterior": {
        "mean": [
            -3.7321403581113417,
            1.120071218528305,
            22.936885145437238
        ],
        "stdev": [
            0.050307215821927875,
            0.1837819612773653,
            0.044606504558566865
        ],
        "median": [
            -3.7369005068264016,
            1.113257073815174,
            22.936286888198172
        ],
        "errlo": [
            -3.7773049897557787,
            0.9405777533012332,
            22.89428412599095
        ],
        "errup": [
            -3.6914402648012805,
            1.3315254285989846,
            22.980344123877813
        ],
        "information_gain_bits": [
            3.7695040684036547,
            0.35360445453660877,
            3.702064480153529
        ]
    },
    "maximum_likelihood": {
        "logl": -29.261801712570236,
        "point": [
            -3.740758958961373,
            1.0806506901313888,
            22.937369402157636
        ],
        "point_untransformed": [
            0.4259241041038627,
            0.8399470498939533,
            0.5624813431653766
        ]
    },
    "ncall": 18368,
    "paramnames": [
        "src1.lognorm",
        "src1.logkT",
        "src1.lognH"
    ],
    "logzerr_single": 0.15608777557616174,
    "insertion_order_MWW_test": {
        "independent_iterations": Infinity,
        "converged": true
    }
}