{
    "niter": 3709,
    "logz": -14.294402797536218,
    "logzerr": 0.1562912249033158,
    "logz_bs": -14.317321302574639,
    "logz_single": -14.294402797536218,
    "logzerr_tail": 0.05960378007802092,
    "logzerr_bs": 0.1444795362056155,
    "ess": 1435.3520940334597,
    "H": 6.02673727083452,
    "Herr": 0.09135243917981105,
    "posterior": {
        "mean": [
            -5.080362852406096,
            0.7883768700920225,
            19.97298271224101
        ],
        "stdev": [
            0.05556977534565271,
            0.22611616250283326,
            0.5981716028573848
        ],
        "median": [
            -5.080456597612163,
            0.7433459133533991,
            19.932335654108925
        ],
        "errlo": [
            -5.131927054820848,
            0.573403669341711,
            19.30518718552765
        ],
        "errup": [
            -5.025580718035596,
            1.017315057582387,
            20.661831973868587
        ],
        "information_gain_bits": [
            3.710958134616947,
            -0.43032425153477605,
            0.49278016184249085
        ]
    },
    "maximum_likelihood": {
        "logl": -7.075547648483925,
        "point": [
            -5.093746128725505,
            0.6854823219204091,
            19.39422071745805
        ],
        "point_untransformed": [
            0.29062538712744945,
            0.6804197891843434,
            0.05631724535114992
        ]
    },
    "ncall": 8463,
    "paramnames": [
        "src1.lognorm",
        "src1.logkT",
        "src1.lognH"
    ],
    "logzerr_single": 0.12274706993279433,
    "insertion_order_MWW_test": {
        "independent_iterations": Infinity,
        "converged": true
    }
}