{
    "niter": 3736,
    "logz": -410.59838552573075,
    "logzerr": 0.39055904989534546,
    "logz_bs": -410.65742940319046,
    "logz_single": -410.59838552573075,
    "logzerr_tail": 0.010141666626338974,
    "logzerr_bs": 0.39042735310579246,
    "ess": 893.8679498637936,
    "H": 11.785282703492385,
    "Herr": 0.16754740535049753,
    "posterior": {
        "mean": [
            -1.30324299212002,
            -0.2793794237213628,
            19.370486115619048
        ],
        "stdev": [
            0.03336085848547081,
            0.009810654822344143,
            0.25910532567256356
        ],
        "median": [
            -1.3038521899569329,
            -0.2790072507583201,
            19.340638043109102
        ],
        "errlo": [
            -1.3352723982229286,
            -0.28905277694882336,
            19.094117487763324
        ],
        "errup": [
            -1.2688026173619384,
            -0.27005854166141097,
            19.64046021597682
        ],
        "information_gain_bits": [
            3.83501075329265,
            4.145348042669652,
            2.336239596725057
        ]
    },
    "maximum_likelihood": {
        "logl": -397.2761473135253,
        "point": [
            -1.3084327605984853,
            -0.2781726880530764,
            19.00334434298403
        ],
        "point_untransformed": [
            0.6691567239401515,
            0.6804568279867309,
            0.0004777632834325682
        ]
    },
    "ncall": 8445,
    "paramnames": [
        "src1.lognorm",
        "src1.logkT",
        "src1.lognH"
    ],
    "logzerr_single": 0.17164849768853488,
    "insertion_order_MWW_test": {
        "independent_iterations": Infinity,
        "converged": true
    }
}