{
    "niter": 4309,
    "logz": -20.61169447356785,
    "logzerr": 0.24852349679703734,
    "logz_bs": -20.62008174359476,
    "logz_single": -20.61169447356785,
    "logzerr_tail": 0.030327469366635995,
    "logzerr_bs": 0.24666611656659043,
    "ess": 1498.8053862348524,
    "H": 7.016704294551541,
    "Herr": 0.10648194219031742,
    "posterior": {
        "mean": [
            -4.783171526400547,
            0.5746770728286466,
            19.659155251039305
        ],
        "stdev": [
            0.047018943192638565,
            0.14311057914879927,
            0.4335380996596358
        ],
        "median": [
            -4.782531448927136,
            0.5592487412088265,
            19.605801409550867
        ],
        "errlo": [
            -4.830960083723588,
            0.437927801941389,
            19.188906401719557
        ],
        "errup": [
            -4.737002835507653,
            0.7051450918092571,
            20.149355995505335
        ],
        "information_gain_bits": [
            3.818378249638869,
            0.2293019316707712,
            1.301759348170505
        ]
    },
    "maximum_likelihood": {
        "logl": -12.247490417674046,
        "point": [
            -4.782127414517375,
            0.5277778079223823,
            19.015302907625998
        ],
        "point_untransformed": [
            0.3217872585482625,
            0.6167553586694656,
            0.0021861296608567046
        ]
    },
    "ncall": 9759,
    "paramnames": [
        "src1.lognorm",
        "src1.logkT",
        "src1.lognH"
    ],
    "logzerr_single": 0.13244531224765507,
    "insertion_order_MWW_test": {
        "independent_iterations": Infinity,
        "converged": true
    }
}