{
    "niter": 4055,
    "logz": -58.32535672770046,
    "logzerr": 0.6772366548700842,
    "logz_bs": -58.29026486179989,
    "logz_single": -58.32535672770046,
    "logzerr_tail": 0.0099191179929079,
    "logzerr_bs": 0.6771640110031427,
    "ess": 928.1481507803387,
    "H": 15.189621155488531,
    "Herr": 0.24504254723195476,
    "posterior": {
        "mean": [
            -2.4190871899237902,
            -2.2690819802949216,
            0.0900832470430088,
            22.10222905702899
        ],
        "stdev": [
            0.1180062259795867,
            0.11628211812478473,
            0.032856500902029614,
            0.10853690285633776
        ],
        "median": [
            -2.4221880134116827,
            -2.269376081450929,
            0.09015797071118525,
            22.113635274259465
        ],
        "errlo": [
            -2.5347579741141493,
            -2.3907789689995997,
            0.05756449660663399,
            21.991209852827488
        ],
        "errup": [
            -2.2978322328681324,
            -2.1538987547533024,
            0.12325359072331077,
            22.207529187074805
        ],
        "information_gain_bits": [
            3.2705228609063544,
            3.318309300910585,
            3.603686333413156,
            2.9730547111701258
        ]
    },
    "maximum_likelihood": {
        "logl": -41.10701118882533,
        "point": [
            -2.4070155924024634,
            -2.2615214501660112,
            0.08719157786246035,
            22.123544523473374
        ],
        "point_untransformed": [
            0.5592984407597537,
            0.5738478549833989,
            0.7717978944656151,
            0.4462206462104821
        ]
    },
    "ncall": 20814,
    "paramnames": [
        "src1.lognorm",
        "src2.lognorm",
        "src1.logkT",
        "src1.lognH"
    ],
    "logzerr_single": 0.1948693225952236,
    "insertion_order_MWW_test": {
        "independent_iterations": Infinity,
        "converged": true
    }
}