{
    "niter": 4121,
    "logz": -16.85355978416375,
    "logzerr": 0.2779308629475449,
    "logz_bs": -16.892348518022413,
    "logz_single": -16.85355978416375,
    "logzerr_tail": 0.049570923456549565,
    "logzerr_bs": 0.2734744743599151,
    "ess": 1443.642503540761,
    "H": 7.069859532422404,
    "Herr": 0.13350142908526114,
    "posterior": {
        "mean": [
            -5.160001864134082,
            2.0645597824526405,
            20.138303756361402
        ],
        "stdev": [
            0.09297701434015457,
            0.3445414121792782,
            0.6716708924335703
        ],
        "median": [
            -5.167169178407258,
            2.0340143225396563,
            20.109888011233494
        ],
        "errlo": [
            -5.246406587552146,
            1.7489356448486104,
            19.357179693372327
        ],
        "errup": [
            -5.080307927701607,
            2.382412491184329,
            20.88706490213634
        ],
        "information_gain_bits": [
            3.3188696806270053,
            2.021062095575355,
            0.09558076591134823
        ]
    },
    "maximum_likelihood": {
        "logl": -8.529917142031644,
        "point": [
            -5.184963331293374,
            1.9362278512398765,
            19.049123523598354
        ],
        "point_untransformed": [
            0.28150366687066264,
            0.37970983471075975,
            0.007017646228336005
        ]
    },
    "ncall": 11681,
    "paramnames": [
        "src1.lognorm",
        "pl1.PhoIndex",
        "src1.lognH"
    ],
    "logzerr_single": 0.13294603728978163,
    "insertion_order_MWW_test": {
        "independent_iterations": Infinity,
        "converged": true
    }
}