{
    "niter": 4359,
    "logz": -11.648127945164235,
    "logzerr": 0.1480000866621796,
    "logz_bs": -11.673483584534052,
    "logz_single": -11.648127945164235,
    "logzerr_tail": 0.018733211387690574,
    "logzerr_bs": 0.14680971508424356,
    "ess": 1580.7381491043848,
    "H": 6.419262970754512,
    "Herr": 0.09908036587516598,
    "posterior": {
        "mean": [
            -4.8529272664827925,
            0.9074695339059533,
            21.62780087739604
        ],
        "stdev": [
            0.11613903178963979,
            0.31972068539469134,
            0.43917562749924766
        ],
        "median": [
            -4.85925138059478,
            0.9036661527194478,
            21.716163992232584
        ],
        "errlo": [
            -4.958448030009215,
            0.5650312490771654,
            21.357490275986233
        ],
        "errup": [
            -4.74478039510357,
            1.281236773699093,
            21.953408850262544
        ],
        "information_gain_bits": [
            3.1637610585056564,
            -1.4724375018741303,
            0.007147153002904694
        ]
    },
    "maximum_likelihood": {
        "logl": -3.6801464858690576,
        "point": [
            -4.8179587998535585,
            0.6766072391646718,
            21.844697517228003
        ],
        "point_untransformed": [
            0.31820412001464415,
            0.6768369678998272,
            0.4063853596040006
        ]
    },
    "ncall": 12046,
    "paramnames": [
        "src1.lognorm",
        "src1.logkT",
        "src1.lognH"
    ],
    "logzerr_single": 0.12668132232845647,
    "insertion_order_MWW_test": {
        "independent_iterations": Infinity,
        "converged": true
    }
}