{
    "niter": 4720,
    "logz": -17.96536824379077,
    "logzerr": 0.2585897108217313,
    "logz_bs": -17.964856624089112,
    "logz_single": -17.96536824379077,
    "logzerr_tail": 0.01644387836572747,
    "logzerr_bs": 0.25806634303442166,
    "ess": 1885.9675436574853,
    "H": 6.92109548113233,
    "Herr": 0.09301134669375682,
    "posterior": {
        "mean": [
            -4.598211779232705,
            0.8511109704887685,
            21.14471190719256
        ],
        "stdev": [
            0.05581285994761569,
            0.23644868520060788,
            0.48738650914002973
        ],
        "median": [
            -4.600098638350863,
            0.8135687541904852,
            21.284894026412978
        ],
        "errlo": [
            -4.652443746696699,
            0.6176343122764336,
            20.84931836560472
        ],
        "errup": [
            -4.54304873152181,
            1.1033133166932272,
            21.49993453354864
        ],
        "information_gain_bits": [
            3.6937343690617612,
            -0.370196080958295,
            0.4841025067479681
        ]
    },
    "maximum_likelihood": {
        "logl": -9.071269527440826,
        "point": [
            -4.5687679465049715,
            0.6749434336948741,
            21.45332466115272
        ],
        "point_untransformed": [
            0.3431232053495028,
            0.6761652989346412,
            0.35047495159324593
        ]
    },
    "ncall": 11412,
    "paramnames": [
        "src1.lognorm",
        "src1.logkT",
        "src1.lognH"
    ],
    "logzerr_single": 0.131539874953684,
    "insertion_order_MWW_test": {
        "independent_iterations": Infinity,
        "converged": true
    }
}