{
    "niter": 4189,
    "logz": -14.922828572959295,
    "logzerr": 0.1375492405482614,
    "logz_bs": -14.940791421982864,
    "logz_single": -14.922828572959295,
    "logzerr_tail": 0.017370334639032592,
    "logzerr_bs": 0.13644803058282484,
    "ess": 1302.517276447608,
    "H": 7.15297310332088,
    "Herr": 0.09778149602651297,
    "posterior": {
        "mean": [
            -4.115029868494764,
            0.9349994142403658,
            22.970584575566974
        ],
        "stdev": [
            0.42862531810178217,
            0.3967749061554555,
            0.2096687725413787
        ],
        "median": [
            -4.243772595089551,
            1.0279581377892373,
            22.942402179810806
        ],
        "errlo": [
            -4.382223301818348,
            0.49878818234314126,
            22.770043466229627
        ],
        "errup": [
            -3.914274111995555,
            1.342852134746645,
            23.152195845286393
        ],
        "information_gain_bits": [
            1.132961039581954,
            -2.4180660416238453,
            2.195327082954374
        ]
    },
    "maximum_likelihood": {
        "logl": -6.360851801830108,
        "point": [
            -4.323046899975301,
            1.465452723204129,
            22.84091277836272
        ],
        "point_untransformed": [
            0.3676953100024699,
            0.9952894790703921,
            0.548701825480389
        ]
    },
    "ncall": 16324,
    "paramnames": [
        "src1.lognorm",
        "src1.logkT",
        "src1.lognH"
    ],
    "logzerr_single": 0.13372521362219691,
    "insertion_order_MWW_test": {
        "independent_iterations": Infinity,
        "converged": true
    }
}