{
    "niter": 2604,
    "logz": -13.66853154905659,
    "logzerr": 0.2475865619310251,
    "logz_bs": -13.69865252853393,
    "logz_single": -13.66853154905659,
    "logzerr_tail": 0.04405105210846294,
    "logzerr_bs": 0.24363622566638732,
    "ess": 821.0633549962506,
    "H": 7.156985237133003,
    "Herr": 0.14314933503012844,
    "posterior": {
        "mean": [
            -2.4232880317961625,
            -0.11575741953240777,
            20.351112142772294
        ],
        "stdev": [
            0.22622205114038307,
            0.06776796010094153,
            0.7781758313073609
        ],
        "median": [
            -2.4296605803285125,
            -0.11783727836355595,
            20.289640335030672
        ],
        "errlo": [
            -2.6572561214293753,
            -0.18599767308153847,
            19.462998729977393
        ],
        "errup": [
            -2.200013548593419,
            -0.048323464298990704,
            21.281876143961345
        ],
        "information_gain_bits": [
            2.3356581959303266,
            2.92245151419926,
            -0.362427467958615
        ]
    },
    "maximum_likelihood": {
        "logl": -5.447010969278523,
        "point": [
            -2.3675534435053756,
            -0.1320297441806133,
            21.072086652768657
        ],
        "point_untransformed": [
            0.5632446556494625,
            0.7169925639548467,
            0.2960123789669511
        ]
    },
    "ncall": 7025,
    "paramnames": [
        "src1.lognorm",
        "src1.logkT",
        "src1.lognH"
    ],
    "logzerr_single": 0.1337627118924871,
    "insertion_order_MWW_test": {
        "independent_iterations": Infinity,
        "converged": true
    }
}