{
    "niter": 4705,
    "logz": -14.583710173402912,
    "logzerr": 0.32145440076478315,
    "logz_bs": -14.513990090263087,
    "logz_single": -14.583710173402912,
    "logzerr_tail": 0.020081347509428582,
    "logzerr_bs": 0.3208265438726219,
    "ess": 1453.3945455563517,
    "H": 7.50669303157181,
    "Herr": 0.1248909076809059,
    "posterior": {
        "mean": [
            -4.849227833489958,
            0.9088903991862385,
            22.3523023562298
        ],
        "stdev": [
            0.12784003153180937,
            0.3008908328605005,
            0.13404205250010187
        ],
        "median": [
            -4.86331459257247,
            0.9039940928787555,
            22.356026239845626
        ],
        "errlo": [
            -4.975229020967991,
            0.5756282366198827,
            22.227145879039586
        ],
        "errup": [
            -4.724908107557395,
            1.2573753679922812,
            22.48608415852117
        ],
        "information_gain_bits": [
            3.235865545168861,
            -0.9563033945438376,
            2.784599670135825
        ]
    },
    "maximum_likelihood": {
        "logl": -5.719396125833441,
        "point": [
            -4.799527541660689,
            0.6908437722935183,
            22.41975002115261
        ],
        "point_untransformed": [
            0.3200472458339311,
            0.6825841767220524,
            0.48853571730751544
        ]
    },
    "ncall": 15066,
    "paramnames": [
        "src1.lognorm",
        "src1.logkT",
        "src1.lognH"
    ],
    "logzerr_single": 0.1369917244906769,
    "insertion_order_MWW_test": {
        "independent_iterations": Infinity,
        "converged": true
    }
}