{
    "niter": 2872,
    "logz": -28.147985860371413,
    "logzerr": 0.318979938541719,
    "logz_bs": -28.146015887018567,
    "logz_single": -28.147985860371413,
    "logzerr_tail": 0.029278629994685446,
    "logzerr_bs": 0.3176333783117151,
    "ess": 870.0103395537731,
    "H": 8.534533404677234,
    "Herr": 0.15542074867556116,
    "posterior": {
        "mean": [
            -0.354425486368003,
            -0.44326305904064317,
            19.720726577520743
        ],
        "stdev": [
            0.16452226957255153,
            0.041992386427880404,
            0.4761365101379145
        ],
        "median": [
            -0.35760178637879925,
            -0.4440870576585345,
            19.68014330626288
        ],
        "errlo": [
            -0.5188627463097752,
            -0.4851267588946433,
            19.184957427935085
        ],
        "errup": [
            -0.19029869651850895,
            -0.39965594515097047,
            20.26779324211167
        ],
        "information_gain_bits": [
            3.0128648584466204,
            3.3943811079198496,
            1.177999253379482
        ]
    },
    "maximum_likelihood": {
        "logl": -18.263427521116842,
        "point": [
            -0.3501943699627539,
            -0.44654617399877417,
            19.055307689693453
        ],
        "point_untransformed": [
            0.7649805630037246,
            0.6383634565003065,
            0.007901098527636007
        ]
    },
    "ncall": 6114,
    "paramnames": [
        "src1.lognorm",
        "src1.logkT",
        "src1.lognH"
    ],
    "logzerr_single": 0.14606961871550525,
    "insertion_order_MWW_test": {
        "independent_iterations": Infinity,
        "converged": true
    }
}