{
    "niter": 6038,
    "logz": -121.61775726801437,
    "logzerr": 0.26991647359060694,
    "logz_bs": -121.61916526320789,
    "logz_single": -121.61775726801437,
    "logzerr_tail": 0.019388071732933554,
    "logzerr_bs": 0.2692192515220029,
    "ess": 1607.8503070184217,
    "H": 11.304288733751235,
    "Herr": 0.1372035660861143,
    "posterior": {
        "mean": [
            -3.406210344064436,
            1.0948069745864755,
            22.324039824761925
        ],
        "stdev": [
            0.01672114364780832,
            0.11981007196295582,
            0.026644471579223616
        ],
        "median": [
            -3.4067468261819505,
            1.0763172088258097,
            22.32503142494672
        ],
        "errlo": [
            -3.422645727532772,
            0.9816158193276996,
            22.29691944388407
        ],
        "errup": [
            -3.3899489473420656,
            1.2223569627688078,
            22.349929426886654
        ],
        "information_gain_bits": [
            3.8505682570766564,
            1.4580674066635806,
            3.9611746538354122
        ]
    },
    "maximum_likelihood": {
        "logl": -108.77780536582539,
        "point": [
            -3.4066589319414424,
            1.05441946249793,
            22.32858777751184
        ],
        "point_untransformed": [
            0.4593341068058558,
            0.8293576499671309,
            0.4755125396445486
        ]
    },
    "ncall": 13936,
    "paramnames": [
        "src1.lognorm",
        "src1.logkT",
        "src1.lognH"
    ],
    "logzerr_single": 0.16810925564756418,
    "insertion_order_MWW_test": {
        "independent_iterations": Infinity,
        "converged": true
    }
}