{
    "niter": 3957,
    "logz": -155.19383520446414,
    "logzerr": 0.3635370618876095,
    "logz_bs": -155.16773451125403,
    "logz_single": -155.19383520446414,
    "logzerr_tail": 0.026288251501398463,
    "logzerr_bs": 0.3625853322996875,
    "ess": 1005.6315149583628,
    "H": 12.943222834113186,
    "Herr": 0.18468383801576096,
    "posterior": {
        "mean": [
            -1.6758256593014351,
            0.08208436863664573,
            21.871563546505893
        ],
        "stdev": [
            0.05390054627382308,
            0.01523987887450554,
            0.06370285600066704
        ],
        "median": [
            -1.6755593453562119,
            0.08197197992584915,
            21.875148014961155
        ],
        "errlo": [
            -1.7274946583051216,
            0.06702166389015284,
            21.806498604131047
        ],
        "errup": [
            -1.6233826126589785,
            0.09664509287547896,
            21.935454457319864
        ],
        "information_gain_bits": [
            3.770315601583038,
            3.818454850798711,
            3.510662196696751
        ]
    },
    "maximum_likelihood": {
        "logl": -140.65070032561317,
        "point": [
            -1.66517894714244,
            0.07924414788708134,
            21.887193385481282
        ],
        "point_untransformed": [
            0.633482105285756,
            0.7698110369717703,
            0.4124561979258974
        ]
    },
    "ncall": 9985,
    "paramnames": [
        "src1.lognorm",
        "src1.logkT",
        "src1.lognH"
    ],
    "logzerr_single": 0.1798834541732034,
    "insertion_order_MWW_test": {
        "independent_iterations": Infinity,
        "converged": true
    }
}