{
    "niter": 6591,
    "logz": -70.02802043193452,
    "logzerr": 0.36260509647544903,
    "logz_bs": -70.01496906055603,
    "logz_single": -70.02802043193452,
    "logzerr_tail": 0.018784836869713217,
    "logzerr_bs": 0.36211819326533146,
    "ess": 1662.6875948665136,
    "H": 12.365562454347568,
    "Herr": 0.1342078904886122,
    "posterior": {
        "mean": [
            -4.00494020138435,
            2.47477941273177,
            22.47362922825259
        ],
        "stdev": [
            0.11168198199356144,
            0.1858175540019991,
            0.04621605933504395
        ],
        "median": [
            -4.006354868067658,
            2.4703056960216863,
            22.47313736816635
        ],
        "errlo": [
            -4.113914762651687,
            2.2950846012197643,
            22.429212196223887
        ],
        "errup": [
            -3.893875700509737,
            2.661653312413021,
            22.51854976916581
        ],
        "information_gain_bits": [
            3.3762532275733084,
            3.1744672414727004,
            3.674736726142322
        ]
    },
    "maximum_likelihood": {
        "logl": -56.118276266836794,
        "point": [
            -3.999228583971573,
            2.482255293321087,
            22.478949993632316
        ],
        "point_untransformed": [
            0.40007714160284275,
            0.42171194564008363,
            0.4969928562331879
        ]
    },
    "ncall": 17884,
    "paramnames": [
        "src1.lognorm",
        "pl1.PhoIndex",
        "src1.lognH"
    ],
    "logzerr_single": 0.17582350848469872,
    "insertion_order_MWW_test": {
        "independent_iterations": Infinity,
        "converged": true
    }
}