{
    "niter": 4933,
    "logz": -29.207557102899255,
    "logzerr": 0.15857119504224318,
    "logz_bs": -29.22308848698878,
    "logz_single": -29.207557102899255,
    "logzerr_tail": 0.009941954176973411,
    "logzerr_bs": 0.1582592223040038,
    "ess": 1583.210125501686,
    "H": 6.816389214094517,
    "Herr": 0.0961309783210053,
    "posterior": {
        "mean": [
            -4.798664934840435,
            1.0681337320963245,
            20.60849949528569
        ],
        "stdev": [
            0.04578627285652553,
            0.2076196083352666,
            0.6383084922314528
        ],
        "median": [
            -4.799352220716636,
            1.0564319092841399,
            20.812295934652642
        ],
        "errlo": [
            -4.844889898660637,
            0.8473529953646444,
            19.873982101922927
        ],
        "errup": [
            -4.753633055141426,
            1.306947695900222,
            21.19863824810551
        ],
        "information_gain_bits": [
            3.838889345745725,
            0.4216978809661242,
            0.39598608535585195
        ]
    },
    "maximum_likelihood": {
        "logl": -20.708213363419816,
        "point": [
            -4.779662597719984,
            0.8799632738650032,
            21.19390418320793
        ],
        "point_untransformed": [
            0.3220337402280016,
            0.7589306620671501,
            0.3134148833154186
        ]
    },
    "ncall": 11726,
    "paramnames": [
        "src1.lognorm",
        "src1.logkT",
        "src1.lognH"
    ],
    "logzerr_single": 0.13054107796106287,
    "insertion_order_MWW_test": {
        "independent_iterations": Infinity,
        "converged": true
    }
}