{
    "niter": 5778,
    "logz": -36.93169020848625,
    "logzerr": 0.35797189152127756,
    "logz_bs": -36.93122878867082,
    "logz_single": -36.93169020848625,
    "logzerr_tail": 0.02346626305338617,
    "logzerr_bs": 0.3572019171527927,
    "ess": 1612.7245726669703,
    "H": 10.589698256772326,
    "Herr": 0.13277464545853251,
    "posterior": {
        "mean": [
            -4.468457801381163,
            1.7684617553638058,
            22.76202548011849
        ],
        "stdev": [
            0.21700528566463953,
            0.31943928728002186,
            0.07427598733114069
        ],
        "median": [
            -4.4677385947462165,
            1.768429860980992,
            22.767973269583493
        ],
        "errlo": [
            -4.685048551638884,
            1.4445113611365459,
            22.68668724546551
        ],
        "errup": [
            -4.25685767923728,
            2.0826241129355503,
            22.83459699101688
        ],
        "information_gain_bits": [
            2.6460449309844933,
            2.4421559387433303,
            3.364408386316329
        ]
    },
    "maximum_likelihood": {
        "logl": -24.81105478937819,
        "point": [
            -4.472854207775143,
            1.7582349978422176,
            22.764409771120967
        ],
        "point_untransformed": [
            0.3527145792224857,
            0.36601807675709364,
            0.5377728244458524
        ]
    },
    "ncall": 15832,
    "paramnames": [
        "src1.lognorm",
        "pl1.PhoIndex",
        "src1.lognH"
    ],
    "logzerr_single": 0.16270908285013105,
    "insertion_order_MWW_test": {
        "independent_iterations": Infinity,
        "converged": true
    }
}