{
    "niter": 2427,
    "logz": -21.04171413213019,
    "logzerr": 0.28167839489403645,
    "logz_bs": -21.06477847740358,
    "logz_single": -21.04171413213019,
    "logzerr_tail": 0.05995794224012485,
    "logzerr_bs": 0.27522311551250667,
    "ess": 789.3352061485033,
    "H": 7.492132463174455,
    "Herr": 0.1055868366454465,
    "posterior": {
        "mean": [
            -2.5689054209677633,
            -0.013810172763037231,
            20.184616944526475
        ],
        "stdev": [
            0.18247453430507996,
            0.05707410801998392,
            0.7568120758823836
        ],
        "median": [
            -2.5689158487736057,
            -0.014513696805412923,
            20.147645389013867
        ],
        "errlo": [
            -2.7413200908609117,
            -0.06948666331480452,
            19.305413980763124
        ],
        "errup": [
            -2.3877401980632804,
            0.04347455319742277,
            21.058081665346442
        ],
        "information_gain_bits": [
            2.7351869567545837,
            3.07243872865698,
            -0.29349041920985786
        ]
    },
    "maximum_likelihood": {
        "logl": -12.383835343035042,
        "point": [
            -2.5881774224955816,
            -0.009147392795205267,
            19.162021790512537
        ],
        "point_untransformed": [
            0.5411822577504418,
            0.7477131518011987,
            0.02314597007321942
        ]
    },
    "ncall": 6378,
    "paramnames": [
        "src1.lognorm",
        "src1.logkT",
        "src1.lognH"
    ],
    "logzerr_single": 0.1368588000748806,
    "insertion_order_MWW_test": {
        "independent_iterations": Infinity,
        "converged": true
    }
}