{
    "niter": 3282,
    "logz": -64.50899893162762,
    "logzerr": 0.4233542498027369,
    "logz_bs": -64.48179387544788,
    "logz_single": -64.50899893162762,
    "logzerr_tail": 0.027452643187587,
    "logzerr_bs": 0.42246322113061296,
    "ess": 860.9184898895994,
    "H": 10.248890411146881,
    "Herr": 0.1561714577483861,
    "posterior": {
        "mean": [
            -1.421100974630755,
            -0.15665072578539924,
            19.62103519634375
        ],
        "stdev": [
            0.06022316446228647,
            0.017631150264572862,
            0.40803257025395734
        ],
        "median": [
            -1.420220269677801,
            -0.15747241917882837,
            19.574502637783937
        ],
        "errlo": [
            -1.480691276128038,
            -0.17441244762103822,
            19.187817166405004
        ],
        "errup": [
            -1.362874750964666,
            -0.13901204411677387,
            20.069495469689976
        ],
        "information_gain_bits": [
            3.696863003913173,
            3.867513317764733,
            1.3912943373923778
        ]
    },
    "maximum_likelihood": {
        "logl": -52.95158678474961,
        "point": [
            -1.427040714706786,
            -0.15573311956317326,
            19.058548730888162
        ],
        "point_untransformed": [
            0.6572959285293214,
            0.7110667201092067,
            0.008364104412594647
        ]
    },
    "ncall": 7410,
    "paramnames": [
        "src1.lognorm",
        "src1.logkT",
        "src1.lognH"
    ],
    "logzerr_single": 0.16006944126805467,
    "insertion_order_MWW_test": {
        "independent_iterations": Infinity,
        "converged": true
    }
}