{
    "niter": 6627,
    "logz": -64.66559016158372,
    "logzerr": 0.4030089972471236,
    "logz_bs": -64.6817715907853,
    "logz_single": -64.66559016158372,
    "logzerr_tail": 0.009936938891172531,
    "logzerr_bs": 0.4028864717356555,
    "ess": 1467.4481569507102,
    "H": 13.711700348996622,
    "Herr": 0.1804697195852806,
    "posterior": {
        "mean": [
            -5.4083170143041,
            -4.788445662269568,
            1.6863390620661105,
            20.17011801538657
        ],
        "stdev": [
            0.06363333748463132,
            0.044188177016383584,
            0.10853431647325724,
            0.6367236137782125
        ],
        "median": [
            -5.412266310517197,
            -4.794757217157652,
            1.6786784096451486,
            20.22935391595346
        ],
        "errlo": [
            -5.469786518659813,
            -4.829415944115491,
            1.5802964621611473,
            19.383084331015077
        ],
        "errup": [
            -5.344209929563995,
            -4.745668063351987,
            1.7947759446707554,
            20.8758861002849
        ],
        "information_gain_bits": [
            3.6944563379887017,
            3.8810910459579584,
            3.5724119300362784,
            0.587247377425744
        ]
    },
    "maximum_likelihood": {
        "logl": -49.23628938252359,
        "point": [
            -5.389520081490748,
            -4.772745397469228,
            1.7156756455284299,
            20.756042325400717
        ],
        "point_untransformed": [
            0.26104799185092525,
            0.3227254602530772,
            0.36274428042526385,
            0.25086318934295937
        ]
    },
    "ncall": 35132,
    "paramnames": [
        "src1.lognorm",
        "src2.lognorm",
        "pl1.PhoIndex",
        "src1.lognH"
    ],
    "logzerr_single": 0.18514656592141146,
    "insertion_order_MWW_test": {
        "independent_iterations": Infinity,
        "converged": true
    }
}