{
    "niter": 4864,
    "logz": -355.0622081832865,
    "logzerr": 0.43692862789250053,
    "logz_bs": -355.0562747214879,
    "logz_single": -355.0622081832865,
    "logzerr_tail": 0.01990525712460567,
    "logzerr_bs": 0.43647497821848447,
    "ess": 986.1293460516085,
    "H": 16.18952750939644,
    "Herr": 0.22130157072619852,
    "posterior": {
        "mean": [
            -0.09883098077910808,
            -0.22712760163147108,
            22.01696378357648
        ],
        "stdev": [
            0.028298506171149856,
            0.005411072981901737,
            0.018552947077880806
        ],
        "median": [
            -0.0996218601571428,
            -0.2270438484391386,
            22.017016555490027
        ],
        "errlo": [
            -0.1277454227211665,
            -0.23284529408864252,
            21.998130776281574
        ],
        "errup": [
            -0.0691180370556772,
            -0.2214805500641397,
            22.035708426813105
        ],
        "information_gain_bits": [
            3.878470117602532,
            3.824489235429986,
            3.895892176265075
        ]
    },
    "maximum_likelihood": {
        "logl": -337.40482995060125,
        "point": [
            -0.09714694498813081,
            -0.22742428602316345,
            22.017989701098717
        ],
        "point_untransformed": [
            0.7902853055011869,
            0.6931439284942091,
            0.43114138587124534
        ]
    },
    "ncall": 11172,
    "paramnames": [
        "src1.lognorm",
        "src1.logkT",
        "src1.lognH"
    ],
    "logzerr_single": 0.20118105967881544,
    "insertion_order_MWW_test": {
        "independent_iterations": Infinity,
        "converged": true
    }
}