{
    "niter": 4165,
    "logz": -13.11831899713414,
    "logzerr": 0.28885374713543394,
    "logz_bs": -13.123477206770037,
    "logz_single": -13.11831899713414,
    "logzerr_tail": 0.06464231035000445,
    "logzerr_bs": 0.2815277232295159,
    "ess": 1398.6567893366446,
    "H": 7.331379249254646,
    "Herr": 0.11611328681627116,
    "posterior": {
        "mean": [
            -5.021426806833955,
            1.6714878112726044,
            20.20163674781314
        ],
        "stdev": [
            0.09230040000017249,
            0.27527135482300713,
            0.688746938847677
        ],
        "median": [
            -5.031421891186128,
            1.6448036122795893,
            20.202940923113562
        ],
        "errlo": [
            -5.104765287631125,
            1.4033016321918206,
            19.41491955207614
        ],
        "errup": [
            -4.941353345200226,
            1.9386186057116888,
            20.987407010234907
        ],
        "information_gain_bits": [
            3.3994955870099193,
            2.573027381241882,
            0.20255793751065176
        ]
    },
    "maximum_likelihood": {
        "logl": -4.675566877696062,
        "point": [
            -5.026128672845285,
            1.6419501794218938,
            20.527708174570463
        ],
        "point_untransformed": [
            0.29738713271547146,
            0.35707309072476107,
            0.21824402493863782
        ]
    },
    "ncall": 10282,
    "paramnames": [
        "src1.lognorm",
        "pl1.PhoIndex",
        "src1.lognH"
    ],
    "logzerr_single": 0.13538259904114935,
    "insertion_order_MWW_test": {
        "independent_iterations": Infinity,
        "converged": true
    }
}