{
    "niter": 2698,
    "logz": -38.9364715897573,
    "logzerr": 0.2615498547456243,
    "logz_bs": -38.93913276099978,
    "logz_single": -38.9364715897573,
    "logzerr_tail": 0.04244953533829232,
    "logzerr_bs": 0.25808208668371435,
    "ess": 829.9567790945976,
    "H": 8.43671769098328,
    "Herr": 0.12950105932590653,
    "posterior": {
        "mean": [
            -1.3879846385095147,
            -0.23791926767389573,
            19.78500377049924
        ],
        "stdev": [
            0.13323848859475004,
            0.037790444967696485,
            0.5219961301719522
        ],
        "median": [
            -1.3923540858699606,
            -0.2378910564277319,
            19.72609581902988
        ],
        "errlo": [
            -1.5125009938237914,
            -0.2754173141658809,
            19.21736185318009
        ],
        "errup": [
            -1.2583854052685002,
            -0.20238601717389215,
            20.34296771556219
        ],
        "information_gain_bits": [
            3.2055570171082075,
            3.464596345011743,
            0.8312079048355123
        ]
    },
    "maximum_likelihood": {
        "logl": -29.21992397607121,
        "point": [
            -1.404117940059952,
            -0.23393564833568314,
            19.076002990774416
        ],
        "point_untransformed": [
            0.6595882059940048,
            0.6915160879160792,
            0.010857570110630776
        ]
    },
    "ncall": 6426,
    "paramnames": [
        "src1.lognorm",
        "src1.logkT",
        "src1.lognH"
    ],
    "logzerr_single": 0.1452301422827169,
    "insertion_order_MWW_test": {
        "independent_iterations": Infinity,
        "converged": true
    }
}