{
    "niter": 4573,
    "logz": -17.432086279307786,
    "logzerr": 0.22079101351080319,
    "logz_bs": -17.469614591130526,
    "logz_single": -17.432086279307786,
    "logzerr_tail": 0.010127304784838032,
    "logzerr_bs": 0.22055863017556732,
    "ess": 1467.7863439996188,
    "H": 6.38400344327146,
    "Herr": 0.07915679711469917,
    "posterior": {
        "mean": [
            -3.722048459036744,
            0.5744918597141787,
            20.36208577940959
        ],
        "stdev": [
            0.06222723729172292,
            0.14585531631536666,
            0.7154820190630726
        ],
        "median": [
            -3.7267662019078633,
            0.5603020537808177,
            20.4167518140098
        ],
        "errlo": [
            -3.77726542359383,
            0.4458640779263083,
            19.483114053599493
        ],
        "errup": [
            -3.6685493680927777,
            0.7024763421870346,
            21.13572294101825
        ],
        "information_gain_bits": [
            3.4690606058159528,
            -0.40226460698135996,
            -0.2620999289138769
        ]
    },
    "maximum_likelihood": {
        "logl": -9.547453799425362,
        "point": [
            -3.6831168085056847,
            0.4667627092530877,
            21.146283916017154
        ],
        "point_untransformed": [
            0.43168831914943157,
            0.5921239044953744,
            0.30661198800245076
        ]
    },
    "ncall": 15925,
    "paramnames": [
        "src1.lognorm",
        "src1.logkT",
        "src1.lognH"
    ],
    "logzerr_single": 0.12633292764825269,
    "insertion_order_MWW_test": {
        "independent_iterations": Infinity,
        "converged": true
    }
}