{
    "niter": 7657,
    "logz": -260.6096653863122,
    "logzerr": 0.45507910622008535,
    "logz_bs": -260.66655734530485,
    "logz_single": -260.6096653863122,
    "logzerr_tail": 0.023936534977508472,
    "logzerr_bs": 0.4544491558044115,
    "ess": 1598.5649400171837,
    "H": 15.767485422471282,
    "Herr": 0.1840936607575073,
    "posterior": {
        "mean": [
            -2.6290332471724787,
            3.6107761258997875,
            22.444770511648162
        ],
        "stdev": [
            0.03196440768503404,
            0.06202623282823017,
            0.011471766018825382
        ],
        "median": [
            -2.6287042606185524,
            3.6117371257696256,
            22.444657920281777
        ],
        "errlo": [
            -2.661007215780817,
            3.5466215588295196,
            22.43305348463514
        ],
        "errup": [
            -2.5967600803414035,
            3.6729440118623367,
            22.456506132760964
        ],
        "information_gain_bits": [
            3.8196770951448342,
            3.8286179431505167,
            3.99128400583464
        ]
    },
    "maximum_likelihood": {
        "logl": -243.36277720716484,
        "point": [
            -2.628796321143767,
            3.6114478029540766,
            22.44492811047588
        ],
        "point_untransformed": [
            0.5371203678856233,
            0.5085729079195443,
            0.4921325872108401
        ]
    },
    "ncall": 19182,
    "paramnames": [
        "src1.lognorm",
        "pl1.PhoIndex",
        "src1.lognH"
    ],
    "logzerr_single": 0.19854146558383767,
    "insertion_order_MWW_test": {
        "independent_iterations": Infinity,
        "converged": true
    }
}