{
    "niter": 3948,
    "logz": -18.458721141387656,
    "logzerr": 0.1442349665599628,
    "logz_bs": -18.46265527440813,
    "logz_single": -18.458721141387656,
    "logzerr_tail": 0.0503967171164561,
    "logzerr_bs": 0.13514398426285013,
    "ess": 1515.12182159192,
    "H": 6.617515681783866,
    "Herr": 0.08160975912375026,
    "posterior": {
        "mean": [
            -4.6798467444280965,
            1.0872898413402823,
            21.617475382532866
        ],
        "stdev": [
            0.09220605756354888,
            0.267358858356973,
            0.5456897127098898
        ],
        "median": [
            -4.682968178992018,
            1.1268158031984288,
            21.76303372112529
        ],
        "errlo": [
            -4.769032532516093,
            0.7764644776103433,
            21.29937808659995
        ],
        "errup": [
            -4.59319465456483,
            1.3764557200576606,
            21.999694933317947
        ],
        "information_gain_bits": [
            3.4358833392658656,
            -0.5239883190163181,
            -0.15240457428076215
        ]
    },
    "maximum_likelihood": {
        "logl": -10.481325692442391,
        "point": [
            -4.673511286467271,
            1.197305800008428,
            21.794139459424258
        ],
        "point_untransformed": [
            0.3326488713532729,
            0.8870400654880735,
            0.39916277991775134
        ]
    },
    "ncall": 10561,
    "paramnames": [
        "src1.lognorm",
        "src1.logkT",
        "src1.lognH"
    ],
    "logzerr_single": 0.12862266209521425,
    "insertion_order_MWW_test": {
        "independent_iterations": Infinity,
        "converged": true
    }
}