{
    "niter": 4000,
    "logz": -35.71026437409913,
    "logzerr": 0.19839876332083042,
    "logz_bs": -35.72871076139833,
    "logz_single": -35.71026437409913,
    "logzerr_tail": 0.0363920671163811,
    "logzerr_bs": 0.19503252738513055,
    "ess": 1214.5697390423172,
    "H": 6.753371308505361,
    "Herr": 0.09650514016536253,
    "posterior": {
        "mean": [
            -4.540592519995895,
            1.1962127697340932,
            20.21479670625565
        ],
        "stdev": [
            0.04106501851094491,
            0.1685293699993201,
            0.6603018857924474
        ],
        "median": [
            -4.539270169288013,
            1.2018225288527513,
            20.235143138502877
        ],
        "errlo": [
            -4.582139285367472,
            1.0139952651059048,
            19.435374807323722
        ],
        "errup": [
            -4.5007646901534635,
            1.3865312220484673,
            20.978707928445864
        ],
        "information_gain_bits": [
            3.9009141889996246,
            0.9356429696919585,
            0.3718519391963352
        ]
    },
    "maximum_likelihood": {
        "logl": -28.06842211723624,
        "point": [
            -4.535384109608623,
            1.1523073469943244,
            20.85976382119208
        ],
        "point_untransformed": [
            0.3464615890391377,
            0.8688744416098041,
            0.2656805458845829
        ]
    },
    "ncall": 9402,
    "paramnames": [
        "src1.lognorm",
        "src1.logkT",
        "src1.lognH"
    ],
    "logzerr_single": 0.12993624694927663,
    "insertion_order_MWW_test": {
        "independent_iterations": Infinity,
        "converged": true
    }
}