{
    "niter": 7157,
    "logz": -58.96470946885078,
    "logzerr": 0.3007139788316347,
    "logz_bs": -58.99064310805626,
    "logz_single": -58.96470946885078,
    "logzerr_tail": 0.009951308504469125,
    "logzerr_bs": 0.3005492780290808,
    "ess": 1657.5492970306627,
    "H": 15.200171161754461,
    "Herr": 0.1795346445218861,
    "posterior": {
        "mean": [
            -4.682500364602191,
            -4.533543139538635,
            1.5326919882727414,
            22.478199352163156
        ],
        "stdev": [
            0.16101973698370656,
            0.15853291597213,
            0.24612430558717072,
            0.077520672881618
        ],
        "median": [
            -4.6834036551501805,
            -4.536496013465882,
            1.5292586039439247,
            22.484952864926747
        ],
        "errlo": [
            -4.843298763731493,
            -4.694840525781491,
            1.2825361854941493,
            22.40000723425588
        ],
        "errup": [
            -4.51883603063898,
            -4.374164257693044,
            1.7791917421790941,
            22.553110630551807
        ],
        "information_gain_bits": [
            3.032653106960406,
            3.049146818076302,
            2.848410552834284,
            3.3798468111349727
        ]
    },
    "maximum_likelihood": {
        "logl": -41.76590821158677,
        "point": [
            -4.682979282913758,
            -4.537552402396462,
            1.525925061259004,
            22.480587729867235
        ],
        "point_untransformed": [
            0.33170207170862426,
            0.34624475976035385,
            0.348148081635308,
            0.4972268185524623
        ]
    },
    "ncall": 42047,
    "paramnames": [
        "src1.lognorm",
        "src2.lognorm",
        "pl1.PhoIndex",
        "src1.lognH"
    ],
    "logzerr_single": 0.1949369844446819,
    "insertion_order_MWW_test": {
        "independent_iterations": Infinity,
        "converged": true
    }
}