{
    "niter": 4753,
    "logz": -11.718348670585748,
    "logzerr": 0.16777846386620962,
    "logz_bs": -11.720212537320517,
    "logz_single": -11.718348670585748,
    "logzerr_tail": 0.017724718354861224,
    "logzerr_bs": 0.1668395855201812,
    "ess": 1663.9255626564222,
    "H": 7.454338546236404,
    "Herr": 0.08807905999272554,
    "posterior": {
        "mean": [
            -4.424749379422181,
            2.6231557762621414,
            22.91716403370738
        ],
        "stdev": [
            0.9258422362722851,
            1.3146636718199964,
            0.32394448649557184
        ],
        "median": [
            -4.524515481173545,
            2.487084396419844,
            22.948611833282527
        ],
        "errlo": [
            -5.280317558515063,
            1.3844986641435897,
            22.688323112116258
        ],
        "errup": [
            -3.568679328872496,
            3.859058066777333,
            23.178179656422643
        ],
        "information_gain_bits": [
            -1.8023361754566307,
            -2.234865218026213,
            0.20807406109848647
        ]
    },
    "maximum_likelihood": {
        "logl": -2.5416184215532835,
        "point": [
            -4.535956766634548,
            2.466783448748438,
            22.93729544077096
        ],
        "point_untransformed": [
            0.3464043233365452,
            0.42052180374987985,
            0.5624707772529943
        ]
    },
    "ncall": 15906,
    "paramnames": [
        "src1.lognorm",
        "pl1.PhoIndex",
        "src1.lognH"
    ],
    "logzerr_single": 0.13651317286471298,
    "insertion_order_MWW_test": {
        "independent_iterations": Infinity,
        "converged": true
    }
}