{
    "niter": 3486,
    "logz": -35.858980586110526,
    "logzerr": 0.5247973403608761,
    "logz_bs": -35.83278194405424,
    "logz_single": -35.858980586110526,
    "logzerr_tail": 0.025366178480631163,
    "logzerr_bs": 0.5241839423705557,
    "ess": 873.8461263180742,
    "H": 11.55294334679025,
    "Herr": 0.1835757187459301,
    "posterior": {
        "mean": [
            -1.623408861762174,
            -0.1224605233180409,
            22.085004277898307
        ],
        "stdev": [
            0.1218643615055858,
            0.025344895942914468,
            0.09160177635235033
        ],
        "median": [
            -1.6258115216573472,
            -0.12252670743761396,
            22.09353805949665
        ],
        "errlo": [
            -1.7458516373867319,
            -0.14827248992590514,
            21.990036543881462
        ],
        "errup": [
            -1.5031178184784872,
            -0.09617465925236779,
            22.175213427497884
        ],
        "information_gain_bits": [
            3.30081851648852,
            3.736126026886477,
            3.1597788392648334
        ]
    },
    "maximum_likelihood": {
        "logl": -22.881610930087014,
        "point": [
            -1.618071966110941,
            -0.12316615682784127,
            22.095183370198367
        ],
        "point_untransformed": [
            0.6381928033889059,
            0.7192084607930397,
            0.4421690528854808
        ]
    },
    "ncall": 9420,
    "paramnames": [
        "src1.lognorm",
        "src1.logkT",
        "src1.lognH"
    ],
    "logzerr_single": 0.16994810492316656,
    "insertion_order_MWW_test": {
        "independent_iterations": Infinity,
        "converged": true
    }
}