{
    "niter": 6403,
    "logz": -86.1806330675698,
    "logzerr": 0.27665750143528145,
    "logz_bs": -86.14336505369188,
    "logz_single": -86.1806330675698,
    "logzerr_tail": 0.025086814298148852,
    "logzerr_bs": 0.2755177396262951,
    "ess": 1615.83287705077,
    "H": 12.487844255680074,
    "Herr": 0.12161350368670659,
    "posterior": {
        "mean": [
            -3.320989004758707,
            0.4470945612490463,
            22.532021500085047
        ],
        "stdev": [
            0.04525664317121454,
            0.043317141133890895,
            0.028469999738608597
        ],
        "median": [
            -3.321185424827429,
            0.44436227266163986,
            22.53247872274635
        ],
        "errlo": [
            -3.3666310574533167,
            0.4050222184349779,
            22.504828186875045
        ],
        "errup": [
            -3.2763226760442343,
            0.4899730285810573,
            22.560182372488534
        ],
        "information_gain_bits": [
            3.8327495612021196,
            2.9253248688845126,
            3.875873221403525
        ]
    },
    "maximum_likelihood": {
        "logl": -72.16865388932158,
        "point": [
            -3.3195627692772316,
            0.44515383948368226,
            22.533361701970087
        ],
        "point_untransformed": [
            0.4680437230722768,
            0.5834005245929034,
            0.5047659574242982
        ]
    },
    "ncall": 17035,
    "paramnames": [
        "src1.lognorm",
        "src1.logkT",
        "src1.lognH"
    ],
    "logzerr_single": 0.1766907202973608,
    "insertion_order_MWW_test": {
        "independent_iterations": Infinity,
        "converged": true
    }
}