{
    "niter": 5206,
    "logz": -46.243562124582766,
    "logzerr": 0.2557097959790174,
    "logz_bs": -46.20865453371199,
    "logz_single": -46.243562124582766,
    "logzerr_tail": 0.01830783685692694,
    "logzerr_bs": 0.25505356862677075,
    "ess": 1899.5647474374846,
    "H": 8.22769003619009,
    "Herr": 0.10494216224396592,
    "posterior": {
        "mean": [
            -4.112435140489691,
            0.8833966801068314,
            21.021743791479466
        ],
        "stdev": [
            0.03164900448049787,
            0.1510505087966102,
            0.35991478974104996
        ],
        "median": [
            -4.112536509595122,
            0.8618860991805904,
            21.10462188199103
        ],
        "errlo": [
            -4.143892988106204,
            0.7414327395421889,
            20.829505899655302
        ],
        "errup": [
            -4.080814764238092,
            1.0304071262587993,
            21.287062192709953
        ],
        "information_gain_bits": [
            3.854896806597726,
            0.5855656758483043,
            0.9546231677892306
        ]
    },
    "maximum_likelihood": {
        "logl": -36.13060618204612,
        "point": [
            -4.103762530991338,
            0.7968671867926385,
            21.21012189883451
        ],
        "point_untransformed": [
            0.3896237469008662,
            0.7253852363379729,
            0.3157316998335018
        ]
    },
    "ncall": 11494,
    "paramnames": [
        "src1.lognorm",
        "src1.logkT",
        "src1.lognH"
    ],
    "logzerr_single": 0.14341975139594695,
    "insertion_order_MWW_test": {
        "independent_iterations": Infinity,
        "converged": true
    }
}