{
    "niter": 4786,
    "logz": -38.164695990798556,
    "logzerr": 0.20787604109403515,
    "logz_bs": -38.17000859560357,
    "logz_single": -38.164695990798556,
    "logzerr_tail": 0.03304262247561951,
    "logzerr_bs": 0.20523312003880534,
    "ess": 1432.338271439506,
    "H": 8.47810200533231,
    "Herr": 0.10978402043529067,
    "posterior": {
        "mean": [
            -5.194352651245578,
            1.3725742861820245,
            20.236516464343058
        ],
        "stdev": [
            0.06943299350095902,
            0.17130937770318966,
            0.7027240682268552
        ],
        "median": [
            -5.202032181176042,
            1.3572572190164505,
            20.22779762832593
        ],
        "errlo": [
            -5.259498584893932,
            1.2119131943650796,
            19.410678659861674
        ],
        "errup": [
            -5.1273306951505875,
            1.5392922511816192,
            21.04828519328661
        ],
        "information_gain_bits": [
            3.6152774198467466,
            3.138782963243008,
            0.17071082070482124
        ]
    },
    "maximum_likelihood": {
        "logl": -28.515677109135794,
        "point": [
            -5.178129607943079,
            1.4027533728860995,
            20.828395924410597
        ],
        "point_untransformed": [
            0.28218703920569205,
            0.3386733363758538,
            0.2611994177729424
        ]
    },
    "ncall": 13577,
    "paramnames": [
        "src1.lognorm",
        "pl1.PhoIndex",
        "src1.lognH"
    ],
    "logzerr_single": 0.14558590252263706,
    "insertion_order_MWW_test": {
        "independent_iterations": Infinity,
        "converged": true
    }
}