{
    "niter": 3747,
    "logz": -16.110626730981075,
    "logzerr": 0.3233360377750514,
    "logz_bs": -16.102218377929248,
    "logz_single": -16.110626730981075,
    "logzerr_tail": 0.04364420219319598,
    "logzerr_bs": 0.3203769294736887,
    "ess": 1294.5377985443547,
    "H": 6.121038273887072,
    "Herr": 0.09477504901181696,
    "posterior": {
        "mean": [
            -4.764124243733233,
            0.9412298048149139,
            19.946270528144925
        ],
        "stdev": [
            0.05306648183232315,
            0.23038378071095633,
            0.5780524799641924
        ],
        "median": [
            -4.763007697610332,
            0.9205657114219183,
            19.88754315792955
        ],
        "errlo": [
            -4.819278270439117,
            0.7024369205806577,
            19.31281993031918
        ],
        "errup": [
            -4.711134470569702,
            1.1846684675725245,
            20.635078665126485
        ],
        "information_gain_bits": [
            3.744594132848048,
            -0.2069752899765535,
            0.6224596911814696
        ]
    },
    "maximum_likelihood": {
        "logl": -8.884156467048907,
        "point": [
            -4.77935832735754,
            0.8800831034990799,
            19.105506348580967
        ],
        "point_untransformed": [
            0.32206416726424597,
            0.7589790366204137,
            0.015072335511566545
        ]
    },
    "ncall": 8609,
    "paramnames": [
        "src1.lognorm",
        "src1.logkT",
        "src1.lognH"
    ],
    "logzerr_single": 0.1237036607571404,
    "insertion_order_MWW_test": {
        "independent_iterations": Infinity,
        "converged": true
    }
}