{
    "niter": 3866,
    "logz": -74.9563052110541,
    "logzerr": 0.5173721498724738,
    "logz_bs": -74.96853992619461,
    "logz_single": -74.9563052110541,
    "logzerr_tail": 0.00994100421368671,
    "logzerr_bs": 0.5172766357558487,
    "ess": 1088.8465976407306,
    "H": 12.136152835950618,
    "Herr": 0.18868545792037728,
    "posterior": {
        "mean": [
            -2.5003004434903824,
            -3.286919142158135,
            0.4240234333771019,
            21.01921591658848
        ],
        "stdev": [
            0.1571513724499679,
            0.16819732510677507,
            0.07545629564057027,
            0.8039757500374859
        ],
        "median": [
            -2.502944819524865,
            -3.2909045585476617,
            0.41954632039751427,
            21.29635382492046
        ],
        "errlo": [
            -2.647621787021973,
            -3.452478626237789,
            0.35172563415676317,
            20.053103651594128
        ],
        "errup": [
            -2.3452705089763892,
            -3.1149007069495402,
            0.49406188597084766,
            21.757559541182637
        ],
        "information_gain_bits": [
            3.037851114119683,
            2.982908167471049,
            2.803072654268506,
            -0.31873250978988543
        ]
    },
    "maximum_likelihood": {
        "logl": -60.24963889130198,
        "point": [
            -2.3812309318023708,
            -3.1573987371351997,
            0.3685839308382892,
            21.716468286988924
        ],
        "point_untransformed": [
            0.5618769068197629,
            0.48426012628648,
            0.8421459827095723,
            0.38806689814127493
        ]
    },
    "ncall": 18516,
    "paramnames": [
        "src1.lognorm",
        "src2.lognorm",
        "src1.logkT",
        "src1.lognH"
    ],
    "logzerr_single": 0.17418490775574255,
    "insertion_order_MWW_test": {
        "independent_iterations": Infinity,
        "converged": true
    }
}