{
    "niter": 4412,
    "logz": -17.833620243797956,
    "logzerr": 0.2639722680318431,
    "logz_bs": -17.820482473650834,
    "logz_single": -17.833620243797956,
    "logzerr_tail": 0.05536941675579499,
    "logzerr_bs": 0.25809995346376624,
    "ess": 1420.766780566905,
    "H": 7.9772547556828375,
    "Herr": 0.11776769978512613,
    "posterior": {
        "mean": [
            -5.31756619515028,
            1.708529764561519,
            20.159769853538634
        ],
        "stdev": [
            0.0799372508614761,
            0.22540003683277152,
            0.6586786834187288
        ],
        "median": [
            -5.324742594947919,
            1.703889641028371,
            20.148453530761262
        ],
        "errlo": [
            -5.3890426905314674,
            1.4801524347737693,
            19.412799196406826
        ],
        "errup": [
            -5.248297049785851,
            1.9258102273520112,
            20.910624497890822
        ],
        "information_gain_bits": [
            3.472071992146193,
            2.8133880546523082,
            0.16632633071288616
        ]
    },
    "maximum_likelihood": {
        "logl": -8.67750770970266,
        "point": [
            -5.348326190247809,
            1.633828484499662,
            19.0179421030441
        ],
        "point_untransformed": [
            0.2651673809752191,
            0.35644834496151245,
            0.0025631575777283616
        ]
    },
    "ncall": 10660,
    "paramnames": [
        "src1.lognorm",
        "pl1.PhoIndex",
        "src1.lognH"
    ],
    "logzerr_single": 0.14122017167956954,
    "insertion_order_MWW_test": {
        "independent_iterations": Infinity,
        "converged": true
    }
}