{
    "niter": 5546,
    "logz": -61.49741278036843,
    "logzerr": 0.37984766487857147,
    "logz_bs": -61.53303895776267,
    "logz_single": -61.49741278036843,
    "logzerr_tail": 0.022313627432261285,
    "logzerr_bs": 0.37919170685092496,
    "ess": 1539.718968877954,
    "H": 9.83778449016657,
    "Herr": 0.1525085561387709,
    "posterior": {
        "mean": [
            -3.899922696944856,
            0.9798304740294457,
            22.592925244984254
        ],
        "stdev": [
            0.06104069673462076,
            0.21654555084208907,
            0.0523851954694492
        ],
        "median": [
            -3.914290387599803,
            0.9727137979196476,
            22.590939201995262
        ],
        "errlo": [
            -3.953716719122581,
            0.7486999479124605,
            22.53885455491944
        ],
        "errup": [
            -3.8428692481745625,
            1.2114039378635466,
            22.64494195456641
        ],
        "information_gain_bits": [
            3.6623207790279495,
            0.05646232445497254,
            3.6460681619525586
        ]
    },
    "maximum_likelihood": {
        "logl": -50.24784735072086,
        "point": [
            -3.9072834236967573,
            0.9179684914662969,
            22.59807125482479
        ],
        "point_untransformed": [
            0.40927165763032425,
            0.7742731559111161,
            0.5140101792606844
        ]
    },
    "ncall": 16459,
    "paramnames": [
        "src1.lognorm",
        "src1.logkT",
        "src1.lognH"
    ],
    "logzerr_single": 0.15682621345112055,
    "insertion_order_MWW_test": {
        "independent_iterations": Infinity,
        "converged": true
    }
}