{
    "niter": 6175,
    "logz": -43.47155192771721,
    "logzerr": 0.23173717830842872,
    "logz_bs": -43.52100314034908,
    "logz_single": -43.47155192771721,
    "logzerr_tail": 0.023103162623243634,
    "logzerr_bs": 0.230582661289084,
    "ess": 1748.336299494187,
    "H": 10.78234706003353,
    "Herr": 0.12471569314037116,
    "posterior": {
        "mean": [
            -4.227458748995961,
            1.6633515517169928,
            22.956453089589488
        ],
        "stdev": [
            0.280011427777308,
            0.38928307017270924,
            0.08362026040641657
        ],
        "median": [
            -4.234216459839987,
            1.6544727878797616,
            22.96242667251971
        ],
        "errlo": [
            -4.504891625007396,
            1.268712288334858,
            22.875395509118665
        ],
        "errup": [
            -3.9336423922098787,
            2.056047348374136,
            23.038491144666537
        ],
        "information_gain_bits": [
            2.2453035585020245,
            2.149922149836758,
            3.3079967093021447
        ]
    },
    "maximum_likelihood": {
        "logl": -31.097586445954978,
        "point": [
            -4.196094256551293,
            1.7061154400920326,
            22.970442296448923
        ],
        "point_untransformed": [
            0.3803905743448708,
            0.3620088800070794,
            0.5672060423498461
        ]
    },
    "ncall": 19416,
    "paramnames": [
        "src1.lognorm",
        "pl1.PhoIndex",
        "src1.lognH"
    ],
    "logzerr_single": 0.16418242186690946,
    "insertion_order_MWW_test": {
        "independent_iterations": Infinity,
        "converged": true
    }
}