{
    "niter": 3780,
    "logz": -93.48988172017704,
    "logzerr": 0.4007878858797113,
    "logz_bs": -93.42134785695058,
    "logz_single": -93.48988172017704,
    "logzerr_tail": 0.02420021877348688,
    "logzerr_bs": 0.4000565945953696,
    "ess": 908.8004040680681,
    "H": 12.953970238344723,
    "Herr": 0.17620784802191938,
    "posterior": {
        "mean": [
            -1.3218443669746385,
            -0.058704520762910786,
            22.227573311479752
        ],
        "stdev": [
            0.07296397799667942,
            0.015966470528618708,
            0.0481163803100544
        ],
        "median": [
            -1.3221121892284877,
            -0.058968707764950334,
            22.23039120417741
        ],
        "errlo": [
            -1.3937894224323708,
            -0.0743450532035479,
            22.180466885366037
        ],
        "errup": [
            -1.250933744771415,
            -0.04253228911079798,
            22.273001886570547
        ],
        "information_gain_bits": [
            3.621189421579692,
            3.9021099098634457,
            3.697001274712576
        ]
    },
    "maximum_likelihood": {
        "logl": -79.01403152560529,
        "point": [
            -1.317851190021079,
            -0.05986541563771297,
            22.23290707828811
        ],
        "point_untransformed": [
            0.6682148809978921,
            0.7350336460905718,
            0.4618438683268728
        ]
    },
    "ncall": 10792,
    "paramnames": [
        "src1.lognorm",
        "src1.logkT",
        "src1.lognH"
    ],
    "logzerr_single": 0.17995812178354664,
    "insertion_order_MWW_test": {
        "independent_iterations": Infinity,
        "converged": true
    }
}