{
    "niter": 7543,
    "logz": -106.84627937816161,
    "logzerr": 0.24190638084285504,
    "logz_bs": -106.79807888631812,
    "logz_single": -106.84627937816161,
    "logzerr_tail": 0.009948486571929038,
    "logzerr_bs": 0.24170172673652246,
    "ess": 1727.5214023703754,
    "H": 15.767161742119114,
    "Herr": 0.1335275921215413,
    "posterior": {
        "mean": [
            -4.376096936260317,
            -4.583704377435893,
            2.416555669436342,
            21.72990700449574
        ],
        "stdev": [
            0.06863591067768783,
            0.07232148590584014,
            0.16693830917522184,
            0.07672819417977995
        ],
        "median": [
            -4.3775799475968356,
            -4.584871726243257,
            2.4154943399890474,
            21.73200591302735
        ],
        "errlo": [
            -4.444140091423261,
            -4.655522331412158,
            2.2479489081019484,
            21.654649226601446
        ],
        "errup": [
            -4.306691487992193,
            -4.5094369020413865,
            2.585271118507089,
            21.80639668237133
        ],
        "information_gain_bits": [
            3.70986624597881,
            3.6240086864945273,
            3.2732762357195027,
            3.3701214971708238
        ]
    },
    "maximum_likelihood": {
        "logl": -89.06151374383697,
        "point": [
            -4.370899562526653,
            -4.578959779647932,
            2.423843020442403,
            21.73922803364639
        ],
        "point_untransformed": [
            0.36291004374733465,
            0.3421040220352068,
            0.41721869388018484,
            0.39131829052091316
        ]
    },
    "ncall": 40128,
    "paramnames": [
        "src1.lognorm",
        "src2.lognorm",
        "pl1.PhoIndex",
        "src1.lognH"
    ],
    "logzerr_single": 0.19853942770970653,
    "insertion_order_MWW_test": {
        "independent_iterations": Infinity,
        "converged": true
    }
}