{
    "niter": 6135,
    "logz": -63.85382745586774,
    "logzerr": 0.24063359940670934,
    "logz_bs": -63.868298624269435,
    "logz_single": -63.85382745586774,
    "logzerr_tail": 0.010023162584239742,
    "logzerr_bs": 0.24042476032064286,
    "ess": 1562.2584126853114,
    "H": 11.894274103766769,
    "Herr": 0.126241023918786,
    "posterior": {
        "mean": [
            -4.86913519877137,
            -4.245316577632227,
            0.8280528843821672,
            19.781970549899484
        ],
        "stdev": [
            0.0500587175107671,
            0.02268685678328313,
            0.10772859203969139,
            0.49874201204779767
        ],
        "median": [
            -4.868038388177103,
            -4.245554558746759,
            0.8165409271786281,
            19.75129087577132
        ],
        "errlo": [
            -4.919438251854558,
            -4.267865550764613,
            0.7291871329519406,
            19.228703243273888
        ],
        "errup": [
            -4.819954491454135,
            -4.222541237379156,
            0.9280522642943358,
            20.35635288940594
        ],
        "information_gain_bits": [
            3.8284102270552887,
            4.094861264780882,
            1.1379638977843878,
            1.1014678253715062
        ]
    },
    "maximum_likelihood": {
        "logl": -50.25088942203875,
        "point": [
            -4.87122234829984,
            -4.251731040968708,
            0.8073930544483399,
            19.132002276609725
        ],
        "point_untransformed": [
            0.312877765170016,
            0.37482689590312923,
            0.7296344702564364,
            0.018857468087103618
        ]
    },
    "ncall": 26268,
    "paramnames": [
        "src1.lognorm",
        "src2.lognorm",
        "src1.logkT",
        "src1.lognH"
    ],
    "logzerr_single": 0.17244038175385987,
    "insertion_order_MWW_test": {
        "independent_iterations": Infinity,
        "converged": true
    }
}