{
    "niter": 5443,
    "logz": -23.859966916727124,
    "logzerr": 0.2595423871133045,
    "logz_bs": -23.842329992421888,
    "logz_single": -23.859966916727124,
    "logzerr_tail": 0.016041077272134885,
    "logzerr_bs": 0.25904620157111324,
    "ess": 1850.2841153706713,
    "H": 8.585081743600448,
    "Herr": 0.10925712907007551,
    "posterior": {
        "mean": [
            -4.755212409527333,
            2.458216100825352,
            21.374920229821758
        ],
        "stdev": [
            0.15649946927053807,
            0.34848183057202214,
            0.5667394051971005
        ],
        "median": [
            -4.758233771099982,
            2.4462130445532138,
            21.550715142053974
        ],
        "errlo": [
            -4.925852577563711,
            2.1034638756804362,
            21.04285990636423
        ],
        "errup": [
            -4.589515807856178,
            2.809080235307028,
            21.776098882328032
        ],
        "information_gain_bits": [
            3.156442792758909,
            2.3666161990120593,
            0.11467167281938384
        ]
    },
    "maximum_likelihood": {
        "logl": -13.525666008777835,
        "point": [
            -4.687824121244699,
            2.584138757049658,
            21.656359291316086
        ],
        "point_untransformed": [
            0.3312175878755301,
            0.429549135157666,
            0.37947989875944105
        ]
    },
    "ncall": 15988,
    "paramnames": [
        "src1.lognorm",
        "pl1.PhoIndex",
        "src1.lognH"
    ],
    "logzerr_single": 0.1465015507051073,
    "insertion_order_MWW_test": {
        "independent_iterations": Infinity,
        "converged": true
    }
}