{
    "niter": 4667,
    "logz": -18.481133321492106,
    "logzerr": 0.19574896930696215,
    "logz_bs": -18.462914894913077,
    "logz_single": -18.481133321492106,
    "logzerr_tail": 0.015982205309327924,
    "logzerr_bs": 0.19509543330941526,
    "ess": 1632.529199724046,
    "H": 8.110345623063314,
    "Herr": 0.07668480993376967,
    "posterior": {
        "mean": [
            -4.804858034773288,
            2.5349536563808774,
            21.58779430530753
        ],
        "stdev": [
            0.2566028776379775,
            0.6019006556220634,
            0.5972159256661458
        ],
        "median": [
            -4.817166655976333,
            2.4891709140875866,
            21.765669996195076
        ],
        "errlo": [
            -5.079509190939472,
            1.9056384888432043,
            21.27470074050468
        ],
        "errup": [
            -4.542024204498734,
            3.142864363231088,
            21.996149152465435
        ],
        "information_gain_bits": [
            2.548965470950911,
            1.198689794008804,
            -0.13355012334170424
        ]
    },
    "maximum_likelihood": {
        "logl": -8.558207867548967,
        "point": [
            -4.729420949457771,
            2.657231941977252,
            21.854694756493863
        ],
        "point_untransformed": [
            0.3270579050542229,
            0.435171687844404,
            0.4078135366419807
        ]
    },
    "ncall": 17007,
    "paramnames": [
        "src1.lognorm",
        "pl1.PhoIndex",
        "src1.lognH"
    ],
    "logzerr_single": 0.14239334274346638,
    "insertion_order_MWW_test": {
        "independent_iterations": Infinity,
        "converged": true
    }
}