{
    "niter": 5215,
    "logz": -533.3297704752773,
    "logzerr": 0.7828657342694008,
    "logz_bs": -533.3225024688883,
    "logz_single": -533.3297704752773,
    "logzerr_tail": 0.009951012267151782,
    "logzerr_bs": 0.7828024880185467,
    "ess": 945.6444770340897,
    "H": 21.29425023415706,
    "Herr": 0.2862415817106332,
    "posterior": {
        "mean": [
            -0.4789804177472026,
            -0.16293962116703084,
            -0.1844125150095047,
            21.609004922822177
        ],
        "stdev": [
            0.026050958017245465,
            0.025488072493806215,
            0.005644471070521358,
            0.0334207138892974
        ],
        "median": [
            -0.48022092023092444,
            -0.16351498826877808,
            -0.1844818290803043,
            21.609602127322553
        ],
        "errlo": [
            -0.5031907738100383,
            -0.18722947942936052,
            -0.19006993273074402,
            21.576023209326905
        ],
        "errup": [
            -0.4529748036208323,
            -0.13800758015870063,
            -0.178983921453797,
            21.64249001446161
        ],
        "information_gain_bits": [
            4.018348615267477,
            4.129388671550224,
            4.14647919764959,
            3.782339543809542
        ]
    },
    "maximum_likelihood": {
        "logl": -510.02752014540556,
        "point": [
            -0.47738230662735237,
            -0.16149216725585713,
            -0.18502046302900732,
            21.608428872431595
        ],
        "point_untransformed": [
            0.7522617693372647,
            0.7838507832744143,
            0.7037448842427482,
            0.37263269606165667
        ]
    },
    "ncall": 22544,
    "paramnames": [
        "src1.lognorm",
        "src2.lognorm",
        "src1.logkT",
        "src1.lognH"
    ],
    "logzerr_single": 0.2307284672193543,
    "insertion_order_MWW_test": {
        "independent_iterations": Infinity,
        "converged": true
    }
}