{
    "niter": 8292,
    "logz": -105.44407575144781,
    "logzerr": 0.3105055516852214,
    "logz_bs": -105.44394997697552,
    "logz_single": -105.44407575144781,
    "logzerr_tail": 0.009926995597723476,
    "logzerr_bs": 0.31034682596370544,
    "ess": 1801.1736683974489,
    "H": 16.762035737194452,
    "Herr": 0.13216195150047277,
    "posterior": {
        "mean": [
            -3.5698685091111284,
            -3.895084186583257,
            1.7178839203205232,
            22.41002184006221
        ],
        "stdev": [
            0.09395464951360362,
            0.09526362614032316,
            0.14979708561796617,
            0.046671767232424964
        ],
        "median": [
            -3.5695938834446626,
            -3.8984985445041707,
            1.7178117534635495,
            22.41158164745154
        ],
        "errlo": [
            -3.667310092002392,
            -3.9894509584234505,
            1.5661784532547927,
            22.362881312339407
        ],
        "errup": [
            -3.476666411854368,
            -3.799249942294739,
            1.8687762511624668,
            22.455282666681533
        ],
        "information_gain_bits": [
            3.5096288190291243,
            3.4455003316005812,
            3.359492333266122,
            3.743476969285088
        ]
    },
    "maximum_likelihood": {
        "logl": -86.61828639516428,
        "point": [
            -3.5594641005500236,
            -3.8862936506749763,
            1.7351425805741352,
            22.41650603854379
        ],
        "point_untransformed": [
            0.4440535899449976,
            0.41137063493250237,
            0.36424173696724116,
            0.4880722912205415
        ]
    },
    "ncall": 41500,
    "paramnames": [
        "src1.lognorm",
        "src2.lognorm",
        "pl1.PhoIndex",
        "src1.lognH"
    ],
    "logzerr_single": 0.20470732606085726,
    "insertion_order_MWW_test": {
        "independent_iterations": Infinity,
        "converged": true
    }
}