{
    "niter": 4730,
    "logz": -13.583215495231077,
    "logzerr": 0.25356417992284963,
    "logz_bs": -13.60902116647037,
    "logz_single": -13.583215495231077,
    "logzerr_tail": 0.014283674618249975,
    "logzerr_bs": 0.253161549172356,
    "ess": 1469.9154560872012,
    "H": 7.304913864515525,
    "Herr": 0.11501993318472248,
    "posterior": {
        "mean": [
            -5.577152642354704,
            1.668118008783819,
            20.74680778682204
        ],
        "stdev": [
            0.1779023967503612,
            0.3867307729543951,
            0.8650582631981785
        ],
        "median": [
            -5.6210816357893245,
            1.5946799725494314,
            20.935076194683166
        ],
        "errlo": [
            -5.737557005384581,
            1.3302508430843387,
            19.641275293426276
        ],
        "errup": [
            -5.402621696161121,
            2.0287304531467214,
            21.65887725238905
        ],
        "information_gain_bits": [
            2.901891900638136,
            2.1181248146714218,
            -0.4567501698606956
        ]
    },
    "maximum_likelihood": {
        "logl": -4.78892921581202,
        "point": [
            -5.484331766401198,
            1.819796810423206,
            21.508768984160724
        ],
        "point_untransformed": [
            0.2515668233598803,
            0.3707536008017851,
            0.3583955691658178
        ]
    },
    "ncall": 15258,
    "paramnames": [
        "src1.lognorm",
        "pl1.PhoIndex",
        "src1.lognH"
    ],
    "logzerr_single": 0.1351380207835264,
    "insertion_order_MWW_test": {
        "independent_iterations": Infinity,
        "converged": true
    }
}