{
    "niter": 4201,
    "logz": -11.295879207637942,
    "logzerr": 0.3004771857365699,
    "logz_bs": -11.292981326782057,
    "logz_single": -11.295879207637942,
    "logzerr_tail": 0.05260401801749737,
    "logzerr_bs": 0.2958367056951925,
    "ess": 1462.4414953040541,
    "H": 7.093610130900993,
    "Herr": 0.11959120945863236,
    "posterior": {
        "mean": [
            -5.61221077604562,
            1.8190742799291526,
            20.081568619295876
        ],
        "stdev": [
            0.09909997808483773,
            0.2940454764568511,
            0.6674969102988393
        ],
        "median": [
            -5.6141618889817515,
            1.8162036847032779,
            20.023385263013456
        ],
        "errlo": [
            -5.706721201555574,
            1.5338408267817476,
            19.33822216691703
        ],
        "errup": [
            -5.523763045314887,
            2.090916021987508,
            20.827102391826852
        ],
        "information_gain_bits": [
            3.2750052669486607,
            2.4368771344911617,
            0.04489709193698521
        ]
    },
    "maximum_likelihood": {
        "logl": -2.983454326192576,
        "point": [
            -5.630677786769705,
            1.7624083898220597,
            19.044178044130792
        ],
        "point_untransformed": [
            0.23693222132302952,
            0.3663391069093892,
            0.00631114916154181
        ]
    },
    "ncall": 10155,
    "paramnames": [
        "src1.lognorm",
        "pl1.PhoIndex",
        "src1.lognH"
    ],
    "logzerr_single": 0.1331691605712542,
    "insertion_order_MWW_test": {
        "independent_iterations": Infinity,
        "converged": true
    }
}