{
    "niter": 2368,
    "logz": -37.27061920864463,
    "logzerr": 0.20387522035059386,
    "logz_bs": -37.378871874017086,
    "logz_single": -37.27061920864463,
    "logzerr_tail": 0.02297677752191163,
    "logzerr_bs": 0.20257633911123918,
    "ess": 611.3723991162971,
    "H": 9.567744035172879,
    "Herr": 0.15869060128725626,
    "posterior": {
        "mean": [
            -3.3841973280870143,
            0.5992383627831177,
            23.225895925232937
        ],
        "stdev": [
            0.42508044960611324,
            0.1996113788384956,
            0.11614566416556386
        ],
        "median": [
            -3.3984337136773988,
            0.581923466716733,
            23.226164346861843
        ],
        "errlo": [
            -3.8374030600198843,
            0.3909202335365891,
            23.10722256309504
        ],
        "errup": [
            -2.9472216347818225,
            0.8235102943316512,
            23.338263226907852
        ],
        "information_gain_bits": [
            1.725842287946369,
            1.8349499954632749,
            3.0342316508205722
        ]
    },
    "maximum_likelihood": {
        "logl": -26.280185685619323,
        "point": [
            -3.125748005057617,
            0.4575235856663369,
            23.27848264429582
        ],
        "point_untransformed": [
            0.4874251994942383,
            0.8643808964165842,
            0.6112118063279747
        ]
    },
    "ncall": 12306,
    "paramnames": [
        "src1.lognorm",
        "src1.logkT",
        "src1.lognH"
    ],
    "logzerr_single": 0.15465885066148718,
    "insertion_order_MWW_test": {
        "independent_iterations": Infinity,
        "converged": true
    }
}