{
    "niter": 4652,
    "logz": -25.857885571493345,
    "logzerr": 0.3012301906949592,
    "logz_bs": -25.846530441117036,
    "logz_single": -25.857885571493345,
    "logzerr_tail": 0.015124565004459356,
    "logzerr_bs": 0.30085025397952947,
    "ess": 1446.0458034191706,
    "H": 7.35392975161016,
    "Herr": 0.11037968063557234,
    "posterior": {
        "mean": [
            -5.205179885335811,
            1.677134730541454,
            20.658955598945372
        ],
        "stdev": [
            0.1432370798100196,
            0.34632550894647607,
            0.8133972109530221
        ],
        "median": [
            -5.234676729842503,
            1.6195946686053317,
            20.854213511249082
        ],
        "errlo": [
            -5.330946641289282,
            1.3558454219482217,
            19.622455726959647
        ],
        "errup": [
            -5.067758362935228,
            2.005690548526349,
            21.49996059605548
        ],
        "information_gain_bits": [
            3.0252427798589996,
            2.1607840704963417,
            -0.36414914419745226
        ]
    },
    "maximum_likelihood": {
        "logl": -17.02404017609271,
        "point": [
            -5.148710859882921,
            1.78742601824466,
            21.314528744965326
        ],
        "point_untransformed": [
            0.2851289140117079,
            0.36826353986497384,
            0.33064696356647516
        ]
    },
    "ncall": 14907,
    "paramnames": [
        "src1.lognorm",
        "pl1.PhoIndex",
        "src1.lognH"
    ],
    "logzerr_single": 0.1355906500427865,
    "insertion_order_MWW_test": {
        "independent_iterations": Infinity,
        "converged": true
    }
}