{
    "niter": 5869,
    "logz": -40.02084189773733,
    "logzerr": 0.44183463557297153,
    "logz_bs": -40.013469073875385,
    "logz_single": -40.02084189773733,
    "logzerr_tail": 0.023856868437370338,
    "logzerr_bs": 0.4411900894402123,
    "ess": 1610.2281233193632,
    "H": 11.211821121897586,
    "Herr": 0.15461100503004854,
    "posterior": {
        "mean": [
            -4.314565146983648,
            2.6365079771672364,
            22.242263015889563
        ],
        "stdev": [
            0.1309658796181388,
            0.2464005205374539,
            0.07081054205021424
        ],
        "median": [
            -4.319287414793742,
            2.627217984492657,
            22.24360265979807
        ],
        "errlo": [
            -4.4465212280982715,
            2.395346241571583,
            22.171805437485062
        ],
        "errup": [
            -4.186824029568638,
            2.8854102929999224,
            22.31496584105082
        ],
        "information_gain_bits": [
            3.236604476113057,
            2.846711822183414,
            3.416695422025011
        ]
    },
    "maximum_likelihood": {
        "logl": -27.22378456356663,
        "point": [
            -4.305235431255991,
            2.653783264730035,
            22.251070839038828
        ],
        "point_untransformed": [
            0.3694764568744009,
            0.43490640497923344,
            0.4644386912912611
        ]
    },
    "ncall": 15891,
    "paramnames": [
        "src1.lognorm",
        "pl1.PhoIndex",
        "src1.lognH"
    ],
    "logzerr_single": 0.16742028791261818,
    "insertion_order_MWW_test": {
        "independent_iterations": Infinity,
        "converged": true
    }
}