{
    "niter": 6279,
    "logz": -70.94058971511015,
    "logzerr": 0.36364441988793433,
    "logz_bs": -70.91476132158883,
    "logz_single": -70.94058971511015,
    "logzerr_tail": 0.017697697059475104,
    "logzerr_bs": 0.363213512461229,
    "ess": 1724.9156355335272,
    "H": 11.613356447699282,
    "Herr": 0.13451982095742696,
    "posterior": {
        "mean": [
            -3.7582817996926305,
            0.5103787710910237,
            22.403805945004173
        ],
        "stdev": [
            0.057639851581484824,
            0.07076976765297481,
            0.04329689467140535
        ],
        "median": [
            -3.7590830299742004,
            0.5052679974568035,
            22.404832054929074
        ],
        "errlo": [
            -3.8138888623897933,
            0.44220957853866527,
            22.361760723782734
        ],
        "errup": [
            -3.700945995570976,
            0.5765137235408715,
            22.445444426167946
        ],
        "information_gain_bits": [
            3.6950834083906874,
            2.066540400791781,
            3.7294056423625404
        ]
    },
    "maximum_likelihood": {
        "logl": -57.65006278178941,
        "point": [
            -3.750452627402912,
            0.4978823717404095,
            22.411116084705405
        ],
        "point_untransformed": [
            0.42495473725970884,
            0.6046867382395965,
            0.4873022978150578
        ]
    },
    "ncall": 16541,
    "paramnames": [
        "src1.lognorm",
        "src1.logkT",
        "src1.lognH"
    ],
    "logzerr_single": 0.17039187515620632,
    "insertion_order_MWW_test": {
        "independent_iterations": Infinity,
        "converged": true
    }
}