{
    "niter": 5488,
    "logz": -32.42670207863799,
    "logzerr": 0.1901266776993195,
    "logz_bs": -32.44262685301475,
    "logz_single": -32.42670207863799,
    "logzerr_tail": 0.021440064054452534,
    "logzerr_bs": 0.18891394132334938,
    "ess": 1680.869198528265,
    "H": 9.561991267847961,
    "Herr": 0.11160203012984395,
    "posterior": {
        "mean": [
            -4.009222553490695,
            0.5556788111510362,
            21.640856599025415
        ],
        "stdev": [
            0.040990437115649446,
            0.0771048841363308,
            0.08482828075478803
        ],
        "median": [
            -4.009439699238092,
            0.5490778347813285,
            21.64435568146802
        ],
        "errlo": [
            -4.051436509724768,
            0.47971565792326376,
            21.555779777374966
        ],
        "errup": [
            -3.9684581719736594,
            0.6303756203671493,
            21.724797168919302
        ],
        "information_gain_bits": [
            3.9375438030826952,
            1.9348075323884733,
            3.268135745652837
        ]
    },
    "maximum_likelihood": {
        "logl": -21.224356610884573,
        "point": [
            -4.002951490910158,
            0.5347192775479586,
            21.660074192646228
        ],
        "point_untransformed": [
            0.39970485090898417,
            0.6195575911449049,
            0.3800105989494608
        ]
    },
    "ncall": 12405,
    "paramnames": [
        "src1.lognorm",
        "src1.logkT",
        "src1.lognH"
    ],
    "logzerr_single": 0.1546123480502767,
    "insertion_order_MWW_test": {
        "independent_iterations": Infinity,
        "converged": true
    }
}