{
    "niter": 4211,
    "logz": -30.87459333236593,
    "logzerr": 0.2036685284922792,
    "logz_bs": -30.900491206713077,
    "logz_single": -30.87459333236593,
    "logzerr_tail": 0.05716591997589049,
    "logzerr_bs": 0.195481270436634,
    "ess": 1413.4213807351998,
    "H": 7.277369931838233,
    "Herr": 0.10136020788497684,
    "posterior": {
        "mean": [
            -3.8126191950996375,
            0.4700034442742013,
            19.991856371306202
        ],
        "stdev": [
            0.04213756190296053,
            0.09117352596160823,
            0.6073691943111167
        ],
        "median": [
            -3.8119927796687207,
            0.46489344199994265,
            19.969475559364785
        ],
        "errlo": [
            -3.8529309525240727,
            0.38227470596085755,
            19.277459965711696
        ],
        "errup": [
            -3.772135493803953,
            0.5535723804996986,
            20.689044602436375
        ],
        "information_gain_bits": [
            3.8386018476729955,
            1.4380531570247361,
            0.5367820807740002
        ]
    },
    "maximum_likelihood": {
        "logl": -22.478627986715264,
        "point": [
            -3.8201359983356946,
            0.4633908784249796,
            19.188783420947974
        ],
        "point_untransformed": [
            0.4179864001664305,
            0.5907627152432603,
            0.026969060135424827
        ]
    },
    "ncall": 12028,
    "paramnames": [
        "src1.lognorm",
        "src1.logkT",
        "src1.lognH"
    ],
    "logzerr_single": 0.13488300422809238,
    "insertion_order_MWW_test": {
        "independent_iterations": Infinity,
        "converged": true
    }
}