{
    "niter": 4214,
    "logz": -11.339358592196456,
    "logzerr": 0.2086351650845741,
    "logz_bs": -11.311580950707649,
    "logz_single": -11.339358592196456,
    "logzerr_tail": 0.05657345211688103,
    "logzerr_bs": 0.2008185166398917,
    "ess": 1448.9700120107302,
    "H": 7.057242344661287,
    "Herr": 0.09087747111981613,
    "posterior": {
        "mean": [
            -5.648411230376143,
            1.2804598382703694,
            20.330417655180508
        ],
        "stdev": [
            0.12988668012307153,
            0.2917734729140555,
            0.7802491024363658
        ],
        "median": [
            -5.65671671501579,
            1.2649257547009585,
            20.343570795244773
        ],
        "errlo": [
            -5.764041326956496,
            0.9965226431927658,
            19.414424516268383
        ],
        "errup": [
            -5.534893595730217,
            1.574330736544213,
            21.23286094969467
        ],
        "information_gain_bits": [
            3.027892588746017,
            2.4346911993940985,
            -0.3294796898950916
        ]
    },
    "maximum_likelihood": {
        "logl": -3.1191471260195334,
        "point": [
            -5.692504828793197,
            1.1804566620376225,
            19.33943824207623
        ],
        "point_untransformed": [
            0.2307495171206803,
            0.3215735893875094,
            0.04849117743946135
        ]
    },
    "ncall": 10200,
    "paramnames": [
        "src1.lognorm",
        "pl1.PhoIndex",
        "src1.lognH"
    ],
    "logzerr_single": 0.13282735358973774,
    "insertion_order_MWW_test": {
        "independent_iterations": Infinity,
        "converged": true
    }
}