{
    "niter": 3398,
    "logz": -8.442043356294462,
    "logzerr": 0.16533585935658743,
    "logz_bs": -8.457261999021283,
    "logz_single": -8.442043356294462,
    "logzerr_tail": 0.07316798904489552,
    "logzerr_bs": 0.1482646005232109,
    "ess": 1363.3880805532938,
    "H": 5.462424390977364,
    "Herr": 0.08852231066377755,
    "posterior": {
        "mean": [
            -4.628524148894763,
            0.6381639752116541,
            20.0926860830923
        ],
        "stdev": [
            0.07749119869058604,
            0.25635149822656916,
            0.6643237536643606
        ],
        "median": [
            -4.6279196242278715,
            0.5835144312631256,
            20.043571205041804
        ],
        "errlo": [
            -4.704847072103242,
            0.4005893693143119,
            19.35048616834345
        ],
        "errup": [
            -4.555131083392773,
            0.9078886493408045,
            20.825005789610493
        ],
        "information_gain_bits": [
            3.2556292470852948,
            -1.6041461903444683,
            -0.15286771324117587
        ]
    },
    "maximum_likelihood": {
        "logl": -1.8675278253653564,
        "point": [
            -4.634825496257867,
            0.5197844582261588,
            20.28391421703128
        ],
        "point_untransformed": [
            0.3365174503742133,
            0.613528488090969,
            0.18341631671875427
        ]
    },
    "ncall": 9461,
    "paramnames": [
        "src1.lognorm",
        "src1.logkT",
        "src1.lognH"
    ],
    "logzerr_single": 0.11685915016567341,
    "insertion_order_MWW_test": {
        "independent_iterations": Infinity,
        "converged": true
    }
}