{
    "niter": 5600,
    "logz": -38.754457866843374,
    "logzerr": 0.3747864836533303,
    "logz_bs": -38.77466800062923,
    "logz_single": -38.754457866843374,
    "logzerr_tail": 0.009941306682407003,
    "logzerr_bs": 0.3746546126109678,
    "ess": 1500.3343751367536,
    "H": 10.025734917584632,
    "Herr": 0.13046168036450853,
    "posterior": {
        "mean": [
            -4.609445589265838,
            -5.048006081617358,
            1.1353245157175855,
            19.79333694667547
        ],
        "stdev": [
            0.04183904216234765,
            0.07823831927797924,
            0.18058373810517012,
            0.5001710853307781
        ],
        "median": [
            -4.609116501510414,
            -5.046347344598857,
            1.1339298798844801,
            19.770424464435962
        ],
        "errlo": [
            -4.649909607888134,
            -5.126288914656348,
            0.9424919122664095,
            19.23736300775631
        ],
        "errup": [
            -4.568024620255391,
            -4.969134435265577,
            1.338534254939579,
            20.367121306430242
        ],
        "information_gain_bits": [
            3.853850269201004,
            3.553851146387466,
            0.750004490826909,
            0.9727965636850822
        ]
    },
    "maximum_likelihood": {
        "logl": -27.14539988748579,
        "point": [
            -4.615401494244718,
            -5.047242650787286,
            1.0834418755351987,
            19.002242074251228
        ],
        "point_untransformed": [
            0.3384598505755282,
            0.29527573492127135,
            0.8410738358348886,
            0.0003202963216038246
        ]
    },
    "ncall": 21282,
    "paramnames": [
        "src1.lognorm",
        "src2.lognorm",
        "src1.logkT",
        "src1.lognH"
    ],
    "logzerr_single": 0.15831720466822796,
    "insertion_order_MWW_test": {
        "independent_iterations": Infinity,
        "converged": true
    }
}