{
    "niter": 2656,
    "logz": -34.21353663469856,
    "logzerr": 0.4196525640467106,
    "logz_bs": -34.20972074512004,
    "logz_single": -34.21353663469856,
    "logzerr_tail": 0.026202974652832722,
    "logzerr_bs": 0.418833712385144,
    "ess": 786.8350281906764,
    "H": 8.17229660705129,
    "Herr": 0.14423936256532557,
    "posterior": {
        "mean": [
            -1.3045633499941613,
            -0.37746170743274393,
            19.655385257895798
        ],
        "stdev": [
            0.18788487110784513,
            0.05119867548873368,
            0.4337931405920933
        ],
        "median": [
            -1.3129465774595737,
            -0.37748100166613097,
            19.617295535102134
        ],
        "errlo": [
            -1.492211858717356,
            -0.4331055729009292,
            19.19058189337804
        ],
        "errup": [
            -1.0931598015327446,
            -0.3256886801975907,
            20.151945672428145
        ],
        "information_gain_bits": [
            2.890504875344178,
            3.2549395009739137,
            1.2635646856927094
        ]
    },
    "maximum_likelihood": {
        "logl": -24.725089445928973,
        "point": [
            -1.3204077389894593,
            -0.37501010342744845,
            19.01423985045898
        ],
        "point_untransformed": [
            0.6679592261010541,
            0.6562474741431379,
            0.0020342643512829828
        ]
    },
    "ncall": 5787,
    "paramnames": [
        "src1.lognorm",
        "src1.logkT",
        "src1.lognH"
    ],
    "logzerr_single": 0.1429361448956429,
    "insertion_order_MWW_test": {
        "independent_iterations": Infinity,
        "converged": true
    }
}