{
    "niter": 7240,
    "logz": -67.04246882804358,
    "logzerr": 0.44039708870986066,
    "logz_bs": -67.08728587152672,
    "logz_single": -67.04246882804358,
    "logzerr_tail": 0.00993784536761666,
    "logzerr_bs": 0.44028494747557545,
    "ess": 1894.55866419404,
    "H": 14.860196175832186,
    "Herr": 0.17025209954753223,
    "posterior": {
        "mean": [
            -4.637912657221508,
            -4.682509774758001,
            -4.5463940688602404,
            0.7331594259168669,
            20.582944868052365
        ],
        "stdev": [
            0.04975857130981321,
            0.0535676346439535,
            0.05248825381099302,
            0.13060814712151145,
            0.623509591286406
        ],
        "median": [
            -4.6392559360938055,
            -4.68076659024489,
            -4.546242811815032,
            0.717146577289564,
            20.776597264565467
        ],
        "errlo": [
            -4.685072628224897,
            -4.73469010960031,
            -4.598284299422431,
            0.6059562776663276,
            19.817943017950718
        ],
        "errup": [
            -4.589815021208057,
            -4.628629311360463,
            -4.493595825570209,
            0.8623487958662792,
            21.158077568764188
        ],
        "information_gain_bits": [
            3.821321336800589,
            3.8133713390277393,
            3.735913735204805,
            0.6888828155784881,
            0.44511380073815554
        ]
    },
    "maximum_likelihood": {
        "logl": -49.37258457254747,
        "point": [
            -4.619115247943293,
            -4.650082654873097,
            -4.52209279277554,
            0.6549401625148725,
            21.119475561380867
        ],
        "point_untransformed": [
            0.33808847520567065,
            0.3349917345126903,
            0.347790720722446,
            0.6680900902051979,
            0.30278222305440955
        ]
    },
    "ncall": 93636,
    "paramnames": [
        "src1.lognorm",
        "src2.lognorm",
        "src3.lognorm",
        "src1.logkT",
        "src1.lognH"
    ],
    "logzerr_single": 0.1927446249304516,
    "insertion_order_MWW_test": {
        "independent_iterations": Infinity,
        "converged": true
    }
}