{
    "niter": 3234,
    "logz": -45.31096162005792,
    "logzerr": 0.3331510475305435,
    "logz_bs": -45.288729078573375,
    "logz_single": -45.31096162005792,
    "logzerr_tail": 0.0584018596728626,
    "logzerr_bs": 0.32799213901776625,
    "ess": 914.2017097844772,
    "H": 9.630599681492022,
    "Herr": 0.11978251816410537,
    "posterior": {
        "mean": [
            -1.4391748838572316,
            -0.1562602335998596,
            19.954291691175754
        ],
        "stdev": [
            0.06725203254299976,
            0.019391797147015385,
            0.5565951148834163
        ],
        "median": [
            -1.442306691667559,
            -0.15645213713414874,
            19.938069335029034
        ],
        "errlo": [
            -1.505449080990463,
            -0.17648167458042474,
            19.318314270544946
        ],
        "errup": [
            -1.371687987878781,
            -0.1368139349173214,
            20.553612475132365
        ],
        "information_gain_bits": [
            3.6551119394557348,
            3.836579583556466,
            0.7716804102612973
        ]
    },
    "maximum_likelihood": {
        "logl": -34.5043615639531,
        "point": [
            -1.4593345203061956,
            -0.15158811081040335,
            19.24455583618331
        ],
        "point_untransformed": [
            0.6540665479693805,
            0.7121029722973992,
            0.034936548026187064
        ]
    },
    "ncall": 7204,
    "paramnames": [
        "src1.lognorm",
        "src1.logkT",
        "src1.lognH"
    ],
    "logzerr_single": 0.15516603753312144,
    "insertion_order_MWW_test": {
        "independent_iterations": Infinity,
        "converged": true
    }
}