{
    "niter": 5365,
    "logz": -43.17376947375735,
    "logzerr": 0.2833268970048781,
    "logz_bs": -43.18029437102151,
    "logz_single": -43.17376947375735,
    "logzerr_tail": 0.021450885447549695,
    "logzerr_bs": 0.28251369892436884,
    "ess": 1722.5258395043675,
    "H": 9.4137143124279,
    "Herr": 0.11274262087857152,
    "posterior": {
        "mean": [
            -4.717250460912971,
            1.683349147730666,
            21.86340781984023
        ],
        "stdev": [
            0.18854177859652899,
            0.3419007955045031,
            0.32724521222997366
        ],
        "median": [
            -4.7184095430148325,
            1.6866442306906055,
            21.92664145737671
        ],
        "errlo": [
            -4.907468935467394,
            1.343955347610815,
            21.693226710700355
        ],
        "errup": [
            -4.534108893615379,
            2.02459745251518,
            22.089905843841084
        ],
        "information_gain_bits": [
            2.885027864588479,
            2.3968041349662963,
            0.5359885345693763
        ]
    },
    "maximum_likelihood": {
        "logl": -32.00882025782179,
        "point": [
            -4.683491641091404,
            1.7292399900192752,
            21.95967373104336
        ],
        "point_untransformed": [
            0.3316508358908596,
            0.3637876915399443,
            0.4228105330061943
        ]
    },
    "ncall": 15873,
    "paramnames": [
        "src1.lognorm",
        "pl1.PhoIndex",
        "src1.lognH"
    ],
    "logzerr_single": 0.15340888429641142,
    "insertion_order_MWW_test": {
        "independent_iterations": Infinity,
        "converged": true
    }
}