{
    "niter": 5554,
    "logz": -36.9344321898443,
    "logzerr": 0.26159954934111046,
    "logz_bs": -36.91578871308484,
    "logz_single": -36.9344321898443,
    "logzerr_tail": 0.021565634590601235,
    "logzerr_bs": 0.26070912454338213,
    "ess": 1551.8436677402333,
    "H": 10.428032519308037,
    "Herr": 0.12376710529620454,
    "posterior": {
        "mean": [
            -4.3144216641844695,
            1.9382091073414272,
            22.830273894416514
        ],
        "stdev": [
            0.2411393072308939,
            0.3510401049407167,
            0.07488590730336618
        ],
        "median": [
            -4.315947494348854,
            1.9356393884057623,
            22.83321900828954
        ],
        "errlo": [
            -4.555009116749507,
            1.5880047022230093,
            22.75503902530418
        ],
        "errup": [
            -4.073004117177586,
            2.2943179523882176,
            22.903748470459483
        ],
        "information_gain_bits": [
            2.5049219020720566,
            2.3033215579922204,
            3.3806205587175078
        ]
    },
    "maximum_likelihood": {
        "logl": -24.997780617177696,
        "point": [
            -4.312093181984505,
            1.9404044481790326,
            22.8344985724257
        ],
        "point_untransformed": [
            0.36879068180154956,
            0.38003111139838713,
            0.5477855103465286
        ]
    },
    "ncall": 16752,
    "paramnames": [
        "src1.lognorm",
        "pl1.PhoIndex",
        "src1.lognH"
    ],
    "logzerr_single": 0.16146232160559965,
    "insertion_order_MWW_test": {
        "independent_iterations": Infinity,
        "converged": true
    }
}