{
    "niter": 3619,
    "logz": -61.40331742831502,
    "logzerr": 0.35803710349565165,
    "logz_bs": -61.41992302364147,
    "logz_single": -61.40331742831502,
    "logzerr_tail": 0.02784470993417898,
    "logzerr_bs": 0.3569527134064643,
    "ess": 945.9472973922808,
    "H": 11.508489134597745,
    "Herr": 0.14440197438776184,
    "posterior": {
        "mean": [
            -2.1464222551736167,
            0.0614251948502283,
            22.34524613147494
        ],
        "stdev": [
            0.11705982779314893,
            0.02953295970403105,
            0.08064187566764351
        ],
        "median": [
            -2.145299203466336,
            0.0605381169251582,
            22.351336871939175
        ],
        "errlo": [
            -2.268981422048796,
            0.031079987239205575,
            22.263755389592692
        ],
        "errup": [
            -2.0215388709638202,
            0.09263043352912481,
            22.42447987320546
        ],
        "information_gain_bits": [
            3.3484431335191505,
            3.6143805326779774,
            3.3456864660252887
        ]
    },
    "maximum_likelihood": {
        "logl": -48.41219718374468,
        "point": [
            -2.1429437254050425,
            0.06030244901388837,
            22.34928541540641
        ],
        "point_untransformed": [
            0.5857056274594957,
            0.7650756122534721,
            0.4784693450580584
        ]
    },
    "ncall": 9155,
    "paramnames": [
        "src1.lognorm",
        "src1.logkT",
        "src1.lognH"
    ],
    "logzerr_single": 0.16962082076353233,
    "insertion_order_MWW_test": {
        "independent_iterations": Infinity,
        "converged": true
    }
}