{
    "niter": 4453,
    "logz": -24.496275065620285,
    "logzerr": 0.2779374146682146,
    "logz_bs": -24.476658541601413,
    "logz_single": -24.496275065620285,
    "logzerr_tail": 0.019110803206856986,
    "logzerr_bs": 0.2772796127976953,
    "ess": 1365.6810000697396,
    "H": 7.189489614371709,
    "Herr": 0.10880037272107965,
    "posterior": {
        "mean": [
            -4.488998057032571,
            0.5976563745665051,
            20.194178263450645
        ],
        "stdev": [
            0.04513141830410693,
            0.11211806056477941,
            0.6981958387148964
        ],
        "median": [
            -4.490902258840494,
            0.5804796933211696,
            20.1839813850931
        ],
        "errlo": [
            -4.533056936033338,
            0.4971456017441314,
            19.35917584553606
        ],
        "errup": [
            -4.447490788910316,
            0.7005517245618362,
            20.99324556103065
        ],
        "information_gain_bits": [
            3.8509022971709608,
            0.7952458117749375,
            0.20270025013520032
        ]
    },
    "maximum_likelihood": {
        "logl": -16.091998368176856,
        "point": [
            -4.472582474617563,
            0.5425054981682917,
            20.91327182579875
        ],
        "point_untransformed": [
            0.3527417525382437,
            0.6227008448736023,
            0.27332454654267846
        ]
    },
    "ncall": 13020,
    "paramnames": [
        "src1.lognorm",
        "src1.logkT",
        "src1.lognH"
    ],
    "logzerr_single": 0.13406611815044572,
    "insertion_order_MWW_test": {
        "independent_iterations": Infinity,
        "converged": true
    }
}