{
    "niter": 5784,
    "logz": -52.017846085411115,
    "logzerr": 0.3353911177866595,
    "logz_bs": -52.041105820143144,
    "logz_single": -52.017846085411115,
    "logzerr_tail": 0.021094907920264916,
    "logzerr_bs": 0.33472706306783806,
    "ess": 1672.2618888984275,
    "H": 10.437222183600248,
    "Herr": 0.1400537568003547,
    "posterior": {
        "mean": [
            -4.007479108515952,
            0.5952333428220621,
            22.423283677700773
        ],
        "stdev": [
            0.07492988517922447,
            0.11485566667388665,
            0.057348202435065276
        ],
        "median": [
            -4.008330371943889,
            0.5772312834199685,
            22.42596449898843
        ],
        "errlo": [
            -4.0850559899583665,
            0.48758057981895586,
            22.3657530695698
        ],
        "errup": [
            -3.9287925945409996,
            0.6986254520363622,
            22.480968292847148
        ],
        "information_gain_bits": [
            3.6196567889260463,
            0.8327553261889004,
            3.5884663666896066
        ]
    },
    "maximum_likelihood": {
        "logl": -39.94655550535494,
        "point": [
            -3.982065194374764,
            0.5462380358251564,
            22.44220360160994
        ],
        "point_untransformed": [
            0.4017934805625236,
            0.624207649455636,
            0.4917433716585629
        ]
    },
    "ncall": 14945,
    "paramnames": [
        "src1.lognorm",
        "src1.logkT",
        "src1.lognH"
    ],
    "logzerr_single": 0.16153344996935037,
    "insertion_order_MWW_test": {
        "independent_iterations": Infinity,
        "converged": true
    }
}