{
    "niter": 3354,
    "logz": -27.462292045321153,
    "logzerr": 0.3664799559043172,
    "logz_bs": -27.426408985474684,
    "logz_single": -27.462292045321153,
    "logzerr_tail": 0.012864634837985278,
    "logzerr_bs": 0.3662540911035883,
    "ess": 936.1467948402658,
    "H": 8.55657664864281,
    "Herr": 0.15082562101174468,
    "posterior": {
        "mean": [
            -2.0030000715636,
            -0.05715605863994085,
            20.658823004462548
        ],
        "stdev": [
            0.15020691256956073,
            0.03942061309499445,
            0.8141349663270077
        ],
        "median": [
            -2.0168529340463133,
            -0.05525490383631659,
            20.8570857547873
        ],
        "errlo": [
            -2.149340841217194,
            -0.0957567053341335,
            19.593343325031643
        ],
        "errup": [
            -1.8614500983515767,
            -0.018449488266969016,
            21.51810633910701
        ],
        "information_gain_bits": [
            3.0704553191493753,
            3.4884696489760634,
            -0.23808182798230526
        ]
    },
    "maximum_likelihood": {
        "logl": -17.28793650434928,
        "point": [
            -1.9196649455286794,
            -0.07625466454917884,
            21.444544419499874
        ],
        "point_untransformed": [
            0.6080335054471321,
            0.7309363338627053,
            0.349220631357125
        ]
    },
    "ncall": 9392,
    "paramnames": [
        "src1.lognorm",
        "src1.logkT",
        "src1.lognH"
    ],
    "logzerr_single": 0.14625813352291567,
    "insertion_order_MWW_test": {
        "independent_iterations": Infinity,
        "converged": true
    }
}