{
    "niter": 5832,
    "logz": -45.96388459680201,
    "logzerr": 0.27215062483533303,
    "logz_bs": -45.96876753983044,
    "logz_single": -45.96388459680201,
    "logzerr_tail": 0.021650425167997867,
    "logzerr_bs": 0.2712880787803016,
    "ess": 1654.1888019063958,
    "H": 10.58179364720251,
    "Herr": 0.10762877004308928,
    "posterior": {
        "mean": [
            -3.9600424851334024,
            0.4157814170893062,
            22.177274287179674
        ],
        "stdev": [
            0.06717963902697983,
            0.07342698083090247,
            0.06738756227475678
        ],
        "median": [
            -3.962185777213077,
            0.4126645881001003,
            22.17979183548303
        ],
        "errlo": [
            -4.025605597261512,
            0.3442598088877571,
            22.110781767219507
        ],
        "errup": [
            -3.891322089584894,
            0.4869738695500707,
            22.246075685521188
        ],
        "information_gain_bits": [
            3.6707146528955694,
            1.979786662019757,
            3.4741237419088726
        ]
    },
    "maximum_likelihood": {
        "logl": -33.805834162485944,
        "point": [
            -3.9468983240461055,
            0.39817316207251907,
            22.194649168678062
        ],
        "point_untransformed": [
            0.40531016759538946,
            0.5644346878089144,
            0.4563784526682946
        ]
    },
    "ncall": 15234,
    "paramnames": [
        "src1.lognorm",
        "src1.logkT",
        "src1.lognH"
    ],
    "logzerr_single": 0.16264834495932098,
    "insertion_order_MWW_test": {
        "independent_iterations": Infinity,
        "converged": true
    }
}