{
    "niter": 4729,
    "logz": -40.870925238185244,
    "logzerr": 0.2361600850049077,
    "logz_bs": -40.865838729268326,
    "logz_single": -40.870925238185244,
    "logzerr_tail": 0.026350746090720634,
    "logzerr_bs": 0.23468537221136643,
    "ess": 1457.3549793886746,
    "H": 7.850412445056236,
    "Herr": 0.10834738555584053,
    "posterior": {
        "mean": [
            -4.196467498863756,
            1.030095350913677,
            21.824324408160713
        ],
        "stdev": [
            0.056796833420512324,
            0.23325509761208732,
            0.15376105177883995
        ],
        "median": [
            -4.199100197644435,
            1.0293063748997286,
            21.839652605979104
        ],
        "errlo": [
            -4.251026953888132,
            0.7732587216663668,
            21.686818568424307
        ],
        "errup": [
            -4.145953450345288,
            1.2914448564926717,
            21.969363846308347
        ],
        "information_gain_bits": [
            3.7234079722987925,
            -0.12069928059521087,
            2.270869468054749
        ]
    },
    "maximum_likelihood": {
        "logl": -31.757312788909964,
        "point": [
            -4.194188275488377,
            0.9190275058751547,
            21.87943107716394
        ],
        "point_untransformed": [
            0.38058117245116235,
            0.7747006741066182,
            0.4113472967377057
        ]
    },
    "ncall": 12484,
    "paramnames": [
        "src1.lognorm",
        "src1.logkT",
        "src1.lognH"
    ],
    "logzerr_single": 0.14009293741170747,
    "insertion_order_MWW_test": {
        "independent_iterations": Infinity,
        "converged": true
    }
}