{
    "niter": 4344,
    "logz": -16.819839550481905,
    "logzerr": 0.2143267786511736,
    "logz_bs": -16.810913398856815,
    "logz_single": -16.819839550481905,
    "logzerr_tail": 0.033848371980401026,
    "logzerr_bs": 0.21163708503300072,
    "ess": 1524.8453080900065,
    "H": 6.849022007419663,
    "Herr": 0.09187383485346476,
    "posterior": {
        "mean": [
            -4.232740071287503,
            0.5567100430589246,
            19.8106006848616
        ],
        "stdev": [
            0.04193380140173903,
            0.12807993545315607,
            0.5080036411663075
        ],
        "median": [
            -4.232375150201348,
            0.5437697251766074,
            19.759838935225773
        ],
        "errlo": [
            -4.274013056330334,
            0.4342795554033554,
            19.245176239277377
        ],
        "errup": [
            -4.19150351667061,
            0.6687675476862749,
            20.382295107991602
        ],
        "information_gain_bits": [
            3.856904149869157,
            0.49353447615618823,
            0.9162587137771678
        ]
    },
    "maximum_likelihood": {
        "logl": -8.646963243389697,
        "point": [
            -4.237078163593523,
            0.5143434078769435,
            19.114333191036167
        ],
        "point_untransformed": [
            0.37629218364064765,
            0.6113319664879799,
            0.016333313005166633
        ]
    },
    "ncall": 9767,
    "paramnames": [
        "src1.lognorm",
        "src1.logkT",
        "src1.lognH"
    ],
    "logzerr_single": 0.13085318115563396,
    "insertion_order_MWW_test": {
        "independent_iterations": Infinity,
        "converged": true
    }
}