{
    "niter": 4786,
    "logz": -14.255365103308208,
    "logzerr": 0.28354512014855326,
    "logz_bs": -14.281636903359129,
    "logz_single": -14.255365103308208,
    "logzerr_tail": 0.009946938951072681,
    "logzerr_bs": 0.28337059403819786,
    "ess": 1523.2627740885941,
    "H": 7.0503166210112225,
    "Herr": 0.10448330104367738,
    "posterior": {
        "mean": [
            -3.830311007155803,
            0.19260179536941444,
            20.37954654382363
        ],
        "stdev": [
            0.07588886305819113,
            0.07646411892845804,
            0.6585126105017385
        ],
        "median": [
            -3.830721050993355,
            0.18273456782026654,
            20.49115443032393
        ],
        "errlo": [
            -3.9043452453329297,
            0.12688906061323202,
            19.585971287918273
        ],
        "errup": [
            -3.7550082490250207,
            0.2541413089085977,
            21.070556257610725
        ],
        "information_gain_bits": [
            3.6312187909783984,
            1.6155505567549016,
            0.3666387533020539
        ]
    },
    "maximum_likelihood": {
        "logl": -5.6365594782127815,
        "point": [
            -3.8063371178632046,
            0.14058617122699668,
            21.04011402149359
        ],
        "point_untransformed": [
            0.4193662882136795,
            0.4604482598717508,
            0.29144486021337
        ]
    },
    "ncall": 11741,
    "paramnames": [
        "src1.lognorm",
        "src1.logkT",
        "src1.lognH"
    ],
    "logzerr_single": 0.13276216159933543,
    "insertion_order_MWW_test": {
        "independent_iterations": Infinity,
        "converged": true
    }
}