{
    "niter": 4594,
    "logz": -23.541230846450105,
    "logzerr": 0.2978059956802686,
    "logz_bs": -23.51783148379947,
    "logz_single": -23.541230846450105,
    "logzerr_tail": 0.022365963565896152,
    "logzerr_bs": 0.2969649385649511,
    "ess": 1536.823405186246,
    "H": 7.255930490583527,
    "Herr": 0.08641239299644188,
    "posterior": {
        "mean": [
            -4.887334300092294,
            0.7070151029806935,
            19.623731188663093
        ],
        "stdev": [
            0.03839066765842298,
            0.14999812063616788,
            0.4141075283785463
        ],
        "median": [
            -4.8872785945266415,
            0.6926940726693495,
            19.560245728137303
        ],
        "errlo": [
            -4.925271557671303,
            0.5623863584245283,
            19.171590296799312
        ],
        "errup": [
            -4.847719241295934,
            0.83978459497388,
            20.079418504910066
        ],
        "information_gain_bits": [
            3.8360116848089025,
            0.26461991910058097,
            1.4515812934458094
        ]
    },
    "maximum_likelihood": {
        "logl": -14.873423754397965,
        "point": [
            -4.890829569179053,
            0.6725839268777505,
            19.006250736067933
        ],
        "point_untransformed": [
            0.31091704308209467,
            0.6752127792254715,
            0.0008929622954190822
        ]
    },
    "ncall": 11035,
    "paramnames": [
        "src1.lognorm",
        "src1.logkT",
        "src1.lognH"
    ],
    "logzerr_single": 0.13468417214527778,
    "insertion_order_MWW_test": {
        "independent_iterations": Infinity,
        "converged": true
    }
}