{
    "niter": 4998,
    "logz": -12.712924506979418,
    "logzerr": 0.18502480119899742,
    "logz_bs": -12.76869620620403,
    "logz_single": -12.712924506979418,
    "logzerr_tail": 0.01858795497493837,
    "logzerr_bs": 0.1840887421559998,
    "ess": 1798.2670943626863,
    "H": 7.903080181715665,
    "Herr": 0.11063089684650093,
    "posterior": {
        "mean": [
            -4.601625582212389,
            0.335161112309202,
            22.3306515493027
        ],
        "stdev": [
            0.22246392692373002,
            0.2312283746968743,
            0.17533384941489985
        ],
        "median": [
            -4.611482221734796,
            0.29483948486033906,
            22.350536873683897
        ],
        "errlo": [
            -4.819780277331958,
            0.1383435252680738,
            22.1737421922377
        ],
        "errup": [
            -4.385427463351684,
            0.5180372447793706,
            22.497597681981855
        ],
        "information_gain_bits": [
            2.573843424331063,
            -1.5610915366981954,
            2.219471991094688
        ]
    },
    "maximum_likelihood": {
        "logl": -3.0227344684373056,
        "point": [
            -4.514164688475818,
            0.2210642866153698,
            22.414692572823643
        ],
        "point_untransformed": [
            0.34858353115241825,
            0.4929368250701795,
            0.4878132246890919
        ]
    },
    "ncall": 17394,
    "paramnames": [
        "src1.lognorm",
        "src1.logkT",
        "src1.lognH"
    ],
    "logzerr_single": 0.14056208754244212,
    "insertion_order_MWW_test": {
        "independent_iterations": Infinity,
        "converged": true
    }
}