{
    "niter": 6520,
    "logz": -60.540520083990245,
    "logzerr": 0.29112395754010056,
    "logz_bs": -60.545733753493515,
    "logz_single": -60.540520083990245,
    "logzerr_tail": 0.02527913174817087,
    "logzerr_bs": 0.2900243509636198,
    "ess": 1747.3119556857066,
    "H": 12.140362595348499,
    "Herr": 0.109424721793685,
    "posterior": {
        "mean": [
            -4.147603169654789,
            2.2385087064311877,
            22.377507037217658
        ],
        "stdev": [
            0.0969114133783218,
            0.16856299170701589,
            0.04540736791045151
        ],
        "median": [
            -4.1501619489846435,
            2.236204071314349,
            22.378436689873595
        ],
        "errlo": [
            -4.242756174562457,
            2.073133866995957,
            22.332411743133825
        ],
        "errup": [
            -4.051241884863815,
            2.4075974719450013,
            22.42220535420401
        ],
        "information_gain_bits": [
            3.443903577759478,
            3.2319446762877466,
            3.6872398352745415
        ]
    },
    "maximum_likelihood": {
        "logl": -46.81414248643098,
        "point": [
            -4.134156667418193,
            2.256995517118102,
            22.385373020673246
        ],
        "point_untransformed": [
            0.3865843332581807,
            0.40438427054754633,
            0.4836247172390352
        ]
    },
    "ncall": 17452,
    "paramnames": [
        "src1.lognorm",
        "pl1.PhoIndex",
        "src1.lognH"
    ],
    "logzerr_single": 0.17421511555651895,
    "insertion_order_MWW_test": {
        "independent_iterations": Infinity,
        "converged": true
    }
}