{
    "niter": 6615,
    "logz": -313.13662289365726,
    "logzerr": 0.2961888565600032,
    "logz_bs": -313.10656184334965,
    "logz_single": -313.13662289365726,
    "logzerr_tail": 0.02381400827567859,
    "logzerr_bs": 0.2952299641976879,
    "ess": 1653.694332634338,
    "H": 13.257790791186324,
    "Herr": 0.11252664459964937,
    "posterior": {
        "mean": [
            -4.70997395478616,
            2.446355016832418,
            21.52359195823126
        ],
        "stdev": [
            0.03465441675550591,
            0.09794620881999785,
            0.043928061358103204
        ],
        "median": [
            -4.7096172503135145,
            2.4455540477559268,
            21.52544924520626
        ],
        "errlo": [
            -4.746159970600851,
            2.348674910917035,
            21.481088707121653
        ],
        "errup": [
            -4.675094327215882,
            2.5432335053164845,
            21.565337787978727
        ],
        "information_gain_bits": [
            3.851292174003708,
            3.6209645187357293,
            3.759215476063775
        ]
    },
    "maximum_likelihood": {
        "logl": -298.3109107972536,
        "point": [
            -4.708292968889589,
            2.4494488444917693,
            21.528477923530836
        ],
        "point_untransformed": [
            0.32917070311104113,
            0.419188372653213,
            0.36121113193297655
        ]
    },
    "ncall": 17329,
    "paramnames": [
        "src1.lognorm",
        "pl1.PhoIndex",
        "src1.lognH"
    ],
    "logzerr_single": 0.18205624674249937,
    "insertion_order_MWW_test": {
        "independent_iterations": Infinity,
        "converged": true
    }
}