{
    "niter": 4956,
    "logz": -23.96299347849828,
    "logzerr": 0.18448722410180907,
    "logz_bs": -23.97466299600766,
    "logz_single": -23.96299347849828,
    "logzerr_tail": 0.025192907447063817,
    "logzerr_bs": 0.18275900325607708,
    "ess": 1484.1946243019886,
    "H": 8.250247819456183,
    "Herr": 0.10707903218504645,
    "posterior": {
        "mean": [
            -4.192927392129889,
            0.9065059031572249,
            22.440331072090043
        ],
        "stdev": [
            0.10445615743492365,
            0.28530128349301725,
            0.10019953706225981
        ],
        "median": [
            -4.2138350983556885,
            0.8781366082705895,
            22.443359798926615
        ],
        "errlo": [
            -4.291640409967791,
            0.5973539305153635,
            22.338120695861576
        ],
        "errup": [
            -4.08764986176146,
            1.240952813194688,
            22.54048374193336
        ],
        "information_gain_bits": [
            3.437472727809906,
            -0.6437300024939464,
            3.127953759068589
        ]
    },
    "maximum_likelihood": {
        "logl": -14.381048596760122,
        "point": [
            -4.13315688781221,
            0.6548674144192086,
            22.501421974205144
        ],
        "point_untransformed": [
            0.386684311218779,
            0.6680607222057408,
            0.5002031391721635
        ]
    },
    "ncall": 14947,
    "paramnames": [
        "src1.lognorm",
        "src1.logkT",
        "src1.lognH"
    ],
    "logzerr_single": 0.14361622313875427,
    "insertion_order_MWW_test": {
        "independent_iterations": Infinity,
        "converged": true
    }
}