{
    "niter": 5977,
    "logz": -34.1598092479519,
    "logzerr": 0.2579376933321443,
    "logz_bs": -34.17907694824221,
    "logz_single": -34.1598092479519,
    "logzerr_tail": 0.023777215573460353,
    "logzerr_bs": 0.2568394394579627,
    "ess": 1620.9285483456415,
    "H": 10.814341451506642,
    "Herr": 0.10368895929305011,
    "posterior": {
        "mean": [
            -4.138373418151056,
            2.5335294125771037,
            22.748001980768784
        ],
        "stdev": [
            0.2190619678415158,
            0.3368285021441716,
            0.06686479906182967
        ],
        "median": [
            -4.144970111753221,
            2.519010953631928,
            22.748925604926843
        ],
        "errlo": [
            -4.356718682800988,
            2.2046713845207258,
            22.682474776947515
        ],
        "errup": [
            -3.9204422818156632,
            2.870253860822862,
            22.813760781517274
        ],
        "information_gain_bits": [
            2.6182859640665805,
            2.3530411481772453,
            3.466410981727867
        ]
    },
    "maximum_likelihood": {
        "logl": -21.86909730282411,
        "point": [
            -4.152549310954054,
            2.510719074607601,
            22.747161381317778
        ],
        "point_untransformed": [
            0.3847450689045946,
            0.42390146727750777,
            0.5353087687596827
        ]
    },
    "ncall": 16324,
    "paramnames": [
        "src1.lognorm",
        "pl1.PhoIndex",
        "src1.lognH"
    ],
    "logzerr_single": 0.16442583017508716,
    "insertion_order_MWW_test": {
        "independent_iterations": Infinity,
        "converged": true
    }
}