{
    "niter": 3425,
    "logz": -63.02525277583096,
    "logzerr": 0.3217419276703356,
    "logz_bs": -62.993534531331925,
    "logz_single": -63.02525277583096,
    "logzerr_tail": 0.021829104010393507,
    "logzerr_bs": 0.32100055800438554,
    "ess": 956.5429941964387,
    "H": 9.416097787245455,
    "Herr": 0.11687130011669832,
    "posterior": {
        "mean": [
            -1.628347406011904,
            -0.16604476646113234,
            19.5696619715384
        ],
        "stdev": [
            0.08601923629472256,
            0.025668493417936478,
            0.3896193876865445
        ],
        "median": [
            -1.6262137420579785,
            -0.16613409515481825,
            19.506840507203894
        ],
        "errlo": [
            -1.7119109853217354,
            -0.1905676669436169,
            19.153926823900154
        ],
        "errup": [
            -1.547311186250635,
            -0.14112662591660197,
            20.004960006478363
        ],
        "information_gain_bits": [
            3.5247316678542666,
            3.6654222124931826,
            1.5762213190162355
        ]
    },
    "maximum_likelihood": {
        "logl": -52.262863992139465,
        "point": [
            -1.632394276680274,
            -0.16529630817376217,
            19.018648636128038
        ],
        "point_untransformed": [
            0.6367605723319726,
            0.7086759229565595,
            0.0026640908754340525
        ]
    },
    "ncall": 7321,
    "paramnames": [
        "src1.lognorm",
        "src1.logkT",
        "src1.lognH"
    ],
    "logzerr_single": 0.15342830399933918,
    "insertion_order_MWW_test": {
        "independent_iterations": Infinity,
        "converged": true
    }
}