{
    "niter": 4306,
    "logz": -21.200703979219625,
    "logzerr": 0.1966871599060436,
    "logz_bs": -21.20172678204974,
    "logz_single": -21.200703979219625,
    "logzerr_tail": 0.041629033812569105,
    "logzerr_bs": 0.192231273251096,
    "ess": 1537.8661110040675,
    "H": 6.862872547574357,
    "Herr": 0.07666570237729041,
    "posterior": {
        "mean": [
            -4.336633238893218,
            0.7029327603000841,
            19.960116654055433
        ],
        "stdev": [
            0.038084844975966974,
            0.1410537576029545,
            0.5937422801035772
        ],
        "median": [
            -4.336679823654238,
            0.6822893794624014,
            19.906315362818958
        ],
        "errlo": [
            -4.373661184777989,
            0.5748802765716736,
            19.299098761631765
        ],
        "errup": [
            -4.299695206331276,
            0.8346145058081542,
            20.642346488306895
        ],
        "information_gain_bits": [
            3.8818674830083846,
            0.313991394118537,
            0.5102307585384169
        ]
    },
    "maximum_likelihood": {
        "logl": -13.044202390914128,
        "point": [
            -4.341650124480639,
            0.6707338660505215,
            19.052836010264674
        ],
        "point_untransformed": [
            0.36583498755193616,
            0.6744659200139154,
            0.007548001466381793
        ]
    },
    "ncall": 10058,
    "paramnames": [
        "src1.lognorm",
        "src1.logkT",
        "src1.lognH"
    ],
    "logzerr_single": 0.13098542426138832,
    "insertion_order_MWW_test": {
        "independent_iterations": Infinity,
        "converged": true
    }
}