{
    "niter": 5192,
    "logz": -16.56837299062023,
    "logzerr": 0.19266571456971443,
    "logz_bs": -16.55101370499305,
    "logz_single": -16.56837299062023,
    "logzerr_tail": 0.01785772961686405,
    "logzerr_bs": 0.1918363340548126,
    "ess": 1758.4876802933989,
    "H": 8.44778799927156,
    "Herr": 0.09817688220097354,
    "posterior": {
        "mean": [
            -5.439899477151342,
            1.5662797911337887,
            21.72724231975799
        ],
        "stdev": [
            0.22087609949546488,
            0.4221789618942667,
            0.4530562980508019
        ],
        "median": [
            -5.4392941580606,
            1.5603944349198704,
            21.830275924488127
        ],
        "errlo": [
            -5.664769976836243,
            1.1306624055590007,
            21.508106511749215
        ],
        "errup": [
            -5.218292244506759,
            1.9962059553540294,
            22.028788417271596
        ],
        "information_gain_bits": [
            2.6877141989574858,
            2.047928145174631,
            0.1944586214098405
        ]
    },
    "maximum_likelihood": {
        "logl": -6.407538926829957,
        "point": [
            -5.38978504842556,
            1.6474202436283623,
            21.881169394231083
        ],
        "point_untransformed": [
            0.26102149515744394,
            0.3574938648944894,
            0.41159562774729774
        ]
    },
    "ncall": 14006,
    "paramnames": [
        "src1.lognorm",
        "pl1.PhoIndex",
        "src1.lognH"
    ],
    "logzerr_single": 0.14532539350773802,
    "insertion_order_MWW_test": {
        "independent_iterations": Infinity,
        "converged": true
    }
}