{
    "niter": 6202,
    "logz": -36.96987947819964,
    "logzerr": 0.25878921404031535,
    "logz_bs": -36.99821862583629,
    "logz_single": -36.96987947819964,
    "logzerr_tail": 0.023049998577157282,
    "logzerr_bs": 0.257760654230232,
    "ess": 1704.5326732072567,
    "H": 11.123843017524575,
    "Herr": 0.10298330170138113,
    "posterior": {
        "mean": [
            -3.9586050147624174,
            2.9371195284638736,
            22.503847226358936
        ],
        "stdev": [
            0.16259407068120427,
            0.28014157326727285,
            0.060568812632443444
        ],
        "median": [
            -3.9620157296413048,
            2.932355222818165,
            22.50573939840747
        ],
        "errlo": [
            -4.123591619197181,
            2.6484542435944194,
            22.444425955530598
        ],
        "errup": [
            -3.7922946230618555,
            3.2243477407733145,
            22.565724630389152
        ],
        "information_gain_bits": [
            3.066631719349967,
            2.7241344519407296,
            3.5491430735454794
        ]
    },
    "maximum_likelihood": {
        "logl": -24.29536429175902,
        "point": [
            -3.9644358168656497,
            2.9250727476006535,
            22.503284310922083
        ],
        "point_untransformed": [
            0.40355641831343503,
            0.4557748267385118,
            0.5004691872745836
        ]
    },
    "ncall": 17624,
    "paramnames": [
        "src1.lognorm",
        "pl1.PhoIndex",
        "src1.lognH"
    ],
    "logzerr_single": 0.16676212862581072,
    "insertion_order_MWW_test": {
        "independent_iterations": Infinity,
        "converged": true
    }
}