{
    "niter": 2318,
    "logz": -20.096006711557038,
    "logzerr": 0.24237632255400948,
    "logz_bs": -20.098136011657576,
    "logz_single": -20.096006711557038,
    "logzerr_tail": 0.05607903590577479,
    "logzerr_bs": 0.2357995408534208,
    "ess": 747.3349607739541,
    "H": 7.543604353402477,
    "Herr": 0.11853194463850004,
    "posterior": {
        "mean": [
            -2.2852911733174643,
            -0.19662139131270548,
            20.041273647389175
        ],
        "stdev": [
            0.20953803784016864,
            0.06501952067456966,
            0.6567019213740851
        ],
        "median": [
            -2.294746989983755,
            -0.19334697996190497,
            19.99375484487365
        ],
        "errlo": [
            -2.484198301112478,
            -0.2621487611629571,
            19.308224337169072
        ],
        "errup": [
            -2.089586498272827,
            -0.13438911493795258,
            20.801971558314467
        ],
        "information_gain_bits": [
            2.4665080026397947,
            2.926970149148089,
            0.17044449192813727
        ]
    },
    "maximum_likelihood": {
        "logl": -11.36330768347694,
        "point": [
            -2.3142330855419946,
            -0.18930795858827043,
            19.00067356650383
        ],
        "point_untransformed": [
            0.5685766914458006,
            0.7026730103529324,
            9.622378626185368e-05
        ]
    },
    "ncall": 5790,
    "paramnames": [
        "src1.lognorm",
        "src1.logkT",
        "src1.lognH"
    ],
    "logzerr_single": 0.13732811395889116,
    "insertion_order_MWW_test": {
        "independent_iterations": Infinity,
        "converged": true
    }
}