{
    "niter": 2676,
    "logz": -17.081944723713267,
    "logzerr": 0.26433816574659014,
    "logz_bs": -17.096250768388042,
    "logz_single": -17.081944723713267,
    "logzerr_tail": 0.03880714839765531,
    "logzerr_bs": 0.2614740352377538,
    "ess": 768.3423588829829,
    "H": 8.652975205125548,
    "Herr": 0.16472883373613995,
    "posterior": {
        "mean": [
            -0.5723299007536365,
            -0.28847471185160156,
            19.99556462948509
        ],
        "stdev": [
            0.12984530802456712,
            0.034505624094355584,
            0.6200782690534304
        ],
        "median": [
            -0.5775438262400066,
            -0.2879010869948111,
            19.95021395551551
        ],
        "errlo": [
            -0.6994675571747253,
            -0.32257640386844066,
            19.263998776628693
        ],
        "errup": [
            -0.4403558466198834,
            -0.2539202135070586,
            20.704940743030566
        ],
        "information_gain_bits": [
            3.19701094106993,
            3.5727096389762156,
            0.41505962460033397
        ]
    },
    "maximum_likelihood": {
        "logl": -7.207502177574994,
        "point": [
            -0.584138585940333,
            -0.2877231487412728,
            19.08463543814543
        ],
        "point_untransformed": [
            0.7415861414059667,
            0.6780692128146818,
            0.01209077687791861
        ]
    },
    "ncall": 5939,
    "paramnames": [
        "src1.lognorm",
        "src1.logkT",
        "src1.lognH"
    ],
    "logzerr_single": 0.14707969952652838,
    "insertion_order_MWW_test": {
        "independent_iterations": Infinity,
        "converged": true
    }
}