{
    "niter": 4595,
    "logz": -12.860186804821481,
    "logzerr": 0.18451536807011606,
    "logz_bs": -12.863743258387036,
    "logz_single": -12.860186804821481,
    "logzerr_tail": 0.01648522527131213,
    "logzerr_bs": 0.18377746978834075,
    "ess": 1606.6354570147105,
    "H": 6.913550455064504,
    "Herr": 0.10857748367904607,
    "posterior": {
        "mean": [
            -4.991316358062516,
            1.388431824339627,
            21.177769971319822
        ],
        "stdev": [
            0.26989267674515277,
            0.5078304358847975,
            0.8827954764815757
        ],
        "median": [
            -5.038462700348653,
            1.3115307652789063,
            21.505965577990985
        ],
        "errlo": [
            -5.256372632787765,
            0.8894948364673323,
            20.055067958057155
        ],
        "errup": [
            -4.711560329632798,
            1.9160394252709931,
            21.969549025257436
        ],
        "information_gain_bits": [
            2.3587708357820354,
            1.5913114678566553,
            -0.7482285670009877
        ]
    },
    "maximum_likelihood": {
        "logl": -4.250488750417015,
        "point": [
            -4.831983126654787,
            1.6544061217111414,
            21.83941147397244
        ],
        "point_untransformed": [
            0.31680168733452124,
            0.35803124013162624,
            0.4056302105674914
        ]
    },
    "ncall": 14031,
    "paramnames": [
        "src1.lognorm",
        "pl1.PhoIndex",
        "src1.lognH"
    ],
    "logzerr_single": 0.13146815636366574,
    "insertion_order_MWW_test": {
        "independent_iterations": Infinity,
        "converged": true
    }
}