{
    "niter": 4738,
    "logz": -15.068563922100687,
    "logzerr": 0.36869145018702415,
    "logz_bs": -15.064711347244506,
    "logz_single": -15.068563922100687,
    "logzerr_tail": 0.01920936707937848,
    "logzerr_bs": 0.36819069197553134,
    "ess": 1484.559884892693,
    "H": 7.446758159854881,
    "Herr": 0.13090694235529166,
    "posterior": {
        "mean": [
            -4.845553355501703,
            0.9911894892684316,
            21.805194037309935
        ],
        "stdev": [
            0.08347452952949305,
            0.28430308235283086,
            0.18133175490656778
        ],
        "median": [
            -4.849886509182019,
            0.9932998673917848,
            21.814250859575296
        ],
        "errlo": [
            -4.927013422696459,
            0.6767158728762892,
            21.635532128377996
        ],
        "errup": [
            -4.770918168736168,
            1.3166616279932777,
            21.982424689976636
        ],
        "information_gain_bits": [
            3.526372642920776,
            -0.6838271308334538,
            1.8751241952870052
        ]
    },
    "maximum_likelihood": {
        "logl": -6.32623488117164,
        "point": [
            -4.835303733215834,
            0.8033506934236563,
            21.88518771630792
        ],
        "point_untransformed": [
            0.3164696266784166,
            0.7280025917131548,
            0.41216967375827457
        ]
    },
    "ncall": 11755,
    "paramnames": [
        "src1.lognorm",
        "src1.logkT",
        "src1.lognH"
    ],
    "logzerr_single": 0.13644374445036755,
    "insertion_order_MWW_test": {
        "independent_iterations": Infinity,
        "converged": true
    }
}