{
    "niter": 5362,
    "logz": -26.342232798527174,
    "logzerr": 0.27241746988853405,
    "logz_bs": -26.383792399703832,
    "logz_single": -26.342232798527174,
    "logzerr_tail": 0.022635907101079766,
    "logzerr_bs": 0.2714754014826788,
    "ess": 1667.3095377967281,
    "H": 9.031788435731904,
    "Herr": 0.14843547476333452,
    "posterior": {
        "mean": [
            -4.608585563972278,
            1.5362746580663054,
            22.70601078023018
        ],
        "stdev": [
            0.3959808150317891,
            0.5824622832710762,
            0.15636807246080608
        ],
        "median": [
            -4.6330506694394025,
            1.509074619031637,
            22.714609841070065
        ],
        "errlo": [
            -5.00267768526045,
            0.9536106528005464,
            22.553165889903923
        ],
        "errup": [
            -4.206876985366977,
            2.13390378386378,
            22.858112791889337
        ],
        "information_gain_bits": [
            1.459055295681861,
            1.1512974384902703,
            2.2672400411955045
        ]
    },
    "maximum_likelihood": {
        "logl": -15.773520443524326,
        "point": [
            -4.573631928235791,
            1.582077176645373,
            22.732123724772865
        ],
        "point_untransformed": [
            0.34263680717642087,
            0.3524674751265672,
            0.5331605321104093
        ]
    },
    "ncall": 16034,
    "paramnames": [
        "src1.lognorm",
        "pl1.PhoIndex",
        "src1.lognH"
    ],
    "logzerr_single": 0.1502646701301732,
    "insertion_order_MWW_test": {
        "independent_iterations": Infinity,
        "converged": true
    }
}