{
    "niter": 4736,
    "logz": -16.1165340941501,
    "logzerr": 0.2273320286091014,
    "logz_bs": -16.09899826475816,
    "logz_single": -16.1165340941501,
    "logzerr_tail": 0.02148402311533104,
    "logzerr_bs": 0.22631457748521022,
    "ess": 1560.2781796308104,
    "H": 7.252995119069871,
    "Herr": 0.08796454571772676,
    "posterior": {
        "mean": [
            -4.56132131845811,
            0.8327111347199362,
            21.858379049559066
        ],
        "stdev": [
            0.11377157146864411,
            0.30999956937339185,
            0.21389104339861434
        ],
        "median": [
            -4.58072214312458,
            0.816765232246224,
            21.86109379382263
        ],
        "errlo": [
            -4.656597936183954,
            0.511997290263815,
            21.660650742315617
        ],
        "errup": [
            -4.4646027896835285,
            1.1812949191215059,
            22.061384831320872
        ],
        "information_gain_bits": [
            3.265145035128767,
            -1.425218146177389,
            1.6873362650378412
        ]
    },
    "maximum_likelihood": {
        "logl": -7.432861010853973,
        "point": [
            -4.560554737814424,
            0.6890833277097257,
            21.924629124426872
        ],
        "point_untransformed": [
            0.34394452621855753,
            0.6818734950868929,
            0.41780416063241005
        ]
    },
    "ncall": 13450,
    "paramnames": [
        "src1.lognorm",
        "src1.logkT",
        "src1.lognH"
    ],
    "logzerr_single": 0.1346569262892729,
    "insertion_order_MWW_test": {
        "independent_iterations": Infinity,
        "converged": true
    }
}