{
    "niter": 5608,
    "logz": -33.39758292526434,
    "logzerr": 0.34827919460522333,
    "logz_bs": -33.38104829579679,
    "logz_single": -33.39758292526434,
    "logzerr_tail": 0.020836542185357132,
    "logzerr_bs": 0.347655340681861,
    "ess": 1712.2360383235184,
    "H": 10.094406527147246,
    "Herr": 0.11740433159046668,
    "posterior": {
        "mean": [
            -3.954427885389998,
            0.5424148652657755,
            22.684785461725284
        ],
        "stdev": [
            0.11002642905547387,
            0.14532592666857744,
            0.0626465364797682
        ],
        "median": [
            -3.949192633610151,
            0.5173886087773669,
            22.690033918074327
        ],
        "errlo": [
            -4.0649034850910555,
            0.4193022617205686,
            22.62125644738211
        ],
        "errup": [
            -3.8443523202668572,
            0.651521379412876,
            22.746103462982845
        ],
        "information_gain_bits": [
            3.400702006819632,
            0.14536739627720932,
            3.533271464463517
        ]
    },
    "maximum_likelihood": {
        "logl": -21.58461099863667,
        "point": [
            -3.9160498489848763,
            0.4814390491127294,
            22.70581516223144
        ],
        "point_untransformed": [
            0.4083950151015123,
            0.5980486608356944,
            0.5294021660330628
        ]
    },
    "ncall": 15940,
    "paramnames": [
        "src1.lognorm",
        "src1.logkT",
        "src1.lognH"
    ],
    "logzerr_single": 0.15885847889825747,
    "insertion_order_MWW_test": {
        "independent_iterations": Infinity,
        "converged": true
    }
}