{
    "niter": 5069,
    "logz": -35.08025264264759,
    "logzerr": 0.24048948207145923,
    "logz_bs": -35.087873872090746,
    "logz_single": -35.08025264264759,
    "logzerr_tail": 0.017417950340117727,
    "logzerr_bs": 0.239857887076802,
    "ess": 1533.7084900425125,
    "H": 9.190443035720357,
    "Herr": 0.11888987835008318,
    "posterior": {
        "mean": [
            -3.5299166523440255,
            0.9878499957897955,
            23.52303684782372
        ],
        "stdev": [
            0.10904456964508567,
            0.2064346570380525,
            0.04731506063838362
        ],
        "median": [
            -3.5497971802851307,
            0.9716649916360838,
            23.521578543802416
        ],
        "errlo": [
            -3.614341069917568,
            0.8082192081754469,
            23.474816020569133
        ],
        "errup": [
            -3.4599261618923514,
            1.1892415754851036,
            23.56970849613556
        ],
        "information_gain_bits": [
            2.9891432729823486,
            -0.5187987781228091,
            3.6364593907395384
        ]
    },
    "maximum_likelihood": {
        "logl": -24.265027978777443,
        "point": [
            -3.5405206732554806,
            0.9428226694862469,
            23.523850573418855
        ],
        "point_untransformed": [
            0.445947932674452,
            0.784306648608575,
            0.6462643676312647
        ]
    },
    "ncall": 18285,
    "paramnames": [
        "src1.lognorm",
        "src1.logkT",
        "src1.lognH"
    ],
    "logzerr_single": 0.15157871746818843,
    "insertion_order_MWW_test": {
        "independent_iterations": Infinity,
        "converged": true
    }
}