{
    "niter": 4073,
    "logz": -89.49798003945723,
    "logzerr": 0.39881613162692353,
    "logz_bs": -89.49759593530881,
    "logz_single": -89.49798003945723,
    "logzerr_tail": 0.020604040230196574,
    "logzerr_bs": 0.3982835426829183,
    "ess": 1000.5243018302511,
    "H": 12.908551214772388,
    "Herr": 0.17747135627405988,
    "posterior": {
        "mean": [
            -1.1584552220142175,
            -0.1477755924714266,
            21.783016309652712
        ],
        "stdev": [
            0.0712844754126274,
            0.015502020283460372,
            0.07893158118110186
        ],
        "median": [
            -1.1598735299794143,
            -0.14779210302308687,
            21.788875830240222
        ],
        "errlo": [
            -1.2333407486599146,
            -0.16396883784399563,
            21.706759127784977
        ],
        "errup": [
            -1.0841668124728745,
            -0.13150486484928703,
            21.858891887608838
        ],
        "information_gain_bits": [
            3.6530857482626033,
            3.849974526488184,
            3.3423424422503607
        ]
    },
    "maximum_likelihood": {
        "logl": -75.00995611954451,
        "point": [
            -1.154254356541478,
            -0.14880640148311475,
            21.79293872325735
        ],
        "point_untransformed": [
            0.6845745643458522,
            0.7127983996292213,
            0.39899124617962123
        ]
    },
    "ncall": 10596,
    "paramnames": [
        "src1.lognorm",
        "src1.logkT",
        "src1.lognH"
    ],
    "logzerr_single": 0.17964236147671564,
    "insertion_order_MWW_test": {
        "independent_iterations": Infinity,
        "converged": true
    }
}