{
    "niter": 4306,
    "logz": -342.3401046847704,
    "logzerr": 0.42312276312011926,
    "logz_bs": -342.3201460151974,
    "logz_single": -342.3401046847704,
    "logzerr_tail": 0.028268091174652454,
    "logzerr_bs": 0.4221774362655424,
    "ess": 915.6985217087288,
    "H": 14.855005382404386,
    "Herr": 0.1716342024500248,
    "posterior": {
        "mean": [
            -1.033831883012503,
            0.07295005677342961,
            22.007346367722135
        ],
        "stdev": [
            0.027181848136684828,
            0.007495925348829352,
            0.026029897694278475
        ],
        "median": [
            -1.0348534171808028,
            0.07310089264246367,
            22.007374143503903
        ],
        "errlo": [
            -1.0607060641922903,
            0.0652344612301663,
            21.981109066416664
        ],
        "errup": [
            -1.00659279893849,
            0.08067033976652116,
            22.033194931221626
        ],
        "information_gain_bits": [
            3.8728444862701714,
            3.821036912922904,
            3.880056329340554
        ]
    },
    "maximum_likelihood": {
        "logl": -326.0743178819147,
        "point": [
            -1.0324294825264797,
            0.0726411651933998,
            22.00974380768556
        ],
        "point_untransformed": [
            0.696757051747352,
            0.76816029129835,
            0.42996340109793707
        ]
    },
    "ncall": 10225,
    "paramnames": [
        "src1.lognorm",
        "src1.logkT",
        "src1.lognH"
    ],
    "logzerr_single": 0.19271095831843857,
    "insertion_order_MWW_test": {
        "independent_iterations": Infinity,
        "converged": true
    }
}