{
    "niter": 6169,
    "logz": -59.16612828324425,
    "logzerr": 0.3835906400913349,
    "logz_bs": -59.17916413128603,
    "logz_single": -59.16612828324425,
    "logzerr_tail": 0.024083388928389127,
    "logzerr_bs": 0.38283386676651787,
    "ess": 1606.093047111436,
    "H": 11.680267267936678,
    "Herr": 0.1572474280522563,
    "posterior": {
        "mean": [
            -4.1681300191112225,
            2.408011487781643,
            22.457788196578345
        ],
        "stdev": [
            0.11806047854145897,
            0.19888201637875577,
            0.049922756554831714
        ],
        "median": [
            -4.166249200327059,
            2.4122532149232514,
            22.461665372668538
        ],
        "errlo": [
            -4.285204172498576,
            2.203581096624145,
            22.40748982140219
        ],
        "errup": [
            -4.05094977567693,
            2.606534553146648,
            22.506701976866857
        ],
        "information_gain_bits": [
            3.3345590946599524,
            3.1072021676152546,
            3.6444549595289932
        ]
    },
    "maximum_likelihood": {
        "logl": -46.01991325015253,
        "point": [
            -4.168228810071394,
            2.4088656666003194,
            22.458452522255637
        ],
        "point_untransformed": [
            0.3831771189928606,
            0.4160665897384861,
            0.4940646460365196
        ]
    },
    "ncall": 16891,
    "paramnames": [
        "src1.lognorm",
        "pl1.PhoIndex",
        "src1.lognH"
    ],
    "logzerr_single": 0.17088202997928628,
    "insertion_order_MWW_test": {
        "independent_iterations": Infinity,
        "converged": true
    }
}