{
    "niter": 2501,
    "logz": -18.779327686677256,
    "logzerr": 0.2548867040748411,
    "logz_bs": -18.776337844262788,
    "logz_single": -18.779327686677256,
    "logzerr_tail": 0.06328898010971784,
    "logzerr_bs": 0.24690430719371292,
    "ess": 833.3519632954782,
    "H": 7.227257250917402,
    "Herr": 0.11766507790470877,
    "posterior": {
        "mean": [
            -2.33223869286866,
            -0.12901198377100442,
            20.237931165450366
        ],
        "stdev": [
            0.20075301937696732,
            0.05933961920909261,
            0.7182975141855386
        ],
        "median": [
            -2.340549658602076,
            -0.1270853145367572,
            20.235728407023085
        ],
        "errlo": [
            -2.519762773096639,
            -0.1887382956608028,
            19.381340707602615
        ],
        "errup": [
            -2.13249484732316,
            -0.07382928708113479,
            21.038521970284556
        ],
        "information_gain_bits": [
            2.6641860958763166,
            3.0696744787687087,
            -0.13272918808393352
        ]
    },
    "maximum_likelihood": {
        "logl": -10.413604869831792,
        "point": [
            -2.3703858217009337,
            -0.1207921321846368,
            19.312394513670032
        ],
        "point_untransformed": [
            0.5629614178299066,
            0.7198019669538408,
            0.044627787667147464
        ]
    },
    "ncall": 6522,
    "paramnames": [
        "src1.lognorm",
        "src1.logkT",
        "src1.lognH"
    ],
    "logzerr_single": 0.13441779319455258,
    "insertion_order_MWW_test": {
        "independent_iterations": Infinity,
        "converged": true
    }
}