{
    "niter": 4379,
    "logz": -16.962735628309197,
    "logzerr": 0.2857029760714061,
    "logz_bs": -16.92154007827842,
    "logz_single": -16.962735628309197,
    "logzerr_tail": 0.026292185245115007,
    "logzerr_bs": 0.28449061765038053,
    "ess": 1531.906616967737,
    "H": 6.856475166879838,
    "Herr": 0.11243259295567629,
    "posterior": {
        "mean": [
            -4.078227094336325,
            0.628458661372337,
            19.67993683325849
        ],
        "stdev": [
            0.0474621421333143,
            0.15643893213363602,
            0.4563116778423394
        ],
        "median": [
            -4.078988460730845,
            0.6050824199181497,
            19.61884394384262
        ],
        "errlo": [
            -4.125324789854708,
            0.48270119677497947,
            19.1846547374499
        ],
        "errup": [
            -4.029066039358894,
            0.7761065013083526,
            20.18922898369462
        ],
        "information_gain_bits": [
            3.833978755747145,
            0.03463587097933426,
            1.2302664658200575
        ]
    },
    "maximum_likelihood": {
        "logl": -8.74042045029563,
        "point": [
            -4.078596587431507,
            0.5706850063570312,
            19.057341659341375
        ],
        "point_untransformed": [
            0.39214034125684927,
            0.6340767547670114,
            0.008191665620196478
        ]
    },
    "ncall": 9483,
    "paramnames": [
        "src1.lognorm",
        "src1.logkT",
        "src1.lognH"
    ],
    "logzerr_single": 0.1309243595256421,
    "insertion_order_MWW_test": {
        "independent_iterations": Infinity,
        "converged": true
    }
}