{
    "niter": 3664,
    "logz": -63.09471610172603,
    "logzerr": 0.2844332278716781,
    "logz_bs": -63.07084453019322,
    "logz_single": -63.09471610172603,
    "logzerr_tail": 0.023735641214436498,
    "logzerr_bs": 0.28344114107454743,
    "ess": 921.8270104434497,
    "H": 12.142822986079132,
    "Herr": 0.12756045647920822,
    "posterior": {
        "mean": [
            -1.8748018364020222,
            -0.045512555720707205,
            22.016649143062672
        ],
        "stdev": [
            0.0929274195996853,
            0.02164634655023903,
            0.0811587344878353
        ],
        "median": [
            -1.8764830276941495,
            -0.04565803236449839,
            22.020056913443117
        ],
        "errlo": [
            -1.9692187011260431,
            -0.06790043318793959,
            21.935033241475594
        ],
        "errup": [
            -1.7818099334928534,
            -0.02513702438296431,
            22.092177003562178
        ],
        "information_gain_bits": [
            3.4685982274622553,
            3.827248647579608,
            3.2821798746593083
        ]
    },
    "maximum_likelihood": {
        "logl": -49.44979856370052,
        "point": [
            -1.8602491639803702,
            -0.04921953736451057,
            22.034805666687436
        ],
        "point_untransformed": [
            0.613975083601963,
            0.7376951156588724,
            0.4335436666696339
        ]
    },
    "ncall": 9765,
    "paramnames": [
        "src1.lognorm",
        "src1.logkT",
        "src1.lognH"
    ],
    "logzerr_single": 0.17423276805812915,
    "insertion_order_MWW_test": {
        "independent_iterations": Infinity,
        "converged": true
    }
}