{
    "niter": 3654,
    "logz": -9.823351954299605,
    "logzerr": 0.17382436827736833,
    "logz_bs": -9.834376510208136,
    "logz_single": -9.823351954299605,
    "logzerr_tail": 0.04237027600165,
    "logzerr_bs": 0.16858134748117948,
    "ess": 1284.7788474345623,
    "H": 5.6240154748267495,
    "Herr": 0.08757698069040447,
    "posterior": {
        "mean": [
            -4.958941948076028,
            1.1744240992136097,
            20.34370362916462
        ],
        "stdev": [
            0.07244824318246763,
            0.20503093456600593,
            0.7703275959101812
        ],
        "median": [
            -4.958928714161806,
            1.2072642252545331,
            20.365436894910683
        ],
        "errlo": [
            -5.0313744721615725,
            0.9546866983507465,
            19.412674552136952
        ],
        "errup": [
            -4.890066084671673,
            1.3901808797838213,
            21.21761545086414
        ],
        "information_gain_bits": [
            3.5810018098740417,
            0.17918255203690617,
            -0.23098551641372966
        ]
    },
    "maximum_likelihood": {
        "logl": -3.2085007618762287,
        "point": [
            -4.924908956865555,
            1.4770065291773795,
            20.72319272259514
        ],
        "point_untransformed": [
            0.30750910431344447,
            0.9999536859400546,
            0.2461703889421631
        ]
    },
    "ncall": 8380,
    "paramnames": [
        "src1.lognorm",
        "src1.logkT",
        "src1.lognH"
    ],
    "logzerr_single": 0.1185750339956387,
    "insertion_order_MWW_test": {
        "independent_iterations": Infinity,
        "converged": true
    }
}