{
    "niter": 9362,
    "logz": -457.37701695725315,
    "logzerr": 0.5767728229927456,
    "logz_bs": -457.37922969594223,
    "logz_single": -457.37701695725315,
    "logzerr_tail": 0.009948429980511264,
    "logzerr_bs": 0.5766870191741305,
    "ess": 1861.4512408171158,
    "H": 20.118851829705022,
    "Herr": 0.1890985555803627,
    "posterior": {
        "mean": [
            -2.9824407563687534,
            -2.6735044716097955,
            0.33100623244554433,
            22.10938687872591
        ],
        "stdev": [
            0.017490289702592005,
            0.016669776676210026,
            0.01562428411887224,
            0.017883411706290226
        ],
        "median": [
            -2.982683478688652,
            -2.6733643748362406,
            0.330675208667924,
            22.110176091732328
        ],
        "errlo": [
            -2.998958988327825,
            -2.6903814522269673,
            0.3158695716028246,
            22.09159983499556
        ],
        "errup": [
            -2.965784892415577,
            -2.656839528454718,
            0.3466307359660088,
            22.127176698164057
        ],
        "information_gain_bits": [
            4.146460415045485,
            4.083811093661417,
            3.715593923381689,
            3.998975969399297
        ]
    },
    "maximum_likelihood": {
        "logl": -435.2391240188975,
        "point": [
            -2.9824555357547275,
            -2.673802671060418,
            0.3307599234620977,
            22.109711186296508
        ],
        "point_untransformed": [
            0.5017544464245273,
            0.5326197328939581,
            0.5372203403150326,
            0.44424445518521516
        ]
    },
    "ncall": 45480,
    "paramnames": [
        "src1.lognorm",
        "src2.lognorm",
        "src1.logkT",
        "src1.lognH"
    ],
    "logzerr_single": 0.22427021553086926,
    "insertion_order_MWW_test": {
        "independent_iterations": Infinity,
        "converged": true
    }
}