{
    "niter": 3866,
    "logz": -95.30495505327617,
    "logzerr": 0.48772970275597305,
    "logz_bs": -95.2767078932657,
    "logz_single": -95.30495505327617,
    "logzerr_tail": 0.009916943505899667,
    "logzerr_bs": 0.487628872383425,
    "ess": 881.1693805487718,
    "H": 14.602424090543963,
    "Herr": 0.2334278421004805,
    "posterior": {
        "mean": [
            -0.042867486376870774,
            -1.0481066629110307,
            -0.5306783063907664,
            19.47018888890447
        ],
        "stdev": [
            0.09596196440649238,
            0.10760699496460577,
            0.022278117333436667,
            0.3428911950897789
        ],
        "median": [
            -0.044224168364911165,
            -1.0500932882011593,
            -0.5300791742923283,
            19.39839830569329
        ],
        "errlo": [
            -0.14275826629416155,
            -1.1567844911778478,
            -0.5537056993215113,
            19.124228305483516
        ],
        "errup": [
            0.05485952947209505,
            -0.9425306466628225,
            -0.5070003778811327,
            19.8292457582435
        ],
        "information_gain_bits": [
            3.465088013247062,
            3.3583347295646857,
            3.8096635120680924,
            1.847479161764066
        ]
    },
    "maximum_likelihood": {
        "logl": -78.79781534720911,
        "point": [
            -0.04865347311774215,
            -1.0539169409145197,
            -0.529484114007043,
            19.0237539759628
        ],
        "point_untransformed": [
            0.7951346526882258,
            0.694608305908548,
            0.6176289714982393,
            0.003393425137542835
        ]
    },
    "ncall": 14044,
    "paramnames": [
        "src1.lognorm",
        "src2.lognorm",
        "src1.logkT",
        "src1.lognH"
    ],
    "logzerr_single": 0.19106559142441087,
    "insertion_order_MWW_test": {
        "independent_iterations": Infinity,
        "converged": true
    }
}