{
    "niter": 4205,
    "logz": -16.603042919253937,
    "logzerr": 0.26454554439268646,
    "logz_bs": -16.60225827353177,
    "logz_single": -16.603042919253937,
    "logzerr_tail": 0.014795351657074463,
    "logzerr_bs": 0.2641314873833984,
    "ess": 1440.4662093928882,
    "H": 6.06196062730681,
    "Herr": 0.10507628366020734,
    "posterior": {
        "mean": [
            -4.839900087266427,
            0.6557854036883496,
            20.2539165069477
        ],
        "stdev": [
            0.06074685405331038,
            0.2001150795675679,
            0.7243206654548564
        ],
        "median": [
            -4.840779335365619,
            0.6227796520690847,
            20.303123478504478
        ],
        "errlo": [
            -4.90009399822874,
            0.4713781418523032,
            19.366989786305105
        ],
        "errup": [
            -4.780089496008183,
            0.834348571958768,
            21.062728730396522
        ],
        "information_gain_bits": [
            3.6453417586440393,
            -0.5135011845006052,
            0.06399107253047776
        ]
    },
    "maximum_likelihood": {
        "logl": -9.205013428971814,
        "point": [
            -4.809058560987423,
            0.5272184962195818,
            21.069217024315307
        ],
        "point_untransformed": [
            0.3190941439012577,
            0.6165295676623703,
            0.2956024320450436
        ]
    },
    "ncall": 11900,
    "paramnames": [
        "src1.lognorm",
        "src1.logkT",
        "src1.lognH"
    ],
    "logzerr_single": 0.12310524590068055,
    "insertion_order_MWW_test": {
        "independent_iterations": Infinity,
        "converged": true
    }
}