{
    "niter": 2971,
    "logz": -32.22550911241365,
    "logzerr": 0.3967699613585589,
    "logz_bs": -32.218986694148406,
    "logz_single": -32.22550911241365,
    "logzerr_tail": 0.03475654838262443,
    "logzerr_bs": 0.39524471480463674,
    "ess": 830.5706857192773,
    "H": 8.992705310901027,
    "Herr": 0.16516074635558087,
    "posterior": {
        "mean": [
            -1.508650589264188,
            -0.24236144700620177,
            19.871965054263576
        ],
        "stdev": [
            0.11481806587914987,
            0.030539411860387215,
            0.5616975565447002
        ],
        "median": [
            -1.5074030325305197,
            -0.243573258783234,
            19.78175872729964
        ],
        "errlo": [
            -1.6260863532063778,
            -0.2743691758613922,
            19.23417009182561
        ],
        "errup": [
            -1.3910418500124804,
            -0.21193358427867226,
            20.517058036796463
        ],
        "information_gain_bits": [
            3.349768120005738,
            3.6204342988817007,
            0.6701782048807895
        ]
    },
    "maximum_likelihood": {
        "logl": -22.03813591290612,
        "point": [
            -1.5180220895608354,
            -0.2411048308878554,
            19.007235624962856
        ],
        "point_untransformed": [
            0.6481977910439165,
            0.6897237922780362,
            0.0010336607089793254
        ]
    },
    "ncall": 7015,
    "paramnames": [
        "src1.lognorm",
        "src1.logkT",
        "src1.lognH"
    ],
    "logzerr_single": 0.149939198601475,
    "insertion_order_MWW_test": {
        "independent_iterations": Infinity,
        "converged": true
    }
}