{
    "niter": 6732,
    "logz": -45.632027871307564,
    "logzerr": 0.3145493636813675,
    "logz_bs": -45.63639446746837,
    "logz_single": -45.632027871307564,
    "logzerr_tail": 0.009946930420326794,
    "logzerr_bs": 0.314392049466214,
    "ess": 1891.4513665510722,
    "H": 12.644034955665603,
    "Herr": 0.12884113502590738,
    "posterior": {
        "mean": [
            -3.382645034535537,
            -3.186121700935236,
            0.44467369805559914,
            21.125266989521315
        ],
        "stdev": [
            0.05010522763437769,
            0.047359789647814336,
            0.07167924912776225,
            0.2629974694621773
        ],
        "median": [
            -3.380367334080619,
            -3.184746767804746,
            0.43797751936582574,
            21.178405435478
        ],
        "errlo": [
            -3.433440760602709,
            -3.2340165134229357,
            0.3726035362740341,
            20.965980811774926
        ],
        "errup": [
            -3.3338266438996,
            -3.138624823230459,
            0.5139723949460255,
            21.318971451156255
        ],
        "information_gain_bits": [
            3.814748612816754,
            3.8173429589555252,
            2.109427441091746,
            1.2979029545007439
        ]
    },
    "maximum_likelihood": {
        "logl": -30.786653799227345,
        "point": [
            -3.366072484817927,
            -3.169924143749701,
            0.4187852802254286,
            21.241115825922705
        ],
        "point_untransformed": [
            0.46339275151820725,
            0.48300758562502993,
            0.5727556846570248,
            0.3201594037032437
        ]
    },
    "ncall": 30250,
    "paramnames": [
        "src1.lognorm",
        "src2.lognorm",
        "src1.logkT",
        "src1.lognH"
    ],
    "logzerr_single": 0.1777922590811085,
    "insertion_order_MWW_test": {
        "independent_iterations": Infinity,
        "converged": true
    }
}