{
    "niter": 9372,
    "logz": -466.95035416348105,
    "logzerr": 0.5040403293894681,
    "logz_bs": -466.92363496890243,
    "logz_single": -466.95035416348105,
    "logzerr_tail": 0.009931521724922732,
    "logzerr_bs": 0.503942475414874,
    "ess": 1796.8781724113605,
    "H": 20.396869278711677,
    "Herr": 0.19036188458545017,
    "posterior": {
        "mean": [
            -3.2139084897551045,
            -2.907512947764867,
            2.798090377548987,
            22.178340338121377
        ],
        "stdev": [
            0.028588032197727986,
            0.028104937969412404,
            0.057182772729600456,
            0.015248473860340372
        ],
        "median": [
            -3.2137824429171067,
            -2.9072802120295647,
            2.798218595893686,
            22.17874852205363
        ],
        "errlo": [
            -3.2423553389835584,
            -2.9356210615596288,
            2.739898175441347,
            22.162876288873946
        ],
        "errup": [
            -3.1850755578101575,
            -2.8795183989283517,
            2.8552367794891937,
            22.193711670234915
        ],
        "information_gain_bits": [
            4.012783660703301,
            3.8502836096942663,
            3.8579692201324742,
            4.083461269606933
        ]
    },
    "maximum_likelihood": {
        "logl": -444.5082396160493,
        "point": [
            -3.2139005237845817,
            -2.9076177506856,
            2.7968961178269316,
            22.178857369084202
        ],
        "point_untransformed": [
            0.47860994762154185,
            0.50923822493144,
            0.44591508598668705,
            0.4541224812977432
        ]
    },
    "ncall": 45923,
    "paramnames": [
        "src1.lognorm",
        "src2.lognorm",
        "pl1.PhoIndex",
        "src1.lognH"
    ],
    "logzerr_single": 0.22581446631422708,
    "insertion_order_MWW_test": {
        "independent_iterations": Infinity,
        "converged": true
    }
}