{
    "niter": 3479,
    "logz": -45.69455759375826,
    "logzerr": 0.3833028482380824,
    "logz_bs": -45.67981110278618,
    "logz_single": -45.69455759375826,
    "logzerr_tail": 0.025093607323817935,
    "logzerr_bs": 0.3824805672696385,
    "ess": 948.8500668901726,
    "H": 11.204847744356492,
    "Herr": 0.12422363748397287,
    "posterior": {
        "mean": [
            -2.395415361521591,
            0.1809434537918739,
            22.709478598720533
        ],
        "stdev": [
            0.18864574599087303,
            0.0549616860055544,
            0.09460927981943001
        ],
        "median": [
            -2.390313646584576,
            0.17642089762348467,
            22.71280314502129
        ],
        "errlo": [
            -2.5831949961946545,
            0.12733531277200055,
            22.62249785194583
        ],
        "errup": [
            -2.202326227870522,
            0.2357661584115589,
            22.808117410744654
        ],
        "information_gain_bits": [
            2.838879969962416,
            3.169033272327474,
            3.204671039055801
        ]
    },
    "maximum_likelihood": {
        "logl": -32.867647646411015,
        "point": [
            -2.3472043421291664,
            0.16530713915571926,
            22.737662028387646
        ],
        "point_untransformed": [
            0.5652795657870834,
            0.7913267847889298,
            0.5339517183410925
        ]
    },
    "ncall": 10962,
    "paramnames": [
        "src1.lognorm",
        "src1.logkT",
        "src1.lognH"
    ],
    "logzerr_single": 0.1673682149062098,
    "insertion_order_MWW_test": {
        "independent_iterations": Infinity,
        "converged": true
    }
}